island,scope,arm,window,observed_delta,ci_lower,ci_upper,contests,status,half_width,se_normal_approx,mde_50_power,mde_80_power,asymmetric
validation_2021,overall_mae,combined_exploratory,180_to_91_days,-1.928,-2.581188543195036,-1.2712534956182286,81,ok,0.655,0.3342,0.655,0.936,False
validation_2021,reform_mae,combined_exploratory,180_to_91_days,10.257,6.160108416179957,13.537477648118013,6,ok,3.6887,1.882,3.689,5.273,False
validation_2021,overall_mae,combined_exploratory,90_to_31_days,-2.05,-2.7262257829376955,-1.344665260795606,81,ok,0.6908,0.3524,0.691,0.987,False
validation_2021,reform_mae,combined_exploratory,90_to_31_days,8.518,6.944597025026493,9.52895373862523,6,ok,1.2922,0.6593,1.292,1.847,True
validation_2021,overall_mae,combined_exploratory,30_to_15_days,-6.064,-7.1783220396855745,-4.940643845987164,81,ok,1.1188,0.5708,1.119,1.599,False
validation_2021,reform_mae,combined_exploratory,30_to_15_days,9.375,5.898451315212235,12.06972748043732,6,ok,3.0856,1.5743,3.086,4.411,True
validation_2021,overall_mae,combined_exploratory,14_to_8_days,-3.596,-4.344227392127431,-2.8605107551175317,81,ok,0.7419,0.3785,0.742,1.06,False
validation_2021,reform_mae,combined_exploratory,14_to_8_days,9.375,5.898451315212235,12.06972748043732,6,ok,3.0856,1.5743,3.086,4.411,True
validation_2021,overall_mae,combined_exploratory,7_to_4_days,-4.221,-4.802639561612847,-3.602005325474443,81,ok,0.6003,0.3063,0.6,0.858,False
validation_2021,reform_mae,combined_exploratory,7_to_4_days,-18.566,-19.435298376900597,-17.688339133053624,6,ok,0.8735,0.4457,0.873,1.249,False
validation_2021,overall_mae,combined_exploratory,final_72_hours,0.0,0.0,0.0,81,structural_zero,0.0,,,,False
validation_2021,reform_mae,combined_exploratory,final_72_hours,0.0,0.0,0.0,6,structural_zero,0.0,,,,False
validation_2021,overall_mae,national_exploratory,180_to_91_days,-1.779,-2.4221174655877866,-1.1341519355653802,81,ok,0.644,0.3286,0.644,0.921,False
validation_2021,reform_mae,national_exploratory,180_to_91_days,10.112,6.118673417940133,13.238110046069465,6,ok,3.5597,1.8162,3.56,5.088,True
validation_2021,overall_mae,national_exploratory,90_to_31_days,-2.808,-3.561869722064677,-2.0235228180369362,81,ok,0.7692,0.3924,0.769,1.099,False
validation_2021,reform_mae,national_exploratory,90_to_31_days,8.691,6.872782762081796,9.774054493401355,6,ok,1.4506,0.7401,1.451,2.074,True
validation_2021,overall_mae,national_exploratory,30_to_15_days,-1.309,-1.7351965119461834,-0.9002986494272925,81,ok,0.4174,0.213,0.417,0.597,False
validation_2021,reform_mae,national_exploratory,30_to_15_days,7.561,5.623809942485597,9.025192664039409,6,ok,1.7007,0.8677,1.701,2.431,True
validation_2021,overall_mae,national_exploratory,14_to_8_days,-1.777,-2.695623111930761,-0.8078694737097539,81,ok,0.9439,0.4816,0.944,1.349,False
validation_2021,reform_mae,national_exploratory,14_to_8_days,9.163,6.621288658955972,10.497868480942966,6,ok,1.9383,0.9889,1.938,2.771,True
validation_2021,overall_mae,national_exploratory,7_to_4_days,0.0,0.0,0.0,81,structural_zero,0.0,,,,False
validation_2021,reform_mae,national_exploratory,7_to_4_days,0.0,0.0,0.0,6,structural_zero,0.0,,,,False
validation_2021,overall_mae,national_exploratory,final_72_hours,0.0,0.0,0.0,81,structural_zero,0.0,,,,False
validation_2021,reform_mae,national_exploratory,final_72_hours,0.0,0.0,0.0,6,structural_zero,0.0,,,,False
validation_2021,overall_mae,local_sensitivity,180_to_91_days,-0.869,-1.2731477562070779,-0.45399883296491184,81,ok,0.4096,0.209,0.41,0.585,False
validation_2021,reform_mae,local_sensitivity,180_to_91_days,8.347,6.243290171256853,9.566320167782857,6,ok,1.6615,0.8477,1.662,2.375,True
validation_2021,overall_mae,local_sensitivity,90_to_31_days,-1.78,-2.342500262083634,-1.2076529544519963,81,ok,0.5674,0.2895,0.567,0.811,False
validation_2021,reform_mae,local_sensitivity,90_to_31_days,7.397,6.7346407187640285,7.866717355545219,6,ok,0.566,0.2888,0.566,0.809,True
validation_2021,overall_mae,local_sensitivity,30_to_15_days,-7.844,-9.19603433339552,-6.528781629938521,81,ok,1.3336,0.6804,1.334,1.906,False
validation_2021,reform_mae,local_sensitivity,30_to_15_days,9.375,5.898451315212235,12.06972748043732,6,ok,3.0856,1.5743,3.086,4.411,True
validation_2021,overall_mae,local_sensitivity,14_to_8_days,-12.987,-14.782149938775083,-11.109941350604505,81,ok,1.8361,0.9368,1.836,2.625,False
validation_2021,reform_mae,local_sensitivity,14_to_8_days,9.375,5.898451315212235,12.06972748043732,6,ok,3.0856,1.5743,3.086,4.411,True
validation_2021,overall_mae,local_sensitivity,7_to_4_days,-4.221,-4.802639561612847,-3.602005325474443,81,ok,0.6003,0.3063,0.6,0.858,False
validation_2021,reform_mae,local_sensitivity,7_to_4_days,-18.566,-19.435298376900597,-17.688339133053624,6,ok,0.8735,0.4457,0.873,1.249,False
validation_2021,overall_mae,local_sensitivity,final_72_hours,0.0,0.0,0.0,81,structural_zero,0.0,,,,False
validation_2021,reform_mae,local_sensitivity,final_72_hours,0.0,0.0,0.0,6,structural_zero,0.0,,,,False
holdout_2026_v1,overall_mae,combined_exploratory,14_to_8_days,-0.536,-0.7785060217332066,-0.2696706970232592,81,ok,0.2544,0.1298,0.254,0.364,False
holdout_2026_v1,overall_mae,combined_exploratory,180_to_91_days,-0.311,-0.48520869815224466,-0.14432035072864088,81,ok,0.1704,0.087,0.17,0.244,False
holdout_2026_v1,overall_mae,combined_exploratory,30_to_15_days,-0.915,-1.2033067035098939,-0.637532813956884,81,ok,0.2829,0.1443,0.283,0.404,False
holdout_2026_v1,overall_mae,combined_exploratory,7_to_4_days,-2.194,-2.486693029503104,-1.8964439132233497,81,ok,0.2951,0.1506,0.295,0.422,False
holdout_2026_v1,overall_mae,combined_exploratory,90_to_31_days,-0.399,-0.5900287649660368,-0.21775941596491696,81,ok,0.1861,0.095,0.186,0.266,False
holdout_2026_v1,overall_mae,combined_exploratory,final_72_hours,-0.515,-1.1367251596654548,0.09160327405688168,81,ok,0.6142,0.3134,0.614,0.878,False
holdout_2026_v1,overall_mae,national_exploratory,14_to_8_days,-2.598,-2.909442503222837,-2.283770511421218,81,ok,0.3128,0.1596,0.313,0.447,False
holdout_2026_v1,overall_mae,national_exploratory,180_to_91_days,-0.294,-0.47705349013473963,-0.12601971788151267,81,ok,0.1755,0.0896,0.176,0.251,False
holdout_2026_v1,overall_mae,national_exploratory,30_to_15_days,-1.135,-1.6254907816245476,-0.6692395035592507,81,ok,0.4781,0.2439,0.478,0.683,False
holdout_2026_v1,overall_mae,national_exploratory,7_to_4_days,0.0,0.0,0.0,81,structural_zero,0.0,,,,False
holdout_2026_v1,overall_mae,national_exploratory,90_to_31_days,-0.429,-0.6423601868905213,-0.23025721902447097,81,ok,0.2061,0.1051,0.206,0.295,False
holdout_2026_v1,overall_mae,national_exploratory,final_72_hours,-0.018,-0.031094465515380264,-0.0033547145864395002,81,ok,0.0139,0.0071,0.014,0.02,False
holdout_2026_v2,overall_mae,combined_exploratory,14_to_8_days,-0.325,-0.5690424588342827,-0.058479890361581965,81,ok,0.2553,0.1302,0.255,0.365,False
holdout_2026_v2,overall_mae,combined_exploratory,180_to_91_days,-0.575,-0.9339297274511013,-0.24461897894258372,81,ok,0.3447,0.1758,0.345,0.493,False
holdout_2026_v2,overall_mae,combined_exploratory,30_to_15_days,0.134,0.09488590564118993,0.16891566284479353,81,ok,0.037,0.0189,0.037,0.053,False
holdout_2026_v2,overall_mae,combined_exploratory,7_to_4_days,-0.01,-0.017655948732009152,-0.0019190265864081934,81,ok,0.0079,0.004,0.008,0.011,False
holdout_2026_v2,overall_mae,combined_exploratory,90_to_31_days,0.24,0.07808480936022717,0.3866370375077725,81,ok,0.1543,0.0787,0.154,0.221,False
holdout_2026_v2,overall_mae,combined_exploratory,final_72_hours,0.188,-0.22980032726530145,0.5837575908056911,81,ok,0.4068,0.2075,0.407,0.581,False
holdout_2026_v2,overall_mae,national_exploratory,14_to_8_days,0.005,0.0007939703572154678,0.009040835168099302,81,ok,0.0041,0.0021,0.004,0.006,False
holdout_2026_v2,overall_mae,national_exploratory,180_to_91_days,-0.59,-0.9471987802055074,-0.2625241165328529,81,ok,0.3423,0.1747,0.342,0.489,False
holdout_2026_v2,overall_mae,national_exploratory,30_to_15_days,-0.016,-0.12374563576294237,0.09907980086161194,81,ok,0.1114,0.0568,0.111,0.159,False
holdout_2026_v2,overall_mae,national_exploratory,7_to_4_days,0.0,0.0,0.0,81,structural_zero,0.0,,,,False
holdout_2026_v2,overall_mae,national_exploratory,90_to_31_days,0.268,0.10875540223257289,0.4110124924971176,81,ok,0.1511,0.0771,0.151,0.216,False
holdout_2026_v2,overall_mae,national_exploratory,final_72_hours,-0.023,-0.038631988719444885,-0.008030560790864139,81,ok,0.0153,0.0078,0.015,0.022,False
validation_2021,reform_level,combined_exploratory,14_to_8_days,-9.375,-12.4937,-5.3806,81,ok,3.5566,1.8146,3.557,5.084,False
validation_2021,reform_vs_group_contrast,combined_exploratory,14_to_8_days,-12.53,-15.8988,-8.5178,81,ok,3.6905,1.8829,3.691,5.275,False
validation_2021,reform_level,combined_exploratory,180_to_91_days,-10.257,-13.9646,-5.8122,81,ok,4.0762,2.0797,4.076,5.827,False
validation_2021,reform_vs_group_contrast,combined_exploratory,180_to_91_days,-12.972,-16.7937,-8.0516,81,ok,4.3711,2.2302,4.371,6.248,False
validation_2021,reform_level,combined_exploratory,30_to_15_days,-9.375,-12.4831,-5.5266,81,ok,3.4783,1.7746,3.478,4.972,False
validation_2021,reform_vs_group_contrast,combined_exploratory,30_to_15_days,-15.141,-18.4418,-11.0599,81,ok,3.6909,1.8832,3.691,5.276,False
validation_2021,reform_level,combined_exploratory,7_to_4_days,18.566,17.5695,19.5168,81,ok,0.9736,0.4968,0.974,1.392,False
validation_2021,reform_vs_group_contrast,combined_exploratory,7_to_4_days,10.275,9.205,11.464,81,ok,1.1295,0.5763,1.13,1.615,False
validation_2021,reform_level,combined_exploratory,90_to_31_days,-9.142,-9.6071,-8.7,81,ok,0.4536,0.2314,0.454,0.648,False
validation_2021,reform_vs_group_contrast,combined_exploratory,90_to_31_days,-11.385,-12.2865,-10.2504,81,ok,1.018,0.5194,1.018,1.455,False
validation_2021,reform_level,combined_exploratory,final_72_hours,0.0,0.0,0.0,81,structural_zero,0.0,,,,False
validation_2021,reform_vs_group_contrast,combined_exploratory,final_72_hours,0.0,0.0,0.0,81,structural_zero,0.0,,,,False
validation_2021,reform_level,local_sensitivity,14_to_8_days,-9.375,-12.3493,-5.3646,81,ok,3.4923,1.7818,3.492,4.992,False
validation_2021,reform_vs_group_contrast,local_sensitivity,14_to_8_days,-18.61,-22.3767,-13.713,81,ok,4.3319,2.2102,4.332,6.192,False
validation_2021,reform_level,local_sensitivity,180_to_91_days,-9.464,-9.7357,-8.9226,81,ok,0.4066,0.2074,0.407,0.581,False
validation_2021,reform_vs_group_contrast,local_sensitivity,180_to_91_days,-10.615,-11.3465,-9.5385,81,ok,0.904,0.4612,0.904,1.292,False
validation_2021,reform_level,local_sensitivity,30_to_15_days,-9.375,-12.4522,-5.3506,81,ok,3.5508,1.8117,3.551,5.076,False
validation_2021,reform_vs_group_contrast,local_sensitivity,30_to_15_days,-13.146,-16.6569,-8.819,81,ok,3.9189,1.9995,3.919,5.602,False
validation_2021,reform_level,local_sensitivity,7_to_4_days,18.566,17.5649,19.561,81,ok,0.998,0.5092,0.998,1.427,False
validation_2021,reform_vs_group_contrast,local_sensitivity,7_to_4_days,10.275,9.1851,11.4519,81,ok,1.1334,0.5783,1.133,1.62,False
validation_2021,reform_level,local_sensitivity,90_to_31_days,-7.64,-7.9081,-7.4316,81,ok,0.2382,0.1216,0.238,0.341,False
validation_2021,reform_vs_group_contrast,local_sensitivity,90_to_31_days,-9.133,-10.3369,-7.9358,81,ok,1.2005,0.6125,1.201,1.716,False
validation_2021,reform_level,local_sensitivity,final_72_hours,0.0,0.0,0.0,81,structural_zero,0.0,,,,False
validation_2021,reform_vs_group_contrast,local_sensitivity,final_72_hours,0.0,0.0,0.0,81,structural_zero,0.0,,,,False
validation_2021,reform_level,national_exploratory,14_to_8_days,-10.413,-10.5279,-8.0621,81,ok,1.2329,0.629,1.233,1.762,False
validation_2021,reform_vs_group_contrast,national_exploratory,14_to_8_days,-13.21,-14.4947,-10.4378,81,ok,2.0285,1.0349,2.028,2.899,False
validation_2021,reform_level,national_exploratory,180_to_91_days,-10.639,-14.4829,-5.8215,81,ok,4.3307,2.2096,4.331,6.19,False
validation_2021,reform_vs_group_contrast,national_exploratory,180_to_91_days,-13.199,-17.1433,-7.8922,81,ok,4.6256,2.36,4.626,6.612,False
validation_2021,reform_level,national_exploratory,30_to_15_days,-8.736,-9.4919,-7.4092,81,ok,1.0413,0.5313,1.041,1.489,False
validation_2021,reform_vs_group_contrast,national_exploratory,30_to_15_days,-10.284,-11.4332,-8.9716,81,ok,1.2308,0.628,1.231,1.759,False
validation_2021,reform_level,national_exploratory,7_to_4_days,0.0,0.0,0.0,81,structural_zero,0.0,,,,False
validation_2021,reform_vs_group_contrast,national_exploratory,7_to_4_days,0.0,0.0,0.0,81,structural_zero,0.0,,,,False
validation_2021,reform_level,national_exploratory,90_to_31_days,-9.476,-9.8561,-9.0068,81,ok,0.4246,0.2167,0.425,0.607,False
validation_2021,reform_vs_group_contrast,national_exploratory,90_to_31_days,-12.758,-13.6482,-11.5363,81,ok,1.0559,0.5388,1.056,1.509,False
validation_2021,reform_level,national_exploratory,final_72_hours,0.0,0.0,0.0,81,structural_zero,0.0,,,,False
validation_2021,reform_vs_group_contrast,national_exploratory,final_72_hours,0.0,0.0,0.0,81,structural_zero,0.0,,,,False
holdout_2026_v2,reform_level,combined_exploratory,14_to_8_days,3.827,2.1919,5.3062,81,ok,1.5571,0.7945,1.557,2.226,False
holdout_2026_v2,reform_vs_group_contrast,combined_exploratory,14_to_8_days,3.873,2.2107,5.4656,81,ok,1.6275,0.8303,1.627,2.326,False
holdout_2026_v2,reform_level,combined_exploratory,180_to_91_days,4.633,4.5915,4.6725,81,ok,0.0405,0.0207,0.041,0.058,False
holdout_2026_v2,reform_vs_group_contrast,combined_exploratory,180_to_91_days,5.388,4.7903,6.0452,81,ok,0.6275,0.3201,0.627,0.897,False
holdout_2026_v2,reform_level,combined_exploratory,30_to_15_days,0.493,0.4771,0.5096,81,ok,0.0163,0.0083,0.016,0.023,False
holdout_2026_v2,reform_vs_group_contrast,combined_exploratory,30_to_15_days,0.806,0.7854,0.8815,81,ok,0.048,0.0245,0.048,0.069,False
holdout_2026_v2,reform_level,combined_exploratory,7_to_4_days,-0.033,-0.0401,-0.0242,81,ok,0.0079,0.0041,0.008,0.011,False
holdout_2026_v2,reform_vs_group_contrast,combined_exploratory,7_to_4_days,-0.06,-0.0712,0.0004,81,ok,0.0358,0.0183,0.036,0.051,False
holdout_2026_v2,reform_level,combined_exploratory,90_to_31_days,1.836,1.8116,1.8588,81,ok,0.0236,0.012,0.024,0.034,False
holdout_2026_v2,reform_vs_group_contrast,combined_exploratory,90_to_31_days,2.822,2.7876,3.1882,81,ok,0.2003,0.1022,0.2,0.286,False
holdout_2026_v2,reform_level,combined_exploratory,final_72_hours,3.426,3.3809,3.4689,81,ok,0.044,0.0224,0.044,0.063,False
holdout_2026_v2,reform_vs_group_contrast,combined_exploratory,final_72_hours,4.828,3.8223,5.8611,81,ok,1.0194,0.5201,1.019,1.457,False
holdout_2026_v2,reform_level,national_exploratory,14_to_8_days,0.017,0.0129,0.0213,81,ok,0.0042,0.0021,0.004,0.006,False
holdout_2026_v2,reform_vs_group_contrast,national_exploratory,14_to_8_days,0.032,-0.0006,0.0374,81,ok,0.019,0.0097,0.019,0.027,False
holdout_2026_v2,reform_level,national_exploratory,180_to_91_days,4.716,4.6738,4.7556,81,ok,0.0409,0.0209,0.041,0.058,False
holdout_2026_v2,reform_vs_group_contrast,national_exploratory,180_to_91_days,5.491,4.9088,6.1226,81,ok,0.6069,0.3096,0.607,0.868,False
holdout_2026_v2,reform_level,national_exploratory,30_to_15_days,0.633,0.5243,0.7455,81,ok,0.1106,0.0564,0.111,0.158,False
holdout_2026_v2,reform_vs_group_contrast,national_exploratory,30_to_15_days,0.385,0.1619,0.7994,81,ok,0.3187,0.1626,0.319,0.456,False
holdout_2026_v2,reform_level,national_exploratory,7_to_4_days,0.0,0.0,0.0,81,structural_zero,0.0,,,,False
holdout_2026_v2,reform_vs_group_contrast,national_exploratory,7_to_4_days,0.0,0.0,0.0,81,structural_zero,0.0,,,,False
holdout_2026_v2,reform_level,national_exploratory,90_to_31_days,1.767,1.7361,1.7996,81,ok,0.0318,0.0162,0.032,0.045,False
holdout_2026_v2,reform_vs_group_contrast,national_exploratory,90_to_31_days,2.777,2.7336,3.1147,81,ok,0.1905,0.0972,0.191,0.272,False
holdout_2026_v2,reform_level,national_exploratory,final_72_hours,-0.066,-0.0814,-0.0497,81,ok,0.0158,0.0081,0.016,0.023,False
holdout_2026_v2,reform_vs_group_contrast,national_exploratory,final_72_hours,-0.12,-0.1427,-0.0031,81,ok,0.0698,0.0356,0.07,0.1,False
