article_id,election_id,effective_date,date_status,date_source,known_irrelevant_flag,notes
NEWS-farnham_herald-00ee3f3b2253,surrey-county-council-by-election-haslemere-2026-07-07,2025-09-23,usable,raw_record_confidence,no,
NEWS-farnham_herald-0121dd477728,surrey-county-council-by-election-haslemere-2026-07-07,2023-11-17,usable,raw_record_confidence,no,
NEWS-farnham_herald-01e4cf6d6150,surrey-county-council-by-election-haslemere-2026-07-07,2025-01-15,usable,raw_record_confidence,no,
NEWS-farnham_herald-01ecbe59a753,surrey-county-council-by-election-haslemere-2026-07-07,2025-12-18,usable,raw_record_confidence,no,
NEWS-farnham_herald-037816c21a36,surrey-county-council-by-election-haslemere-2026-07-07,2024-04-22,usable,raw_record_confidence,no,
NEWS-farnham_herald-040e76885ec7,surrey-county-council-by-election-haslemere-2026-07-07,2023-03-01,usable,raw_record_confidence,no,
NEWS-farnham_herald-0540727ecd43,surrey-county-council-by-election-haslemere-2026-07-07,2024-04-30,usable,raw_record_confidence,no,
NEWS-farnham_herald-06c05ed05dbb,surrey-county-council-by-election-haslemere-2026-07-07,2025-12-16,usable,raw_record_confidence,no,
NEWS-farnham_herald-06fd252cfd52,surrey-county-council-by-election-haslemere-2026-07-07,2023-11-15,usable,raw_record_confidence,no,
NEWS-farnham_herald-078a0a74828c,surrey-county-council-by-election-haslemere-2026-07-07,2026-01-20,usable,raw_record_confidence,no,
NEWS-farnham_herald-07ac7e17c4e4,surrey-county-council-by-election-haslemere-2026-07-07,2025-01-14,usable,raw_record_confidence,no,
NEWS-farnham_herald-07e3e209c404,surrey-county-council-by-election-haslemere-2026-07-07,2024-03-07,usable,raw_record_confidence,no,
NEWS-farnham_herald-08117a932645,surrey-county-council-by-election-haslemere-2026-07-07,,no_date_evidence,,no,date_confidence='Missing'; rule E1 excludes this record rather than guessing a date
NEWS-farnham_herald-083016a2264a,surrey-county-council-by-election-haslemere-2026-07-07,2025-05-23,usable,raw_record_confidence,no,
NEWS-farnham_herald-094ed14c949d,surrey-county-council-by-election-haslemere-2026-07-07,2023-04-26,usable,raw_record_confidence,no,
NEWS-farnham_herald-0acfea8a9048,surrey-county-council-by-election-haslemere-2026-07-07,2023-06-07,usable,raw_record_confidence,no,
NEWS-farnham_herald-0b9f7c98bcef,surrey-county-council-by-election-haslemere-2026-07-07,2023-03-02,usable,raw_record_confidence,no,
NEWS-farnham_herald-0bd2736190d3,surrey-county-council-by-election-haslemere-2026-07-07,2023-08-31,usable,raw_record_confidence,no,
NEWS-farnham_herald-0cb15e6bd215,surrey-county-council-by-election-haslemere-2026-07-07,2026-03-03,usable,raw_record_confidence,no,
NEWS-farnham_herald-0d80cc3f210e,surrey-county-council-by-election-haslemere-2026-07-07,2025-01-08,usable,raw_record_confidence,no,
NEWS-farnham_herald-0da095353209,surrey-county-council-by-election-haslemere-2026-07-07,2025-12-19,usable,raw_record_confidence,no,
NEWS-farnham_herald-0dcb140ec304,surrey-county-council-by-election-haslemere-2026-07-07,2025-08-08,usable,raw_record_confidence,no,
NEWS-farnham_herald-0f331129f096,surrey-county-council-by-election-haslemere-2026-07-07,2023-11-01,usable,raw_record_confidence,no,
NEWS-farnham_herald-0f4352a4344c,surrey-county-council-by-election-haslemere-2026-07-07,2025-04-16,usable,raw_record_confidence,no,
NEWS-farnham_herald-0f9ab2e279e2,surrey-county-council-by-election-haslemere-2026-07-07,2025-12-29,usable,raw_record_confidence,no,
NEWS-farnham_herald-100ebbb95ea4,surrey-county-council-by-election-haslemere-2026-07-07,,no_date_evidence,,no,date_confidence='Missing'; rule E1 excludes this record rather than guessing a date
NEWS-farnham_herald-11316d7c2354,surrey-county-council-by-election-haslemere-2026-07-07,2025-10-14,usable,raw_record_confidence,no,
NEWS-farnham_herald-115163277c09,surrey-county-council-by-election-haslemere-2026-07-07,2025-05-21,usable,raw_record_confidence,no,
NEWS-farnham_herald-11f979bf8151,surrey-county-council-by-election-haslemere-2026-07-07,2024-05-22,usable,raw_record_confidence,no,
NEWS-farnham_herald-125cf3ba8c66,surrey-county-council-by-election-haslemere-2026-07-07,2026-01-05,usable,raw_record_confidence,no,
NEWS-farnham_herald-12e0ab41569a,surrey-county-council-by-election-haslemere-2026-07-07,2025-06-14,usable,raw_record_confidence,no,
NEWS-farnham_herald-12e24e2c2647,surrey-county-council-by-election-haslemere-2026-07-07,2024-09-24,usable,raw_record_confidence,no,
NEWS-farnham_herald-12e61ba9e836,surrey-county-council-by-election-haslemere-2026-07-07,2026-06-09,usable,raw_record_confidence,no,
NEWS-farnham_herald-1417d9a00f64,surrey-county-council-by-election-haslemere-2026-07-07,2025-09-23,usable,raw_record_confidence,no,
NEWS-farnham_herald-153b5306c8cc,surrey-county-council-by-election-haslemere-2026-07-07,2025-09-02,usable,raw_record_confidence,no,
NEWS-farnham_herald-15d5599fa965,surrey-county-council-by-election-haslemere-2026-07-07,2024-03-11,usable,raw_record_confidence,no,
NEWS-farnham_herald-16156459c6b9,surrey-county-council-by-election-haslemere-2026-07-07,2023-09-27,usable,raw_record_confidence,no,
NEWS-farnham_herald-166fc923f85f,surrey-county-council-by-election-haslemere-2026-07-07,2023-11-22,usable,raw_record_confidence,no,
NEWS-farnham_herald-16ba75ac962b,surrey-county-council-by-election-haslemere-2026-07-07,2023-08-30,usable,raw_record_confidence,no,
NEWS-farnham_herald-16efe6b7e01b,surrey-county-council-by-election-haslemere-2026-07-07,2023-12-27,usable,raw_record_confidence,no,
NEWS-farnham_herald-183eeaffadaf,surrey-county-council-by-election-haslemere-2026-07-07,2025-04-02,usable,raw_record_confidence,no,
NEWS-farnham_herald-19039396ac53,surrey-county-council-by-election-haslemere-2026-07-07,2024-03-11,usable,raw_record_confidence,no,
NEWS-farnham_herald-1c0ebdeb3982,surrey-county-council-by-election-haslemere-2026-07-07,2024-04-29,usable,raw_record_confidence,no,
NEWS-farnham_herald-1e4cc9da3577,surrey-county-council-by-election-haslemere-2026-07-07,,no_date_evidence,,no,date_confidence='Missing'; rule E1 excludes this record rather than guessing a date
NEWS-farnham_herald-1e6683cf651f,surrey-county-council-by-election-haslemere-2026-07-07,2021-09-24,usable,raw_record_confidence,no,
NEWS-farnham_herald-1f19eb32362f,surrey-county-council-by-election-haslemere-2026-07-07,2023-08-23,usable,raw_record_confidence,no,
NEWS-farnham_herald-1f285c421dd1,surrey-county-council-by-election-haslemere-2026-07-07,2025-01-21,usable,raw_record_confidence,no,
NEWS-farnham_herald-201dcd429a7a,surrey-county-council-by-election-haslemere-2026-07-07,2023-11-26,usable,raw_record_confidence,no,
NEWS-farnham_herald-20916e4aa642,surrey-county-council-by-election-haslemere-2026-07-07,2024-06-06,usable,raw_record_confidence,no,
NEWS-farnham_herald-20d106b5d47e,surrey-county-council-by-election-haslemere-2026-07-07,2024-02-21,usable,raw_record_confidence,no,
NEWS-farnham_herald-20f72fa46acb,surrey-county-council-by-election-haslemere-2026-07-07,2026-01-19,usable,raw_record_confidence,no,
NEWS-farnham_herald-225b7a032f93,surrey-county-council-by-election-haslemere-2026-07-07,2020-07-12,usable,raw_record_confidence,no,
NEWS-farnham_herald-23800c738171,surrey-county-council-by-election-haslemere-2026-07-07,2026-02-24,usable,raw_record_confidence,no,
NEWS-farnham_herald-23c9c58aaa43,surrey-county-council-by-election-haslemere-2026-07-07,2023-04-23,usable,raw_record_confidence,no,
NEWS-farnham_herald-24acc2e9ca66,surrey-county-council-by-election-haslemere-2026-07-07,2026-03-31,usable,raw_record_confidence,no,
NEWS-farnham_herald-276d504b0d96,surrey-county-council-by-election-haslemere-2026-07-07,2022-12-13,usable,raw_record_confidence,no,
NEWS-farnham_herald-279ee937ee76,surrey-county-council-by-election-haslemere-2026-07-07,2025-07-29,usable,raw_record_confidence,no,
NEWS-farnham_herald-2967135bc585,surrey-county-council-by-election-haslemere-2026-07-07,2023-05-18,usable,raw_record_confidence,no,
NEWS-farnham_herald-2a1732743f17,surrey-county-council-by-election-haslemere-2026-07-07,2023-07-13,usable,raw_record_confidence,no,
NEWS-farnham_herald-2d0690365e90,surrey-county-council-by-election-haslemere-2026-07-07,2024-08-26,usable,raw_record_confidence,no,
NEWS-farnham_herald-2d42cda8164a,surrey-county-council-by-election-haslemere-2026-07-07,2026-05-27,usable,raw_record_confidence,no,
NEWS-farnham_herald-2d4e660cdbe7,surrey-county-council-by-election-haslemere-2026-07-07,2023-07-05,usable,raw_record_confidence,no,
NEWS-farnham_herald-2dc50701dfcb,surrey-county-council-by-election-haslemere-2026-07-07,2024-05-01,usable,raw_record_confidence,no,
NEWS-farnham_herald-304e5b068e06,surrey-county-council-by-election-haslemere-2026-07-07,2025-12-02,usable,raw_record_confidence,no,
NEWS-farnham_herald-31271feea83e,surrey-county-council-by-election-haslemere-2026-07-07,2026-05-18,usable,raw_record_confidence,no,
NEWS-farnham_herald-337ff5648c44,surrey-county-council-by-election-haslemere-2026-07-07,2024-05-03,usable,raw_record_confidence,no,
NEWS-farnham_herald-33ab20edcc9b,surrey-county-council-by-election-haslemere-2026-07-07,2025-02-04,usable,raw_record_confidence,no,
NEWS-farnham_herald-34677d324c56,surrey-county-council-by-election-haslemere-2026-07-07,2022-12-15,usable,raw_record_confidence,no,
NEWS-farnham_herald-34bc41760dd3,surrey-county-council-by-election-haslemere-2026-07-07,2024-11-12,usable,raw_record_confidence,no,
NEWS-farnham_herald-34cbf5d99ad2,surrey-county-council-by-election-haslemere-2026-07-07,2026-04-29,usable,raw_record_confidence,no,
NEWS-farnham_herald-359397629d69,surrey-county-council-by-election-haslemere-2026-07-07,2026-04-08,usable,raw_record_confidence,no,
NEWS-farnham_herald-3596d0a70d23,surrey-county-council-by-election-haslemere-2026-07-07,2025-03-24,usable,raw_record_confidence,no,
NEWS-farnham_herald-35c38d457328,surrey-county-council-by-election-haslemere-2026-07-07,2023-08-31,usable,raw_record_confidence,no,
NEWS-farnham_herald-35f4bed02178,surrey-county-council-by-election-haslemere-2026-07-07,2025-01-28,usable,raw_record_confidence,no,
NEWS-farnham_herald-36842e17bdd8,surrey-county-council-by-election-haslemere-2026-07-07,2025-12-15,usable,raw_record_confidence,no,
NEWS-farnham_herald-390ade61c4eb,surrey-county-council-by-election-haslemere-2026-07-07,2023-10-26,usable,raw_record_confidence,no,
NEWS-farnham_herald-3b051fbd7e38,surrey-county-council-by-election-haslemere-2026-07-07,2026-04-14,usable,raw_record_confidence,no,
NEWS-farnham_herald-3b77abf419de,surrey-county-council-by-election-haslemere-2026-07-07,2025-05-07,usable,raw_record_confidence,no,
NEWS-farnham_herald-3c8df6e504e3,surrey-county-council-by-election-haslemere-2026-07-07,2025-11-04,usable,raw_record_confidence,no,
NEWS-farnham_herald-3d13e5e0c87a,surrey-county-council-by-election-haslemere-2026-07-07,2024-12-10,usable,raw_record_confidence,no,
NEWS-farnham_herald-3e93d2dd9d31,surrey-county-council-by-election-haslemere-2026-07-07,2023-08-02,usable,raw_record_confidence,no,
NEWS-farnham_herald-3fe3e2db5e49,surrey-county-council-by-election-haslemere-2026-07-07,2022-12-08,usable,raw_record_confidence,no,
NEWS-farnham_herald-4058b42d2e86,surrey-county-council-by-election-haslemere-2026-07-07,2024-04-24,usable,raw_record_confidence,no,
NEWS-farnham_herald-418f1372ccab,surrey-county-council-by-election-haslemere-2026-07-07,2023-10-08,usable,raw_record_confidence,no,
NEWS-farnham_herald-44d96089bcfc,surrey-county-council-by-election-haslemere-2026-07-07,2026-06-19,usable,raw_record_confidence,no,
NEWS-farnham_herald-44e3e382ca17,surrey-county-council-by-election-haslemere-2026-07-07,2024-04-01,usable,raw_record_confidence,no,
NEWS-farnham_herald-463e07c950b3,surrey-county-council-by-election-haslemere-2026-07-07,2023-06-16,usable,raw_record_confidence,no,
NEWS-farnham_herald-46781b2a391e,surrey-county-council-by-election-haslemere-2026-07-07,2023-05-04,usable,raw_record_confidence,no,
NEWS-farnham_herald-46e832a68de4,surrey-county-council-by-election-haslemere-2026-07-07,2025-04-02,usable,raw_record_confidence,no,
NEWS-farnham_herald-4770e3363c50,surrey-county-council-by-election-haslemere-2026-07-07,2024-01-31,usable,raw_record_confidence,no,
NEWS-farnham_herald-47c3e5bb65d4,surrey-county-council-by-election-haslemere-2026-07-07,2023-11-15,usable,raw_record_confidence,no,
NEWS-farnham_herald-487d27f66001,surrey-county-council-by-election-haslemere-2026-07-07,2025-03-28,usable,raw_record_confidence,no,
NEWS-farnham_herald-48a5dbe13965,surrey-county-council-by-election-haslemere-2026-07-07,2025-03-12,usable,raw_record_confidence,no,
NEWS-farnham_herald-48bd77b487fb,surrey-county-council-by-election-haslemere-2026-07-07,2025-12-08,usable,raw_record_confidence,no,
NEWS-farnham_herald-48cdaad2ac0a,surrey-county-council-by-election-haslemere-2026-07-07,2024-03-21,usable,raw_record_confidence,no,
NEWS-farnham_herald-48e770ab1de6,surrey-county-council-by-election-haslemere-2026-07-07,2024-01-10,usable,raw_record_confidence,no,
NEWS-farnham_herald-49c460a49b11,surrey-county-council-by-election-haslemere-2026-07-07,2025-12-29,usable,raw_record_confidence,no,
NEWS-farnham_herald-49d3bbe9eec2,surrey-county-council-by-election-haslemere-2026-07-07,2026-02-03,usable,raw_record_confidence,no,
NEWS-farnham_herald-4a12bff932ef,surrey-county-council-by-election-haslemere-2026-07-07,2024-11-05,usable,raw_record_confidence,no,
NEWS-farnham_herald-4a1c6d55bf32,surrey-county-council-by-election-haslemere-2026-07-07,2025-08-29,usable,raw_record_confidence,no,
NEWS-farnham_herald-4a7fa70d62d1,surrey-county-council-by-election-haslemere-2026-07-07,2026-05-18,usable,raw_record_confidence,no,
NEWS-farnham_herald-4bcded977a24,surrey-county-council-by-election-haslemere-2026-07-07,2026-02-25,usable,raw_record_confidence,no,
NEWS-farnham_herald-4c40150a0e39,surrey-county-council-by-election-haslemere-2026-07-07,2023-01-10,usable,raw_record_confidence,no,
NEWS-farnham_herald-50c2691fe569,surrey-county-council-by-election-haslemere-2026-07-07,2024-02-02,usable,raw_record_confidence,no,
NEWS-farnham_herald-524fa18c6640,surrey-county-council-by-election-haslemere-2026-07-07,2025-07-03,usable,raw_record_confidence,no,
NEWS-farnham_herald-524fe0dcfc21,surrey-county-council-by-election-haslemere-2026-07-07,2024-04-25,usable,raw_record_confidence,no,
NEWS-farnham_herald-527413c434e4,surrey-county-council-by-election-haslemere-2026-07-07,2025-05-08,usable,raw_record_confidence,no,
NEWS-farnham_herald-5508b1312c39,surrey-county-council-by-election-haslemere-2026-07-07,2025-10-15,usable,raw_record_confidence,no,
NEWS-farnham_herald-55cd748ff480,surrey-county-council-by-election-haslemere-2026-07-07,2023-04-24,usable,raw_record_confidence,no,
NEWS-farnham_herald-565b3cf8c301,surrey-county-council-by-election-haslemere-2026-07-07,2025-06-03,usable,raw_record_confidence,no,
NEWS-farnham_herald-58f98f32bd3a,surrey-county-council-by-election-haslemere-2026-07-07,2026-06-10,usable,raw_record_confidence,no,
NEWS-farnham_herald-5a8164cf1870,surrey-county-council-by-election-haslemere-2026-07-07,2025-07-03,usable,raw_record_confidence,no,
NEWS-farnham_herald-5c8d8c7fc8b0,surrey-county-council-by-election-haslemere-2026-07-07,2021-07-02,usable,raw_record_confidence,no,
NEWS-farnham_herald-5ce983889486,surrey-county-council-by-election-haslemere-2026-07-07,2025-06-24,usable,raw_record_confidence,no,
NEWS-farnham_herald-5d7792c5c5a8,surrey-county-council-by-election-haslemere-2026-07-07,2023-03-22,usable,raw_record_confidence,no,
NEWS-farnham_herald-5de3c05081c1,surrey-county-council-by-election-haslemere-2026-07-07,,no_date_evidence,,no,date_confidence='Missing'; rule E1 excludes this record rather than guessing a date
NEWS-farnham_herald-5e0e01921f5a,surrey-county-council-by-election-haslemere-2026-07-07,2018-11-17,usable,raw_record_confidence,no,
NEWS-farnham_herald-5eefa41c993f,surrey-county-council-by-election-haslemere-2026-07-07,2023-08-15,usable,raw_record_confidence,no,
NEWS-farnham_herald-5f90abe0d23a,surrey-county-council-by-election-haslemere-2026-07-07,2026-03-18,usable,raw_record_confidence,no,
NEWS-farnham_herald-61bc7c25d6f0,surrey-county-council-by-election-haslemere-2026-07-07,2023-03-30,usable,raw_record_confidence,no,
NEWS-farnham_herald-62c75f3da76e,surrey-county-council-by-election-haslemere-2026-07-07,2025-11-14,usable,raw_record_confidence,no,
NEWS-farnham_herald-67813c4a6a20,surrey-county-council-by-election-haslemere-2026-07-07,2024-04-26,usable,raw_record_confidence,no,
NEWS-farnham_herald-683edfd10ca0,surrey-county-council-by-election-haslemere-2026-07-07,2025-05-27,usable,raw_record_confidence,no,
NEWS-farnham_herald-6966eb921a06,surrey-county-council-by-election-haslemere-2026-07-07,2025-08-20,usable,raw_record_confidence,no,
NEWS-farnham_herald-6a4d2dbf2eb8,surrey-county-council-by-election-haslemere-2026-07-07,2026-03-31,usable,raw_record_confidence,no,
NEWS-farnham_herald-6a60634c6828,surrey-county-council-by-election-haslemere-2026-07-07,2021-02-21,usable,raw_record_confidence,no,
NEWS-farnham_herald-6ad1ebae7feb,surrey-county-council-by-election-haslemere-2026-07-07,2025-10-28,usable,raw_record_confidence,no,
NEWS-farnham_herald-6b38c8a3446e,surrey-county-council-by-election-haslemere-2026-07-07,2025-07-29,usable,raw_record_confidence,no,
NEWS-farnham_herald-6c20fffececb,surrey-county-council-by-election-haslemere-2026-07-07,2023-12-19,usable,raw_record_confidence,no,
NEWS-farnham_herald-6e684d0d127a,surrey-county-council-by-election-haslemere-2026-07-07,2025-11-05,usable,raw_record_confidence,no,
NEWS-farnham_herald-722fb2a96619,surrey-county-council-by-election-haslemere-2026-07-07,2026-01-02,usable,raw_record_confidence,no,
NEWS-farnham_herald-72dcea1d1f6a,surrey-county-council-by-election-haslemere-2026-07-07,2023-05-31,usable,raw_record_confidence,no,
NEWS-farnham_herald-73dab02aa562,surrey-county-council-by-election-haslemere-2026-07-07,2024-04-01,usable,raw_record_confidence,no,
NEWS-farnham_herald-7437f28cd69f,surrey-county-council-by-election-haslemere-2026-07-07,2025-05-08,usable,raw_record_confidence,no,
NEWS-farnham_herald-74b3568e6e3c,surrey-county-council-by-election-haslemere-2026-07-07,2022-12-21,usable,raw_record_confidence,no,
NEWS-farnham_herald-7555471fc1c3,surrey-county-council-by-election-haslemere-2026-07-07,2023-01-09,usable,raw_record_confidence,no,
NEWS-farnham_herald-765bf4d3aca8,surrey-county-council-by-election-haslemere-2026-07-07,2022-09-05,usable,raw_record_confidence,no,
NEWS-farnham_herald-7695d03998a1,surrey-county-council-by-election-haslemere-2026-07-07,2023-09-07,usable,raw_record_confidence,no,
NEWS-farnham_herald-76c75de8666b,surrey-county-council-by-election-haslemere-2026-07-07,2026-04-27,usable,raw_record_confidence,no,
NEWS-farnham_herald-775497b9972f,surrey-county-council-by-election-haslemere-2026-07-07,2023-09-27,usable,raw_record_confidence,no,
NEWS-farnham_herald-77afc0e99d8c,surrey-county-council-by-election-haslemere-2026-07-07,2025-10-13,usable,raw_record_confidence,no,
NEWS-farnham_herald-7823eb65c70c,surrey-county-council-by-election-haslemere-2026-07-07,2024-11-19,usable,raw_record_confidence,no,
NEWS-farnham_herald-78b66dd4536a,surrey-county-council-by-election-haslemere-2026-07-07,2024-08-30,usable,raw_record_confidence,no,
NEWS-farnham_herald-78f94ff3f706,surrey-county-council-by-election-haslemere-2026-07-07,,no_date_evidence,,no,date_confidence='Missing'; rule E1 excludes this record rather than guessing a date
NEWS-farnham_herald-79285a3b3ebf,surrey-county-council-by-election-haslemere-2026-07-07,,no_date_evidence,,no,date_confidence='Missing'; rule E1 excludes this record rather than guessing a date
NEWS-farnham_herald-79705195fd40,surrey-county-council-by-election-haslemere-2026-07-07,2023-10-24,usable,raw_record_confidence,no,
NEWS-farnham_herald-799edc8d4410,surrey-county-council-by-election-haslemere-2026-07-07,2026-01-08,usable,raw_record_confidence,no,
NEWS-farnham_herald-79db7f4ddbe9,surrey-county-council-by-election-haslemere-2026-07-07,2026-03-30,usable,raw_record_confidence,no,
NEWS-farnham_herald-7afd5139b155,surrey-county-council-by-election-haslemere-2026-07-07,2026-03-19,usable,raw_record_confidence,no,
NEWS-farnham_herald-7b5625e214f1,surrey-county-council-by-election-haslemere-2026-07-07,2024-10-16,usable,raw_record_confidence,no,
NEWS-farnham_herald-7d382322bbea,surrey-county-council-by-election-haslemere-2026-07-07,2023-05-11,usable,raw_record_confidence,no,
NEWS-farnham_herald-7de71316ce39,surrey-county-council-by-election-haslemere-2026-07-07,2024-02-07,usable,raw_record_confidence,no,
NEWS-farnham_herald-7f6ed5d4cefe,surrey-county-council-by-election-haslemere-2026-07-07,2021-11-25,usable,raw_record_confidence,no,
NEWS-farnham_herald-7fd939f7be11,surrey-county-council-by-election-haslemere-2026-07-07,2026-06-10,usable,raw_record_confidence,no,
NEWS-farnham_herald-7fe544e25ba6,surrey-county-council-by-election-haslemere-2026-07-07,2026-03-19,usable,raw_record_confidence,no,
NEWS-farnham_herald-7fec86184df5,surrey-county-council-by-election-haslemere-2026-07-07,2024-01-10,usable,raw_record_confidence,no,
NEWS-farnham_herald-8082490e1d67,surrey-county-council-by-election-haslemere-2026-07-07,2025-06-17,usable,raw_record_confidence,no,
NEWS-farnham_herald-811d7eec6a23,surrey-county-council-by-election-haslemere-2026-07-07,2025-08-08,usable,raw_record_confidence,no,
NEWS-farnham_herald-8329ac307c5e,surrey-county-council-by-election-haslemere-2026-07-07,2021-11-25,usable,raw_record_confidence,no,
NEWS-farnham_herald-833bab572b0d,surrey-county-council-by-election-haslemere-2026-07-07,2025-02-11,usable,raw_record_confidence,no,
NEWS-farnham_herald-83925fc038c9,surrey-county-council-by-election-haslemere-2026-07-07,2025-12-18,usable,raw_record_confidence,no,
NEWS-farnham_herald-8392ef877e0e,surrey-county-council-by-election-haslemere-2026-07-07,2024-04-16,usable,raw_record_confidence,no,
NEWS-farnham_herald-8421876233c8,surrey-county-council-by-election-haslemere-2026-07-07,2024-01-31,usable,raw_record_confidence,no,
NEWS-farnham_herald-85942565af50,surrey-county-council-by-election-haslemere-2026-07-07,2024-10-30,usable,raw_record_confidence,no,
NEWS-farnham_herald-85e18492b472,surrey-county-council-by-election-haslemere-2026-07-07,2025-03-18,usable,raw_record_confidence,no,
NEWS-farnham_herald-85e4e5ee84d0,surrey-county-council-by-election-haslemere-2026-07-07,2025-10-08,usable,raw_record_confidence,no,
NEWS-farnham_herald-879f181a19cd,surrey-county-council-by-election-haslemere-2026-07-07,2025-04-24,usable,raw_record_confidence,no,
NEWS-farnham_herald-87a82857975a,surrey-county-council-by-election-haslemere-2026-07-07,2025-10-14,usable,raw_record_confidence,no,
NEWS-farnham_herald-88e17d1446c2,surrey-county-council-by-election-haslemere-2026-07-07,2025-10-03,usable,raw_record_confidence,no,
NEWS-farnham_herald-893fe51c488d,surrey-county-council-by-election-haslemere-2026-07-07,2024-01-10,usable,raw_record_confidence,no,
NEWS-farnham_herald-8b9908700689,surrey-county-council-by-election-haslemere-2026-07-07,2025-01-28,usable,raw_record_confidence,no,
NEWS-farnham_herald-8c92954eea13,surrey-county-council-by-election-haslemere-2026-07-07,2026-01-06,usable,raw_record_confidence,no,
NEWS-farnham_herald-8d6383015447,surrey-county-council-by-election-haslemere-2026-07-07,2025-04-23,usable,raw_record_confidence,no,
NEWS-farnham_herald-8e68327c7bc9,surrey-county-council-by-election-haslemere-2026-07-07,2026-02-26,usable,raw_record_confidence,no,
NEWS-farnham_herald-8ecec574750e,surrey-county-council-by-election-haslemere-2026-07-07,2023-06-21,usable,raw_record_confidence,no,
NEWS-farnham_herald-8f67e24d6afa,surrey-county-council-by-election-haslemere-2026-07-07,,no_date_evidence,,no,date_confidence='Missing'; rule E1 excludes this record rather than guessing a date
NEWS-farnham_herald-8fb9abdf6f57,surrey-county-council-by-election-haslemere-2026-07-07,2022-08-18,usable,raw_record_confidence,no,
NEWS-farnham_herald-911306b2a9f3,surrey-county-council-by-election-haslemere-2026-07-07,2025-05-02,usable,raw_record_confidence,no,
NEWS-farnham_herald-9315076e67ed,surrey-county-council-by-election-haslemere-2026-07-07,2023-10-18,usable,raw_record_confidence,no,
NEWS-farnham_herald-933351d4e952,surrey-county-council-by-election-haslemere-2026-07-07,2025-07-25,usable,raw_record_confidence,no,
NEWS-farnham_herald-933806cf611f,surrey-county-council-by-election-haslemere-2026-07-07,2023-01-25,usable,raw_record_confidence,no,
NEWS-farnham_herald-938932226276,surrey-county-council-by-election-haslemere-2026-07-07,2023-09-07,usable,raw_record_confidence,no,
NEWS-farnham_herald-9782b5abc414,surrey-county-council-by-election-haslemere-2026-07-07,2026-02-09,usable,raw_record_confidence,no,
NEWS-farnham_herald-982da3fcb377,surrey-county-council-by-election-haslemere-2026-07-07,,no_date_evidence,,no,date_confidence='Missing'; rule E1 excludes this record rather than guessing a date
NEWS-farnham_herald-983d1228af51,surrey-county-council-by-election-haslemere-2026-07-07,2025-02-28,usable,raw_record_confidence,no,
NEWS-farnham_herald-996a06d48a4e,surrey-county-council-by-election-haslemere-2026-07-07,2021-12-17,usable,raw_record_confidence,no,
NEWS-farnham_herald-9a856e3e1aa6,surrey-county-council-by-election-haslemere-2026-07-07,2022-11-24,usable,raw_record_confidence,no,
NEWS-farnham_herald-9b50c925f060,surrey-county-council-by-election-haslemere-2026-07-07,2023-11-29,usable,raw_record_confidence,no,
NEWS-farnham_herald-9b582d48cf5b,surrey-county-council-by-election-haslemere-2026-07-07,2025-02-28,usable,raw_record_confidence,no,
NEWS-farnham_herald-9d1d8f18fdbf,surrey-county-council-by-election-haslemere-2026-07-07,2026-01-22,usable,raw_record_confidence,no,
NEWS-farnham_herald-9e0f2bd2363c,surrey-county-council-by-election-haslemere-2026-07-07,2023-03-15,usable,raw_record_confidence,no,
NEWS-farnham_herald-9e807fe32471,surrey-county-council-by-election-haslemere-2026-07-07,2023-12-06,usable,raw_record_confidence,no,
NEWS-farnham_herald-a1c9a47ab0b1,surrey-county-council-by-election-haslemere-2026-07-07,2024-01-17,usable,raw_record_confidence,no,
NEWS-farnham_herald-a382edfddcb4,surrey-county-council-by-election-haslemere-2026-07-07,2024-04-15,usable,raw_record_confidence,no,
NEWS-farnham_herald-a45ed96c4501,surrey-county-council-by-election-haslemere-2026-07-07,2026-07-03,usable,raw_record_confidence,no,
NEWS-farnham_herald-a6ecb7155275,surrey-county-council-by-election-haslemere-2026-07-07,2023-06-28,usable,raw_record_confidence,no,
NEWS-farnham_herald-a74f3105e346,surrey-county-council-by-election-haslemere-2026-07-07,2025-03-05,usable,raw_record_confidence,no,
NEWS-farnham_herald-a995d673a4d9,surrey-county-council-by-election-haslemere-2026-07-07,2025-10-07,usable,raw_record_confidence,no,
NEWS-farnham_herald-aa2997e0ba97,surrey-county-council-by-election-haslemere-2026-07-07,2023-09-21,usable,raw_record_confidence,no,
NEWS-farnham_herald-aafc2c6d2d0d,surrey-county-council-by-election-haslemere-2026-07-07,2023-06-21,usable,raw_record_confidence,no,
NEWS-farnham_herald-ac2345e92231,surrey-county-council-by-election-haslemere-2026-07-07,2026-02-11,usable,raw_record_confidence,no,
NEWS-farnham_herald-adc7fec4c625,surrey-county-council-by-election-haslemere-2026-07-07,2025-03-11,usable,raw_record_confidence,no,
NEWS-farnham_herald-ae370457a556,surrey-county-council-by-election-haslemere-2026-07-07,2025-11-10,usable,raw_record_confidence,no,
NEWS-farnham_herald-aeac169193d6,surrey-county-council-by-election-haslemere-2026-07-07,2022-12-22,usable,raw_record_confidence,no,
NEWS-farnham_herald-b11f5420ee1f,surrey-county-council-by-election-haslemere-2026-07-07,2023-11-15,usable,raw_record_confidence,no,
NEWS-farnham_herald-b1840df14431,surrey-county-council-by-election-haslemere-2026-07-07,2026-02-04,usable,raw_record_confidence,no,
NEWS-farnham_herald-b410b92155d7,surrey-county-council-by-election-haslemere-2026-07-07,2025-03-25,usable,raw_record_confidence,no,
NEWS-farnham_herald-b4656b8ee65d,surrey-county-council-by-election-haslemere-2026-07-07,2023-11-01,usable,raw_record_confidence,no,
NEWS-farnham_herald-b483bf58e2d8,surrey-county-council-by-election-haslemere-2026-07-07,2023-07-18,usable,raw_record_confidence,no,
NEWS-farnham_herald-b5a511f16f38,surrey-county-council-by-election-haslemere-2026-07-07,2025-12-30,usable,raw_record_confidence,no,
NEWS-farnham_herald-b691a57b225a,surrey-county-council-by-election-haslemere-2026-07-07,2025-07-31,usable,raw_record_confidence,no,
NEWS-farnham_herald-b742516c59d8,surrey-county-council-by-election-haslemere-2026-07-07,2023-03-30,usable,raw_record_confidence,no,
NEWS-farnham_herald-b81f6fb69500,surrey-county-council-by-election-haslemere-2026-07-07,2025-11-24,usable,raw_record_confidence,no,
NEWS-farnham_herald-b9596c235975,surrey-county-council-by-election-haslemere-2026-07-07,2023-04-18,usable,raw_record_confidence,no,
NEWS-farnham_herald-bb47cca9edee,surrey-county-council-by-election-haslemere-2026-07-07,2023-12-22,usable,raw_record_confidence,no,
NEWS-farnham_herald-bbc6caa85129,surrey-county-council-by-election-haslemere-2026-07-07,2024-07-10,usable,raw_record_confidence,no,
NEWS-farnham_herald-bcaffe525dcc,surrey-county-council-by-election-haslemere-2026-07-07,2023-11-29,usable,raw_record_confidence,no,
NEWS-farnham_herald-bd37c4233a0e,surrey-county-council-by-election-haslemere-2026-07-07,2023-07-19,usable,raw_record_confidence,no,
NEWS-farnham_herald-bdb073198df3,surrey-county-council-by-election-haslemere-2026-07-07,2023-05-04,usable,raw_record_confidence,no,
NEWS-farnham_herald-bde7f404fb46,surrey-county-council-by-election-haslemere-2026-07-07,2026-04-07,usable,raw_record_confidence,no,
NEWS-farnham_herald-bf0779073616,surrey-county-council-by-election-haslemere-2026-07-07,2025-11-27,usable,raw_record_confidence,no,
NEWS-farnham_herald-bf4e4d0afe63,surrey-county-council-by-election-haslemere-2026-07-07,2025-12-11,usable,raw_record_confidence,no,
NEWS-farnham_herald-c0783c50b576,surrey-county-council-by-election-haslemere-2026-07-07,2020-07-29,usable,raw_record_confidence,no,
NEWS-farnham_herald-c1c0da34ebfc,surrey-county-council-by-election-haslemere-2026-07-07,2026-03-18,usable,raw_record_confidence,no,
NEWS-farnham_herald-c23c87d85731,surrey-county-council-by-election-haslemere-2026-07-07,2026-01-06,usable,raw_record_confidence,no,
NEWS-farnham_herald-c284a78ea466,surrey-county-council-by-election-haslemere-2026-07-07,2025-12-09,usable,raw_record_confidence,no,
NEWS-farnham_herald-c49e3721e5a3,surrey-county-council-by-election-haslemere-2026-07-07,2024-01-24,usable,raw_record_confidence,no,
NEWS-farnham_herald-c4cd4b62590a,surrey-county-council-by-election-haslemere-2026-07-07,2025-05-19,usable,raw_record_confidence,no,
NEWS-farnham_herald-c507b9a5132b,surrey-county-council-by-election-haslemere-2026-07-07,2024-01-24,usable,raw_record_confidence,no,
NEWS-farnham_herald-c53f37483c42,surrey-county-council-by-election-haslemere-2026-07-07,2025-12-09,usable,raw_record_confidence,no,
NEWS-farnham_herald-c5df82c5c999,surrey-county-council-by-election-haslemere-2026-07-07,2023-06-29,usable,raw_record_confidence,no,
NEWS-farnham_herald-c7ce0a811d98,surrey-county-council-by-election-haslemere-2026-07-07,2024-01-03,usable,raw_record_confidence,no,
NEWS-farnham_herald-ca3dcbe8b8c1,surrey-county-council-by-election-haslemere-2026-07-07,2025-07-22,usable,raw_record_confidence,no,
NEWS-farnham_herald-cb3ccfcff8db,surrey-county-council-by-election-haslemere-2026-07-07,2023-07-05,usable,raw_record_confidence,no,
NEWS-farnham_herald-cc3e667001f5,surrey-county-council-by-election-haslemere-2026-07-07,2025-03-11,usable,raw_record_confidence,no,
NEWS-farnham_herald-cc54da9dfca8,surrey-county-council-by-election-haslemere-2026-07-07,2026-01-19,usable,raw_record_confidence,no,
NEWS-farnham_herald-cd666f5f216a,surrey-county-council-by-election-haslemere-2026-07-07,2025-04-26,usable,raw_record_confidence,no,
NEWS-farnham_herald-cd882e427c5b,surrey-county-council-by-election-haslemere-2026-07-07,2023-12-12,usable,raw_record_confidence,no,
NEWS-farnham_herald-ce9c58c3667b,surrey-county-council-by-election-haslemere-2026-07-07,2024-01-25,usable,raw_record_confidence,no,
NEWS-farnham_herald-cff8f069cdfe,surrey-county-council-by-election-haslemere-2026-07-07,2025-07-29,usable,raw_record_confidence,no,
NEWS-farnham_herald-d08737c06dde,surrey-county-council-by-election-haslemere-2026-07-07,2024-03-25,usable,raw_record_confidence,no,
NEWS-farnham_herald-d0ae8600de61,surrey-county-council-by-election-haslemere-2026-07-07,2023-05-11,usable,raw_record_confidence,no,
NEWS-farnham_herald-d13466d0fb4a,surrey-county-council-by-election-haslemere-2026-07-07,2023-06-15,usable,raw_record_confidence,no,
NEWS-farnham_herald-d26562014163,surrey-county-council-by-election-haslemere-2026-07-07,2023-05-24,usable,raw_record_confidence,no,
NEWS-farnham_herald-d3873878f94a,surrey-county-council-by-election-haslemere-2026-07-07,2024-12-17,usable,raw_record_confidence,no,
NEWS-farnham_herald-d6db589c18d7,surrey-county-council-by-election-haslemere-2026-07-07,2025-09-03,usable,raw_record_confidence,no,
NEWS-farnham_herald-d8e6fe516e16,surrey-county-council-by-election-haslemere-2026-07-07,2026-06-25,usable,raw_record_confidence,no,
NEWS-farnham_herald-d9568d01b21f,surrey-county-council-by-election-haslemere-2026-07-07,2023-12-13,usable,raw_record_confidence,no,
NEWS-farnham_herald-d9a46aa598f2,surrey-county-council-by-election-haslemere-2026-07-07,2025-05-20,usable,raw_record_confidence,no,
NEWS-farnham_herald-da5b59592fd1,surrey-county-council-by-election-haslemere-2026-07-07,2025-04-15,usable,raw_record_confidence,no,
NEWS-farnham_herald-dbfff7d535b7,surrey-county-council-by-election-haslemere-2026-07-07,2025-07-25,usable,raw_record_confidence,no,
NEWS-farnham_herald-de49e7d6e719,surrey-county-council-by-election-haslemere-2026-07-07,2025-01-03,usable,raw_record_confidence,no,
NEWS-farnham_herald-e105bb23008b,surrey-county-council-by-election-haslemere-2026-07-07,2026-05-05,usable,raw_record_confidence,no,
NEWS-farnham_herald-e115042566d4,surrey-county-council-by-election-haslemere-2026-07-07,2026-03-12,usable,raw_record_confidence,no,
NEWS-farnham_herald-e26c6171bc0b,surrey-county-council-by-election-haslemere-2026-07-07,2026-04-13,usable,raw_record_confidence,no,
NEWS-farnham_herald-e33663b8ee74,surrey-county-council-by-election-haslemere-2026-07-07,2025-03-21,usable,raw_record_confidence,no,
NEWS-farnham_herald-e5213165f0e5,surrey-county-council-by-election-haslemere-2026-07-07,2020-04-17,usable,raw_record_confidence,no,
NEWS-farnham_herald-e54e6bb49ff3,surrey-county-council-by-election-haslemere-2026-07-07,2026-03-05,usable,raw_record_confidence,no,
NEWS-farnham_herald-e587ebabc878,surrey-county-council-by-election-haslemere-2026-07-07,2024-10-14,usable,raw_record_confidence,no,
NEWS-farnham_herald-e59e4a50d390,surrey-county-council-by-election-haslemere-2026-07-07,2019-07-30,usable,raw_record_confidence,no,
NEWS-farnham_herald-e6163a154973,surrey-county-council-by-election-haslemere-2026-07-07,2023-02-15,usable,raw_record_confidence,no,
NEWS-farnham_herald-e6abb5f0e26d,surrey-county-council-by-election-haslemere-2026-07-07,2025-12-19,usable,raw_record_confidence,no,
NEWS-farnham_herald-e773c3504339,surrey-county-council-by-election-haslemere-2026-07-07,2025-12-29,usable,raw_record_confidence,no,
NEWS-farnham_herald-e7f7d0f43965,surrey-county-council-by-election-haslemere-2026-07-07,2024-12-17,usable,raw_record_confidence,no,
NEWS-farnham_herald-ead0b4d88e1b,surrey-county-council-by-election-haslemere-2026-07-07,2024-04-18,usable,raw_record_confidence,no,
NEWS-farnham_herald-eb4003f4d6cd,surrey-county-council-by-election-haslemere-2026-07-07,2025-10-14,usable,raw_record_confidence,no,
NEWS-farnham_herald-eba8fb399537,surrey-county-council-by-election-haslemere-2026-07-07,2025-06-04,usable,raw_record_confidence,no,
NEWS-farnham_herald-ed056025807c,surrey-county-council-by-election-haslemere-2026-07-07,2024-04-24,usable,raw_record_confidence,no,
NEWS-farnham_herald-ee7d87c593cd,surrey-county-council-by-election-haslemere-2026-07-07,2025-12-08,usable,raw_record_confidence,no,
NEWS-farnham_herald-ef2b2693c508,surrey-county-council-by-election-haslemere-2026-07-07,2024-03-26,usable,raw_record_confidence,no,
NEWS-farnham_herald-efa8768634c5,surrey-county-council-by-election-haslemere-2026-07-07,2023-03-30,usable,raw_record_confidence,no,
NEWS-farnham_herald-f388754e68d6,surrey-county-council-by-election-haslemere-2026-07-07,2023-09-13,usable,raw_record_confidence,no,
NEWS-farnham_herald-f51ffb3ff8b8,surrey-county-council-by-election-haslemere-2026-07-07,2025-10-03,usable,raw_record_confidence,no,
NEWS-farnham_herald-f57a76255c31,surrey-county-council-by-election-haslemere-2026-07-07,2025-12-08,usable,raw_record_confidence,no,
NEWS-farnham_herald-f66f3ffebfb3,surrey-county-council-by-election-haslemere-2026-07-07,2023-05-31,usable,raw_record_confidence,no,
NEWS-farnham_herald-f9592bec9565,surrey-county-council-by-election-haslemere-2026-07-07,2024-05-06,usable,raw_record_confidence,no,
NEWS-farnham_herald-fb22c024c119,surrey-county-council-by-election-haslemere-2026-07-07,2023-03-30,usable,raw_record_confidence,no,
NEWS-farnham_herald-fdb147b1cef2,surrey-county-council-by-election-haslemere-2026-07-07,2025-04-03,usable,raw_record_confidence,no,
NEWS-google_dated_search-01f418e73965,surrey-county-council-by-election-haslemere-2026-07-07,,no_date_evidence,,no,date_confidence='Missing'; rule E1 excludes this record rather than guessing a date
NEWS-google_dated_search-02a0d19e9575,surrey-county-council-by-election-haslemere-2026-07-07,,no_date_evidence,,no,date_confidence='Missing'; rule E1 excludes this record rather than guessing a date
NEWS-google_dated_search-03f659e98060,surrey-county-council-by-election-haslemere-2026-07-07,,no_date_evidence,,no,date_confidence='Missing'; rule E1 excludes this record rather than guessing a date
NEWS-google_dated_search-0bc0142f61e3,surrey-county-council-by-election-haslemere-2026-07-07,,no_date_evidence,,no,date_confidence='Missing'; rule E1 excludes this record rather than guessing a date
NEWS-google_dated_search-0fc5a781e82f,surrey-county-council-by-election-haslemere-2026-07-07,,no_date_evidence,,no,date_confidence='Missing'; rule E1 excludes this record rather than guessing a date
NEWS-google_dated_search-114f09f3e664,surrey-county-council-by-election-haslemere-2026-07-07,,no_date_evidence,,no,date_confidence='Missing'; rule E1 excludes this record rather than guessing a date
NEWS-google_dated_search-1ee944a42dcf,surrey-county-council-by-election-haslemere-2026-07-07,,no_date_evidence,,no,date_confidence='Missing'; rule E1 excludes this record rather than guessing a date
NEWS-google_dated_search-20c46a07024d,surrey-county-council-by-election-haslemere-2026-07-07,,no_date_evidence,,no,date_confidence='Missing'; rule E1 excludes this record rather than guessing a date
NEWS-google_dated_search-216d09337fb1,surrey-county-council-by-election-haslemere-2026-07-07,,no_date_evidence,,no,date_confidence='Missing'; rule E1 excludes this record rather than guessing a date
NEWS-google_dated_search-219276df6a8e,surrey-county-council-by-election-haslemere-2026-07-07,,no_date_evidence,,no,date_confidence='Missing'; rule E1 excludes this record rather than guessing a date
NEWS-google_dated_search-21fe868c1076,surrey-county-council-by-election-haslemere-2026-07-07,,no_date_evidence,,no,date_confidence='Missing'; rule E1 excludes this record rather than guessing a date
NEWS-google_dated_search-23069e076527,surrey-county-council-by-election-haslemere-2026-07-07,,no_date_evidence,,no,date_confidence='Missing'; rule E1 excludes this record rather than guessing a date
NEWS-google_dated_search-2848c2a9fa17,surrey-county-council-by-election-haslemere-2026-07-07,,no_date_evidence,,no,date_confidence='Missing'; rule E1 excludes this record rather than guessing a date
NEWS-google_dated_search-2c9cca52e1f6,surrey-county-council-by-election-haslemere-2026-07-07,2026-07-07,usable,raw_record_confidence,no,
NEWS-google_dated_search-2db30ac164b3,surrey-county-council-by-election-haslemere-2026-07-07,,no_date_evidence,,no,date_confidence='Missing'; rule E1 excludes this record rather than guessing a date
NEWS-google_dated_search-2dd7f662f67b,surrey-county-council-by-election-haslemere-2026-07-07,,no_date_evidence,,no,date_confidence='Missing'; rule E1 excludes this record rather than guessing a date
NEWS-google_dated_search-2e0d135c02d3,surrey-county-council-by-election-haslemere-2026-07-07,,no_date_evidence,,no,date_confidence='Missing'; rule E1 excludes this record rather than guessing a date
NEWS-google_dated_search-3b71f770561c,surrey-county-council-by-election-haslemere-2026-07-07,,no_date_evidence,,no,date_confidence='Missing'; rule E1 excludes this record rather than guessing a date
NEWS-google_dated_search-3bcb7abdb197,surrey-county-council-by-election-haslemere-2026-07-07,,no_date_evidence,,no,date_confidence='Missing'; rule E1 excludes this record rather than guessing a date
NEWS-google_dated_search-3e1e454fc871,surrey-county-council-by-election-haslemere-2026-07-07,,no_date_evidence,,no,date_confidence='Missing'; rule E1 excludes this record rather than guessing a date
NEWS-google_dated_search-40dffaf94bb5,surrey-county-council-by-election-haslemere-2026-07-07,,no_date_evidence,,no,date_confidence='Missing'; rule E1 excludes this record rather than guessing a date
NEWS-google_dated_search-4114e69739a9,surrey-county-council-by-election-haslemere-2026-07-07,,no_date_evidence,,no,date_confidence='Missing'; rule E1 excludes this record rather than guessing a date
NEWS-google_dated_search-417ab2ea2c4e,surrey-county-council-by-election-haslemere-2026-07-07,,no_date_evidence,,no,date_confidence='Missing'; rule E1 excludes this record rather than guessing a date
NEWS-google_dated_search-4361b23fe4e2,surrey-county-council-by-election-haslemere-2026-07-07,,no_date_evidence,,no,date_confidence='Missing'; rule E1 excludes this record rather than guessing a date
NEWS-google_dated_search-439328b5fe4b,surrey-county-council-by-election-haslemere-2026-07-07,,no_date_evidence,,no,date_confidence='Missing'; rule E1 excludes this record rather than guessing a date
NEWS-google_dated_search-4a703de7d56e,surrey-county-council-by-election-haslemere-2026-07-07,,no_date_evidence,,no,date_confidence='Missing'; rule E1 excludes this record rather than guessing a date
NEWS-google_dated_search-4e63563a924f,surrey-county-council-by-election-haslemere-2026-07-07,,no_date_evidence,,no,date_confidence='Missing'; rule E1 excludes this record rather than guessing a date
NEWS-google_dated_search-4ebe33dbe4ba,surrey-county-council-by-election-haslemere-2026-07-07,,no_date_evidence,,no,date_confidence='Missing'; rule E1 excludes this record rather than guessing a date
NEWS-google_dated_search-5303fd7f6b1f,surrey-county-council-by-election-haslemere-2026-07-07,,no_date_evidence,,no,date_confidence='Missing'; rule E1 excludes this record rather than guessing a date
NEWS-google_dated_search-538e082e82c5,surrey-county-council-by-election-haslemere-2026-07-07,,no_date_evidence,,no,date_confidence='Missing'; rule E1 excludes this record rather than guessing a date
NEWS-google_dated_search-58996e9fb488,surrey-county-council-by-election-haslemere-2026-07-07,,no_date_evidence,,no,date_confidence='Missing'; rule E1 excludes this record rather than guessing a date
NEWS-google_dated_search-5fff03450392,surrey-county-council-by-election-haslemere-2026-07-07,2026-04-26,usable,raw_record_confidence,no,
NEWS-google_dated_search-64cfc319530c,surrey-county-council-by-election-haslemere-2026-07-07,,no_date_evidence,,no,date_confidence='Missing'; rule E1 excludes this record rather than guessing a date
NEWS-google_dated_search-658d67f967bd,surrey-county-council-by-election-haslemere-2026-07-07,,no_date_evidence,,no,date_confidence='Missing'; rule E1 excludes this record rather than guessing a date
NEWS-google_dated_search-668adec4c955,surrey-county-council-by-election-haslemere-2026-07-07,,no_date_evidence,,no,date_confidence='Missing'; rule E1 excludes this record rather than guessing a date
NEWS-google_dated_search-674e010508a0,surrey-county-council-by-election-haslemere-2026-07-07,,no_date_evidence,,no,date_confidence='Missing'; rule E1 excludes this record rather than guessing a date
NEWS-google_dated_search-69f246dd7cae,surrey-county-council-by-election-haslemere-2026-07-07,,no_date_evidence,,no,date_confidence='Missing'; rule E1 excludes this record rather than guessing a date
NEWS-google_dated_search-6d758912d1a8,surrey-county-council-by-election-haslemere-2026-07-07,2026-07-07,usable,raw_record_confidence,no,
NEWS-google_dated_search-6e630ffc8f63,surrey-county-council-by-election-haslemere-2026-07-07,,no_date_evidence,,no,date_confidence='Missing'; rule E1 excludes this record rather than guessing a date
NEWS-google_dated_search-70f842fa4ec2,surrey-county-council-by-election-haslemere-2026-07-07,,no_date_evidence,,no,date_confidence='Missing'; rule E1 excludes this record rather than guessing a date
NEWS-google_dated_search-72b5314c3e28,surrey-county-council-by-election-haslemere-2026-07-07,,no_date_evidence,,no,date_confidence='Missing'; rule E1 excludes this record rather than guessing a date
NEWS-google_dated_search-7636bc2d462a,surrey-county-council-by-election-haslemere-2026-07-07,,no_date_evidence,,no,date_confidence='Missing'; rule E1 excludes this record rather than guessing a date
NEWS-google_dated_search-7c555518737b,surrey-county-council-by-election-haslemere-2026-07-07,,no_date_evidence,,no,date_confidence='Missing'; rule E1 excludes this record rather than guessing a date
NEWS-google_dated_search-80fc6726b1df,surrey-county-council-by-election-haslemere-2026-07-07,,no_date_evidence,,no,date_confidence='Missing'; rule E1 excludes this record rather than guessing a date
NEWS-google_dated_search-815c10060d33,surrey-county-council-by-election-haslemere-2026-07-07,,no_date_evidence,,no,date_confidence='Missing'; rule E1 excludes this record rather than guessing a date
NEWS-google_dated_search-850f355c712e,surrey-county-council-by-election-haslemere-2026-07-07,,no_date_evidence,,no,date_confidence='Missing'; rule E1 excludes this record rather than guessing a date
NEWS-google_dated_search-8aecddfdab2c,surrey-county-council-by-election-haslemere-2026-07-07,,no_date_evidence,,no,date_confidence='Missing'; rule E1 excludes this record rather than guessing a date
NEWS-google_dated_search-8b2cea645812,surrey-county-council-by-election-haslemere-2026-07-07,,no_date_evidence,,no,date_confidence='Missing'; rule E1 excludes this record rather than guessing a date
NEWS-google_dated_search-8bc0153f2c6c,surrey-county-council-by-election-haslemere-2026-07-07,,no_date_evidence,,no,date_confidence='Missing'; rule E1 excludes this record rather than guessing a date
NEWS-google_dated_search-95cc6e156b8c,surrey-county-council-by-election-haslemere-2026-07-07,,no_date_evidence,,no,date_confidence='Missing'; rule E1 excludes this record rather than guessing a date
NEWS-google_dated_search-9995d495efaa,surrey-county-council-by-election-haslemere-2026-07-07,,no_date_evidence,,no,date_confidence='Missing'; rule E1 excludes this record rather than guessing a date
NEWS-google_dated_search-9ab8f9995e55,surrey-county-council-by-election-haslemere-2026-07-07,,no_date_evidence,,no,date_confidence='Missing'; rule E1 excludes this record rather than guessing a date
NEWS-google_dated_search-9da2cee3437f,surrey-county-council-by-election-haslemere-2026-07-07,,no_date_evidence,,no,date_confidence='Missing'; rule E1 excludes this record rather than guessing a date
NEWS-google_dated_search-a1fb2294c37e,surrey-county-council-by-election-haslemere-2026-07-07,,no_date_evidence,,no,date_confidence='Missing'; rule E1 excludes this record rather than guessing a date
NEWS-google_dated_search-a6d3acdbce9e,surrey-county-council-by-election-haslemere-2026-07-07,,no_date_evidence,,no,date_confidence='Missing'; rule E1 excludes this record rather than guessing a date
NEWS-google_dated_search-a858b81dc277,surrey-county-council-by-election-haslemere-2026-07-07,2026-02-12,usable,raw_record_confidence,no,
NEWS-google_dated_search-a99679c7a924,surrey-county-council-by-election-haslemere-2026-07-07,,no_date_evidence,,no,date_confidence='Missing'; rule E1 excludes this record rather than guessing a date
NEWS-google_dated_search-aa6eb0ae3c8d,surrey-county-council-by-election-haslemere-2026-07-07,,no_date_evidence,,no,date_confidence='Missing'; rule E1 excludes this record rather than guessing a date
NEWS-google_dated_search-aaab910d6986,surrey-county-council-by-election-haslemere-2026-07-07,2026-05-05,usable,raw_record_confidence,no,
NEWS-google_dated_search-ab17d3e97664,surrey-county-council-by-election-haslemere-2026-07-07,,no_date_evidence,,no,date_confidence='Missing'; rule E1 excludes this record rather than guessing a date
NEWS-google_dated_search-ab67936fd685,surrey-county-council-by-election-haslemere-2026-07-07,,no_date_evidence,,no,date_confidence='Missing'; rule E1 excludes this record rather than guessing a date
NEWS-google_dated_search-abbb8ce56720,surrey-county-council-by-election-haslemere-2026-07-07,,no_date_evidence,,no,date_confidence='Missing'; rule E1 excludes this record rather than guessing a date
NEWS-google_dated_search-bc139b0d4beb,surrey-county-council-by-election-haslemere-2026-07-07,,no_date_evidence,,no,date_confidence='Missing'; rule E1 excludes this record rather than guessing a date
NEWS-google_dated_search-be32ce736830,surrey-county-council-by-election-haslemere-2026-07-07,,no_date_evidence,,no,date_confidence='Missing'; rule E1 excludes this record rather than guessing a date
NEWS-google_dated_search-bfbc867b744f,surrey-county-council-by-election-haslemere-2026-07-07,,no_date_evidence,,no,date_confidence='Missing'; rule E1 excludes this record rather than guessing a date
NEWS-google_dated_search-c2457a699d50,surrey-county-council-by-election-haslemere-2026-07-07,,no_date_evidence,,no,date_confidence='Missing'; rule E1 excludes this record rather than guessing a date
NEWS-google_dated_search-c340fd6c96d0,surrey-county-council-by-election-haslemere-2026-07-07,,no_date_evidence,,no,date_confidence='Missing'; rule E1 excludes this record rather than guessing a date
NEWS-google_dated_search-c642a4293503,surrey-county-council-by-election-haslemere-2026-07-07,,no_date_evidence,,no,date_confidence='Missing'; rule E1 excludes this record rather than guessing a date
NEWS-google_dated_search-c7ebeba59de5,surrey-county-council-by-election-haslemere-2026-07-07,2026-02-27,usable,raw_record_confidence,no,
NEWS-google_dated_search-cb654936c19c,surrey-county-council-by-election-haslemere-2026-07-07,,no_date_evidence,,no,date_confidence='Missing'; rule E1 excludes this record rather than guessing a date
NEWS-google_dated_search-d034d1eafe26,surrey-county-council-by-election-haslemere-2026-07-07,,no_date_evidence,,no,date_confidence='Missing'; rule E1 excludes this record rather than guessing a date
NEWS-google_dated_search-d36b59b4d333,surrey-county-council-by-election-haslemere-2026-07-07,,no_date_evidence,,no,date_confidence='Missing'; rule E1 excludes this record rather than guessing a date
NEWS-google_dated_search-d470094a8698,surrey-county-council-by-election-haslemere-2026-07-07,,no_date_evidence,,no,date_confidence='Missing'; rule E1 excludes this record rather than guessing a date
NEWS-google_dated_search-d7cb6c0def66,surrey-county-council-by-election-haslemere-2026-07-07,,no_date_evidence,,no,date_confidence='Missing'; rule E1 excludes this record rather than guessing a date
NEWS-google_dated_search-d82077d9b738,surrey-county-council-by-election-haslemere-2026-07-07,,no_date_evidence,,no,date_confidence='Missing'; rule E1 excludes this record rather than guessing a date
NEWS-google_dated_search-dd74f2dcfd3f,surrey-county-council-by-election-haslemere-2026-07-07,2026-06-03,usable,raw_record_confidence,no,
NEWS-google_dated_search-dffd3e939134,surrey-county-council-by-election-haslemere-2026-07-07,,no_date_evidence,,no,date_confidence='Missing'; rule E1 excludes this record rather than guessing a date
NEWS-google_dated_search-e30059372114,surrey-county-council-by-election-haslemere-2026-07-07,,no_date_evidence,,no,date_confidence='Missing'; rule E1 excludes this record rather than guessing a date
NEWS-google_dated_search-e48f78b0d70b,surrey-county-council-by-election-haslemere-2026-07-07,,no_date_evidence,,no,date_confidence='Missing'; rule E1 excludes this record rather than guessing a date
NEWS-google_dated_search-e64982c034d9,surrey-county-council-by-election-haslemere-2026-07-07,,no_date_evidence,,no,date_confidence='Missing'; rule E1 excludes this record rather than guessing a date
NEWS-google_dated_search-eb260f2b6181,surrey-county-council-by-election-haslemere-2026-07-07,,no_date_evidence,,no,date_confidence='Missing'; rule E1 excludes this record rather than guessing a date
NEWS-google_dated_search-ec2431ae272b,surrey-county-council-by-election-haslemere-2026-07-07,,no_date_evidence,,no,date_confidence='Missing'; rule E1 excludes this record rather than guessing a date
NEWS-google_dated_search-f12732a98275,surrey-county-council-by-election-haslemere-2026-07-07,2026-06-25,usable,raw_record_confidence,no,
NEWS-google_dated_search-f2557b86fd4b,surrey-county-council-by-election-haslemere-2026-07-07,,no_date_evidence,,no,date_confidence='Uncertain'; rule E1 excludes this record rather than guessing a date
NEWS-google_dated_search-f494449479d7,surrey-county-council-by-election-haslemere-2026-07-07,,no_date_evidence,,no,date_confidence='Missing'; rule E1 excludes this record rather than guessing a date
NEWS-google_dated_search-f6616bfb8b23,surrey-county-council-by-election-haslemere-2026-07-07,,no_date_evidence,,no,date_confidence='Missing'; rule E1 excludes this record rather than guessing a date
NEWS-google_dated_search-fc1aa1f3b382,surrey-county-council-by-election-haslemere-2026-07-07,,no_date_evidence,,no,date_confidence='Missing'; rule E1 excludes this record rather than guessing a date
NEWS-google_dated_search-feddc2c2dfbc,surrey-county-council-by-election-haslemere-2026-07-07,,no_date_evidence,,no,date_confidence='Missing'; rule E1 excludes this record rather than guessing a date
NEWS-google_dated_search-ff320f6b3ccd,surrey-county-council-by-election-haslemere-2026-07-07,,no_date_evidence,,no,date_confidence='Missing'; rule E1 excludes this record rather than guessing a date
NEWS-surrey_comet-cbb4ab8415f4,surrey-county-council-by-election-haslemere-2026-07-07,2026-07-04,usable,raw_record_confidence,no,
NEWS-woking_news_mail-2e8fa0a588bd,surrey-county-council-by-election-haslemere-2026-07-07,2025-04-02,usable,raw_record_confidence,no,
NEWS-woking_news_mail-398f1ea03803,surrey-county-council-by-election-haslemere-2026-07-07,,no_date_evidence,,no,date_confidence='Missing'; rule E1 excludes this record rather than guessing a date
NEWS-woking_news_mail-4791409cf5d0,surrey-county-council-by-election-haslemere-2026-07-07,,no_date_evidence,,no,date_confidence='Missing'; rule E1 excludes this record rather than guessing a date
NEWS-woking_news_mail-618244708cfd,surrey-county-council-by-election-haslemere-2026-07-07,2023-06-21,usable,raw_record_confidence,no,
NEWS-woking_news_mail-6ce4c7bb7937,surrey-county-council-by-election-haslemere-2026-07-07,2026-02-26,usable,raw_record_confidence,no,
NEWS-woking_news_mail-a5d7f2c49fa3,surrey-county-council-by-election-haslemere-2026-07-07,2025-12-18,usable,raw_record_confidence,no,
NEWS-woking_news_mail-aed84da1e784,surrey-county-council-by-election-haslemere-2026-07-07,2026-07-03,usable,raw_record_confidence,no,
NEWS-woking_news_mail-ce08baa25192,surrey-county-council-by-election-haslemere-2026-07-07,,no_date_evidence,,no,date_confidence='Missing'; rule E1 excludes this record rather than guessing a date
NEWS-woking_news_mail-dfebbe75cecb,surrey-county-council-by-election-haslemere-2026-07-07,2024-08-12,usable,raw_record_confidence,no,
NEWS-woking_news_mail-ead1f6f08a4f,surrey-county-council-by-election-haslemere-2026-07-07,2024-03-11,usable,raw_record_confidence,no,
NEWS-woking_news_mail-ff263fef2f39,surrey-county-council-by-election-haslemere-2026-07-07,2024-04-22,usable,raw_record_confidence,no,
