island,analysis,period,unit,control,rows,contests,abs_bias_change,abs_bias_ci_lower,abs_bias_ci_upper,abs_bias_share_draws_negative,abs_bias_share_draws_positive,dispersion_change,dispersion_ci_lower,dispersion_ci_upper,effective_draws
validation_2021,combined_exploratory,14_to_8_days,conservative,recalibrated,81,81,3.3956,1.1989,5.6942,0.0015,0.9985,4.7675,3.2043,6.1004,2000
validation_2021,combined_exploratory,14_to_8_days,conservative,baseline,81,81,4.6972,2.3179,7.2068,0.0,1.0,4.7302,3.0592,6.1676,2000
validation_2021,combined_exploratory,14_to_8_days,green,recalibrated,36,81,4.0112,2.9935,5.0073,0.0,1.0,0.2274,-1.147,1.2945,2000
validation_2021,combined_exploratory,14_to_8_days,green,baseline,36,81,5.6504,4.5267,6.6735,0.0,1.0,0.0849,-1.4623,1.2254,2000
validation_2021,combined_exploratory,14_to_8_days,labour,recalibrated,79,81,5.7146,5.2086,6.1922,0.0,1.0,0.0437,-0.4967,0.5336,2000
validation_2021,combined_exploratory,14_to_8_days,labour,baseline,79,81,7.2138,6.6747,7.7011,0.0,1.0,0.0295,-0.5519,0.5374,2000
validation_2021,combined_exploratory,14_to_8_days,liberal_democrat,recalibrated,72,81,5.6578,3.5896,7.3752,0.0,1.0,0.6699,-0.5183,2.072,2000
validation_2021,combined_exploratory,14_to_8_days,liberal_democrat,baseline,72,81,5.8772,3.4971,7.7321,0.0,1.0,0.4291,-0.8655,1.9781,2000
validation_2021,combined_exploratory,14_to_8_days,reform_uk,recalibrated,6,81,-9.3754,-12.4937,-5.3806,1.0,0.0,-1.441,-2.6583,0.5237,1997
validation_2021,combined_exploratory,14_to_8_days,reform_uk,baseline,6,81,-10.0027,-12.9617,-6.1312,1.0,0.0,-1.2392,-2.5176,0.5778,1997
validation_2021,combined_exploratory,14_to_8_days,ukip,recalibrated,5,81,-3.0088,-6.0311,-0.1691,0.9763,0.0237,-1.2178,-2.0816,0.5749,1984
validation_2021,combined_exploratory,14_to_8_days,ukip,baseline,5,81,-4.3407,-7.184,-1.6096,1.0,0.0,-1.0746,-1.9344,0.6202,1984
validation_2021,combined_exploratory,14_to_8_days,group_mean,recalibrated,,81,,2.2983,4.013,0.0,1.0,,0.4438,1.5358,2000
validation_2021,combined_exploratory,14_to_8_days,group_mean,baseline,,81,,2.9372,4.6959,0.0,1.0,,0.3345,1.5046,2000
validation_2021,combined_exploratory,14_to_8_days,contrast,recalibrated,,81,,-15.8988,-8.5178,1.0,0.0,,-3.7042,-0.3814,1997
validation_2021,combined_exploratory,14_to_8_days,contrast,baseline,,81,,-16.9709,-9.9024,1.0,0.0,,-3.4397,-0.2435,1997
validation_2021,combined_exploratory,180_to_91_days,conservative,recalibrated,81,81,2.8237,2.1799,3.5761,0.0,1.0,-0.3694,-1.072,0.345,2000
validation_2021,combined_exploratory,180_to_91_days,conservative,baseline,81,81,4.1253,3.3489,4.9746,0.0,1.0,-0.4067,-1.2223,0.3694,2000
validation_2021,combined_exploratory,180_to_91_days,green,recalibrated,36,81,4.4384,3.6816,5.1795,0.0,1.0,0.868,0.0511,1.5294,2000
validation_2021,combined_exploratory,180_to_91_days,green,baseline,36,81,6.0776,5.3837,6.7833,0.0,1.0,0.7255,0.001,1.3266,2000
validation_2021,combined_exploratory,180_to_91_days,labour,recalibrated,79,81,0.3202,-2.5957,3.1264,0.422,0.578,0.2973,0.0708,0.525,2000
validation_2021,combined_exploratory,180_to_91_days,labour,baseline,79,81,1.8194,-1.0945,4.634,0.108,0.892,0.2831,0.0284,0.5413,2000
validation_2021,combined_exploratory,180_to_91_days,liberal_democrat,recalibrated,72,81,9.0006,7.4196,9.2194,0.0,1.0,-0.2222,-0.4794,0.0028,2000
validation_2021,combined_exploratory,180_to_91_days,liberal_democrat,baseline,72,81,9.22,7.1043,9.5545,0.0,1.0,-0.463,-0.8325,-0.0769,2000
validation_2021,combined_exploratory,180_to_91_days,reform_uk,recalibrated,6,81,-10.257,-13.9646,-5.8122,1.0,0.0,-1.2261,-1.8178,0.0,1997
validation_2021,combined_exploratory,180_to_91_days,reform_uk,baseline,6,81,-10.8843,-14.455,-6.6095,1.0,0.0,-1.0243,-1.6094,0.0,1997
validation_2021,combined_exploratory,180_to_91_days,ukip,recalibrated,5,81,-3.0088,-6.0311,-0.1908,0.9788,0.0212,-1.2178,-2.0277,0.801,1985
validation_2021,combined_exploratory,180_to_91_days,ukip,baseline,5,81,-4.3407,-7.184,-1.6909,1.0,0.0,-1.0746,-1.8678,0.8433,1985
validation_2021,combined_exploratory,180_to_91_days,group_mean,recalibrated,,81,,1.7934,3.5971,0.0,1.0,,-0.3668,0.2856,2000
validation_2021,combined_exploratory,180_to_91_days,group_mean,baseline,,81,,2.4357,4.2375,0.0,1.0,,-0.4374,0.2137,2000
validation_2021,combined_exploratory,180_to_91_days,contrast,recalibrated,,81,,-16.7937,-8.0516,1.0,0.0,,-1.7744,0.0273,1997
validation_2021,combined_exploratory,180_to_91_days,contrast,baseline,,81,,-17.9142,-9.4479,1.0,0.0,,-1.5305,0.154,1997
validation_2021,combined_exploratory,30_to_15_days,conservative,recalibrated,81,81,9.3601,6.3236,12.4384,0.0,1.0,6.869,5.0413,8.5198,2000
validation_2021,combined_exploratory,30_to_15_days,conservative,baseline,81,81,10.6617,7.4518,13.8986,0.0,1.0,6.8317,4.9139,8.587,2000
validation_2021,combined_exploratory,30_to_15_days,green,recalibrated,36,81,4.1489,3.3129,5.005,0.0,1.0,0.4339,-0.5472,1.2836,2000
validation_2021,combined_exploratory,30_to_15_days,green,baseline,36,81,5.7881,4.832,6.6872,0.0,1.0,0.2914,-0.9263,1.1982,2000
validation_2021,combined_exploratory,30_to_15_days,labour,recalibrated,79,81,7.3176,6.6642,7.9634,0.0,1.0,0.5011,-0.1996,1.1089,2000
validation_2021,combined_exploratory,30_to_15_days,labour,baseline,79,81,8.8168,8.1819,9.4392,0.0,1.0,0.4869,-0.1592,1.0617,2000
validation_2021,combined_exploratory,30_to_15_days,liberal_democrat,recalibrated,72,81,11.011,8.6636,12.4877,0.0,1.0,1.2229,-0.0357,2.3999,2000
validation_2021,combined_exploratory,30_to_15_days,liberal_democrat,baseline,72,81,11.2304,8.5122,12.7877,0.0,1.0,0.9821,-0.3504,2.2842,2000
validation_2021,combined_exploratory,30_to_15_days,reform_uk,recalibrated,6,81,-9.3754,-12.4831,-5.5266,1.0,0.0,-1.441,-2.735,0.5304,1996
validation_2021,combined_exploratory,30_to_15_days,reform_uk,baseline,6,81,-10.0027,-12.9087,-6.1968,1.0,0.0,-1.2392,-2.5176,0.5938,1996
validation_2021,combined_exploratory,30_to_15_days,ukip,recalibrated,5,81,-3.0088,-6.0311,0.0293,0.9733,0.0267,-1.2178,-1.9705,0.801,1986
validation_2021,combined_exploratory,30_to_15_days,ukip,baseline,5,81,-4.3407,-7.184,-1.4402,1.0,0.0,-1.0746,-1.8271,0.8433,1986
validation_2021,combined_exploratory,30_to_15_days,group_mean,recalibrated,,81,,4.676,6.7493,0.0,1.0,,1.0482,2.1581,2000
validation_2021,combined_exploratory,30_to_15_days,group_mean,baseline,,81,,5.3231,7.4211,0.0,1.0,,0.9373,2.1272,2000
validation_2021,combined_exploratory,30_to_15_days,contrast,recalibrated,,81,,-18.4418,-11.0599,1.0,0.0,,-4.3945,-1.0239,1996
validation_2021,combined_exploratory,30_to_15_days,contrast,baseline,,81,,-19.5739,-12.5074,1.0,0.0,,-4.1252,-0.8666,1996
validation_2021,combined_exploratory,7_to_4_days,conservative,recalibrated,81,81,10.0853,8.8409,11.3391,0.0,1.0,1.7442,0.6021,2.8545,2000
validation_2021,combined_exploratory,7_to_4_days,conservative,baseline,81,81,11.3869,10.269,12.5107,0.0,1.0,1.7069,0.6694,2.6963,2000
validation_2021,combined_exploratory,7_to_4_days,green,recalibrated,36,81,1.7079,1.3613,2.2224,0.0,1.0,0.4278,-0.0768,1.1068,2000
validation_2021,combined_exploratory,7_to_4_days,green,baseline,36,81,3.3471,3.127,3.6597,0.0,1.0,0.2853,-0.0487,0.6867,2000
validation_2021,combined_exploratory,7_to_4_days,labour,recalibrated,79,81,2.4528,2.1605,2.8083,0.0,1.0,0.1801,-0.2439,0.6817,2000
validation_2021,combined_exploratory,7_to_4_days,labour,baseline,79,81,3.952,3.7144,4.2514,0.0,1.0,0.1659,-0.1594,0.5756,2000
validation_2021,combined_exploratory,7_to_4_days,liberal_democrat,recalibrated,72,81,6.4648,4.2225,7.114,0.0,1.0,1.1858,0.5349,1.8006,2000
validation_2021,combined_exploratory,7_to_4_days,liberal_democrat,baseline,72,81,6.6842,3.8851,7.183,0.0005,0.9995,0.945,0.477,1.4169,2000
validation_2021,combined_exploratory,7_to_4_days,reform_uk,recalibrated,6,81,18.5657,17.5695,19.5168,0.0,1.0,-0.851,-1.3526,0.0,1996
validation_2021,combined_exploratory,7_to_4_days,reform_uk,baseline,6,81,17.9384,17.0146,18.7802,0.0,1.0,-0.6492,-1.1926,0.0924,1996
validation_2021,combined_exploratory,7_to_4_days,ukip,recalibrated,5,81,20.7403,19.9646,21.7622,0.0,1.0,-0.6552,-1.2222,0.427,1985
validation_2021,combined_exploratory,7_to_4_days,ukip,baseline,5,81,19.4084,18.776,20.3042,0.0,1.0,-0.512,-1.0708,0.4739,1985
validation_2021,combined_exploratory,7_to_4_days,group_mean,recalibrated,,81,,7.8562,8.5824,0.0,1.0,,0.2354,0.9494,2000
validation_2021,combined_exploratory,7_to_4_days,group_mean,baseline,,81,,8.4392,9.1844,0.0,1.0,,0.2179,0.854,2000
validation_2021,combined_exploratory,7_to_4_days,contrast,recalibrated,,81,,9.205,11.464,0.0,1.0,,-2.0445,-0.4311,1996
validation_2021,combined_exploratory,7_to_4_days,contrast,baseline,,81,,8.0523,10.0543,0.0,1.0,,-1.8035,-0.3034,1996
validation_2021,combined_exploratory,90_to_31_days,conservative,recalibrated,81,81,3.9251,3.0946,4.7336,0.0,1.0,-0.0198,-0.7791,0.7671,2000
validation_2021,combined_exploratory,90_to_31_days,conservative,baseline,81,81,5.2267,4.5072,5.9518,0.0,1.0,-0.0571,-0.7424,0.6594,2000
validation_2021,combined_exploratory,90_to_31_days,green,recalibrated,36,81,4.7053,3.7466,5.717,0.0,1.0,1.2684,0.1337,2.3676,2000
validation_2021,combined_exploratory,90_to_31_days,green,baseline,36,81,6.3445,5.5155,7.2118,0.0,1.0,1.1259,0.1567,2.0056,2000
validation_2021,combined_exploratory,90_to_31_days,labour,recalibrated,79,81,1.0545,-1.8549,3.7335,0.2265,0.7735,0.3058,-0.0315,0.7005,2000
validation_2021,combined_exploratory,90_to_31_days,labour,baseline,79,81,2.5537,-0.3797,5.2531,0.0365,0.9635,0.2916,0.0225,0.6021,2000
validation_2021,combined_exploratory,90_to_31_days,liberal_democrat,recalibrated,72,81,6.244,4.1053,6.9436,0.0,1.0,0.9091,0.2637,1.5241,2000
validation_2021,combined_exploratory,90_to_31_days,liberal_democrat,baseline,72,81,6.4634,3.872,7.0024,0.0,1.0,0.6683,0.1941,1.151,2000
validation_2021,combined_exploratory,90_to_31_days,reform_uk,recalibrated,6,81,-9.1417,-9.6071,-8.7,1.0,0.0,-0.4096,-0.6193,0.0,1994
validation_2021,combined_exploratory,90_to_31_days,reform_uk,baseline,6,81,-9.769,-10.1285,-9.4537,1.0,0.0,-0.2078,-0.4631,0.077,1994
validation_2021,combined_exploratory,90_to_31_days,ukip,recalibrated,5,81,-4.7127,-5.2318,-3.267,1.0,0.0,-0.4152,-0.6138,0.0,1993
validation_2021,combined_exploratory,90_to_31_days,ukip,baseline,5,81,-6.0446,-6.3847,-4.7579,1.0,0.0,-0.272,-0.4626,0.0522,1993
validation_2021,combined_exploratory,90_to_31_days,group_mean,recalibrated,,81,,1.4032,2.9409,0.0,1.0,,0.0714,0.7761,2000
validation_2021,combined_exploratory,90_to_31_days,group_mean,baseline,,81,,2.0291,3.5697,0.0,1.0,,0.0578,0.6601,2000
validation_2021,combined_exploratory,90_to_31_days,contrast,recalibrated,,81,,-12.2865,-10.2504,1.0,0.0,,-1.2162,-0.2982,1994
validation_2021,combined_exploratory,90_to_31_days,contrast,baseline,,81,,-13.4714,-11.5942,1.0,0.0,,-0.9628,-0.1402,1994
validation_2021,combined_exploratory,final_72_hours,conservative,recalibrated,81,81,0.0,0.0,0.0,0.0,0.0,0.0,0.0,0.0,2000
validation_2021,combined_exploratory,final_72_hours,conservative,baseline,81,81,1.3016,1.0802,1.5316,0.0,1.0,-0.0373,-0.2659,0.1918,2000
validation_2021,combined_exploratory,final_72_hours,green,recalibrated,36,81,0.0,0.0,0.0,0.0,0.0,0.0,0.0,0.0,2000
validation_2021,combined_exploratory,final_72_hours,green,baseline,36,81,1.6392,1.4331,1.7634,0.0,1.0,-0.1425,-0.4405,0.0354,2000
validation_2021,combined_exploratory,final_72_hours,labour,recalibrated,79,81,0.0,0.0,0.0,0.0,0.0,0.0,0.0,0.0,2000
validation_2021,combined_exploratory,final_72_hours,labour,baseline,79,81,1.4992,1.4296,1.5636,0.0,1.0,-0.0142,-0.1093,0.0889,2000
validation_2021,combined_exploratory,final_72_hours,liberal_democrat,recalibrated,72,81,0.0,0.0,0.0,0.0,0.0,0.0,0.0,0.0,2000
validation_2021,combined_exploratory,final_72_hours,liberal_democrat,baseline,72,81,0.2194,-0.3061,0.3988,0.1435,0.8565,-0.2408,-0.4219,-0.0236,2000
validation_2021,combined_exploratory,final_72_hours,reform_uk,recalibrated,6,81,0.0,0.0,0.0,0.0,0.0,0.0,0.0,0.0,1995
validation_2021,combined_exploratory,final_72_hours,reform_uk,baseline,6,81,-0.6273,-0.8194,-0.4255,1.0,0.0,0.2018,0.0021,0.2608,1995
validation_2021,combined_exploratory,final_72_hours,ukip,recalibrated,5,81,0.0,0.0,0.0,0.0,0.0,0.0,0.0,0.0,1989
validation_2021,combined_exploratory,final_72_hours,ukip,baseline,5,81,-1.3319,-1.4962,-1.1618,1.0,0.0,0.1432,0.0,0.1811,1989
validation_2021,combined_exploratory,final_72_hours,group_mean,recalibrated,,81,,0.0,0.0,0.0,0.0,,0.0,0.0,2000
validation_2021,combined_exploratory,final_72_hours,group_mean,baseline,,81,,0.5325,0.7382,0.0,1.0,,-0.1448,0.0241,2000
validation_2021,combined_exploratory,final_72_hours,contrast,recalibrated,,81,,0.0,0.0,0.0,0.0,,0.0,0.0,1995
validation_2021,combined_exploratory,final_72_hours,contrast,baseline,,81,,-1.5049,-1.048,1.0,0.0,,0.0414,0.3494,1995
validation_2021,local_sensitivity,14_to_8_days,conservative,recalibrated,81,81,11.0296,4.7461,16.9291,0.001,0.999,20.8192,17.4413,23.4623,2000
validation_2021,local_sensitivity,14_to_8_days,conservative,baseline,81,81,12.3312,5.9037,18.3384,0.0005,0.9995,20.7819,17.3912,23.4014,2000
validation_2021,local_sensitivity,14_to_8_days,green,recalibrated,36,81,5.397,3.796,7.9361,0.0,1.0,2.306,0.159,5.7303,2000
validation_2021,local_sensitivity,14_to_8_days,green,baseline,36,81,7.0362,5.5569,9.3743,0.0,1.0,2.1635,0.1862,5.3015,2000
validation_2021,local_sensitivity,14_to_8_days,labour,recalibrated,79,81,8.0195,7.1818,8.9727,0.0,1.0,1.2045,0.2295,2.1356,2000
validation_2021,local_sensitivity,14_to_8_days,labour,baseline,79,81,9.5187,8.7363,10.4195,0.0,1.0,1.1903,0.3011,2.0438,2000
validation_2021,local_sensitivity,14_to_8_days,liberal_democrat,recalibrated,72,81,24.7374,21.8219,26.9168,0.0,1.0,4.6157,2.7474,6.4375,2000
validation_2021,local_sensitivity,14_to_8_days,liberal_democrat,baseline,72,81,24.9568,21.7881,26.9567,0.0,1.0,4.3749,2.6272,6.0837,2000
validation_2021,local_sensitivity,14_to_8_days,reform_uk,recalibrated,6,81,-9.3754,-12.3493,-5.3646,1.0,0.0,-1.441,-2.685,0.3314,2000
validation_2021,local_sensitivity,14_to_8_days,reform_uk,baseline,6,81,-10.0027,-12.806,-6.0907,1.0,0.0,-1.2392,-2.5176,0.4074,2000
validation_2021,local_sensitivity,14_to_8_days,ukip,recalibrated,5,81,-3.0088,-6.0311,-0.1763,0.9784,0.0216,-1.2178,-2.032,0.5834,1988
validation_2021,local_sensitivity,14_to_8_days,ukip,baseline,5,81,-4.3407,-7.184,-1.6367,1.0,0.0,-1.0746,-1.8806,0.6347,1988
validation_2021,local_sensitivity,14_to_8_days,group_mean,recalibrated,,81,,7.3674,11.0695,0.0,1.0,,4.5544,6.7467,2000
validation_2021,local_sensitivity,14_to_8_days,group_mean,baseline,,81,,8.0536,11.6973,0.0,1.0,,4.5297,6.6304,2000
validation_2021,local_sensitivity,14_to_8_days,contrast,recalibrated,,81,,-22.3767,-13.713,1.0,0.0,,-8.5548,-5.0534,2000
validation_2021,local_sensitivity,14_to_8_days,contrast,baseline,,81,,-23.5346,-15.1449,1.0,0.0,,-8.265,-4.95,2000
validation_2021,local_sensitivity,180_to_91_days,conservative,recalibrated,81,81,3.8814,3.4053,4.3927,0.0,1.0,-0.129,-0.5648,0.365,2000
validation_2021,local_sensitivity,180_to_91_days,conservative,baseline,81,81,5.183,4.5681,5.834,0.0,1.0,-0.1663,-0.6943,0.4266,2000
validation_2021,local_sensitivity,180_to_91_days,green,recalibrated,36,81,4.4475,3.671,5.237,0.0,1.0,0.8817,0.1032,1.5286,2000
validation_2021,local_sensitivity,180_to_91_days,green,baseline,36,81,6.0867,5.3703,6.8219,0.0,1.0,0.7392,0.0439,1.3253,2000
validation_2021,local_sensitivity,180_to_91_days,labour,recalibrated,79,81,-2.5053,-2.6123,-2.3913,1.0,0.0,0.1071,0.0033,0.2095,2000
validation_2021,local_sensitivity,180_to_91_days,labour,baseline,79,81,-1.0061,-1.1471,-0.8654,0.998,0.002,0.0929,-0.0674,0.2484,2000
validation_2021,local_sensitivity,180_to_91_days,liberal_democrat,recalibrated,72,81,3.4412,1.6152,3.6493,0.0025,0.9975,-0.1031,-0.35,0.0901,2000
validation_2021,local_sensitivity,180_to_91_days,liberal_democrat,baseline,72,81,3.6606,1.378,3.9667,0.004,0.996,-0.3439,-0.6653,-0.0119,2000
validation_2021,local_sensitivity,180_to_91_days,reform_uk,recalibrated,6,81,-9.4644,-9.7357,-8.9226,1.0,0.0,0.2965,0.0,0.4693,1997
validation_2021,local_sensitivity,180_to_91_days,reform_uk,baseline,6,81,-10.0917,-10.4757,-9.3645,1.0,0.0,0.4983,0.1012,0.721,1997
validation_2021,local_sensitivity,180_to_91_days,ukip,recalibrated,5,81,-3.5135,-7.2927,-0.1908,0.9794,0.0206,-0.8141,-1.7874,0.5773,1990
validation_2021,local_sensitivity,180_to_91_days,ukip,baseline,5,81,-4.8454,-8.4456,-1.6909,1.0,0.0,-0.6709,-1.6313,0.6242,1990
validation_2021,local_sensitivity,180_to_91_days,group_mean,recalibrated,,81,,0.3628,1.8462,0.005,0.995,,-0.2605,0.2986,2000
validation_2021,local_sensitivity,180_to_91_days,group_mean,baseline,,81,,1.0061,2.4683,0.0005,0.9995,,-0.3111,0.2479,2000
validation_2021,local_sensitivity,180_to_91_days,contrast,recalibrated,,81,,-11.3465,-9.5385,1.0,0.0,,-0.1415,0.5942,1997
validation_2021,local_sensitivity,180_to_91_days,contrast,baseline,,81,,-12.6564,-10.7608,1.0,0.0,,-0.0023,0.8569,1997
validation_2021,local_sensitivity,30_to_15_days,conservative,recalibrated,81,81,-0.1062,-4.2957,5.0126,0.522,0.478,13.6398,10.651,16.3555,2000
validation_2021,local_sensitivity,30_to_15_days,conservative,baseline,81,81,1.1954,-3.1227,6.444,0.313,0.687,13.6025,10.5497,16.3643,2000
validation_2021,local_sensitivity,30_to_15_days,green,recalibrated,36,81,3.5164,1.3274,4.9306,0.0005,0.9995,0.2683,-0.8994,1.3057,2000
validation_2021,local_sensitivity,30_to_15_days,green,baseline,36,81,5.1556,2.7954,6.6176,0.0,1.0,0.1258,-1.2792,1.2421,2000
validation_2021,local_sensitivity,30_to_15_days,labour,recalibrated,79,81,8.1949,7.2132,9.2741,0.0,1.0,1.4354,0.2854,2.6336,2000
validation_2021,local_sensitivity,30_to_15_days,labour,baseline,79,81,9.6941,8.7728,10.7046,0.0,1.0,1.4212,0.3481,2.5368,2000
validation_2021,local_sensitivity,30_to_15_days,liberal_democrat,recalibrated,72,81,10.2579,7.008,12.9858,0.0,1.0,3.8151,1.8317,6.008,2000
validation_2021,local_sensitivity,30_to_15_days,liberal_democrat,baseline,72,81,10.4773,6.9466,13.3091,0.0,1.0,3.5743,1.6099,5.8936,2000
validation_2021,local_sensitivity,30_to_15_days,reform_uk,recalibrated,6,81,-9.3754,-12.4522,-5.3506,1.0,0.0,-1.441,-2.6256,0.0626,1996
validation_2021,local_sensitivity,30_to_15_days,reform_uk,baseline,6,81,-10.0027,-12.884,-6.096,1.0,0.0,-1.2392,-2.4921,0.1808,1996
validation_2021,local_sensitivity,30_to_15_days,ukip,recalibrated,5,81,-3.0088,-5.9749,-0.1832,0.9768,0.0232,-1.2178,-2.0816,0.8467,1987
validation_2021,local_sensitivity,30_to_15_days,ukip,baseline,5,81,-4.3407,-7.1678,-1.6624,1.0,0.0,-1.0746,-1.9344,0.8817,1987
validation_2021,local_sensitivity,30_to_15_days,group_mean,recalibrated,,81,,2.2752,5.3738,0.0,1.0,,2.8017,4.4874,2000
validation_2021,local_sensitivity,30_to_15_days,group_mean,baseline,,81,,2.8908,6.0673,0.0,1.0,,2.7145,4.4591,2000
validation_2021,local_sensitivity,30_to_15_days,contrast,recalibrated,,81,,-16.6569,-8.819,1.0,0.0,,-6.5325,-3.2487,1996
validation_2021,local_sensitivity,30_to_15_days,contrast,baseline,,81,,-17.7781,-10.2286,1.0,0.0,,-6.2914,-3.081,1996
validation_2021,local_sensitivity,7_to_4_days,conservative,recalibrated,81,81,10.0853,8.8106,11.308,0.0,1.0,1.7442,0.6183,2.8752,2000
validation_2021,local_sensitivity,7_to_4_days,conservative,baseline,81,81,11.3869,10.2716,12.4475,0.0,1.0,1.7069,0.6916,2.7235,2000
validation_2021,local_sensitivity,7_to_4_days,green,recalibrated,36,81,1.7079,1.363,2.2407,0.0,1.0,0.4278,-0.0852,1.1086,2000
validation_2021,local_sensitivity,7_to_4_days,green,baseline,36,81,3.3471,3.127,3.6737,0.0,1.0,0.2853,-0.0487,0.679,2000
validation_2021,local_sensitivity,7_to_4_days,labour,recalibrated,79,81,2.4528,2.1583,2.8015,0.0,1.0,0.1801,-0.2425,0.6711,2000
validation_2021,local_sensitivity,7_to_4_days,labour,baseline,79,81,3.952,3.7155,4.2384,0.0,1.0,0.1659,-0.1662,0.572,2000
validation_2021,local_sensitivity,7_to_4_days,liberal_democrat,recalibrated,72,81,6.4648,4.2511,7.1614,0.0,1.0,1.1858,0.5605,1.7583,2000
validation_2021,local_sensitivity,7_to_4_days,liberal_democrat,baseline,72,81,6.6842,3.9719,7.2306,0.0,1.0,0.945,0.4847,1.3972,2000
validation_2021,local_sensitivity,7_to_4_days,reform_uk,recalibrated,6,81,18.5657,17.5649,19.561,0.0,1.0,-0.851,-1.3526,0.0,1996
validation_2021,local_sensitivity,7_to_4_days,reform_uk,baseline,6,81,17.9384,17.0424,18.7974,0.0,1.0,-0.6492,-1.1788,0.0889,1996
validation_2021,local_sensitivity,7_to_4_days,ukip,recalibrated,5,81,20.7403,19.9646,21.8093,0.0,1.0,-0.6552,-1.2124,0.3858,1989
validation_2021,local_sensitivity,7_to_4_days,ukip,baseline,5,81,19.4084,18.7819,20.3207,0.0,1.0,-0.512,-1.0659,0.4442,1989
validation_2021,local_sensitivity,7_to_4_days,group_mean,recalibrated,,81,,7.8818,8.5789,0.0,1.0,,0.2478,0.9539,2000
validation_2021,local_sensitivity,7_to_4_days,group_mean,baseline,,81,,8.4272,9.1892,0.0,1.0,,0.2302,0.84,2000
validation_2021,local_sensitivity,7_to_4_days,contrast,recalibrated,,81,,9.1851,11.4519,0.0,1.0,,-2.0519,-0.4547,1996
validation_2021,local_sensitivity,7_to_4_days,contrast,baseline,,81,,8.0191,10.0637,0.0,1.0,,-1.7912,-0.331,1996
validation_2021,local_sensitivity,90_to_31_days,conservative,recalibrated,81,81,4.3871,3.7924,4.9625,0.0,1.0,0.3337,-0.218,0.9132,2000
validation_2021,local_sensitivity,90_to_31_days,conservative,baseline,81,81,5.6887,5.1145,6.2667,0.0,1.0,0.2964,-0.2513,0.8841,2000
validation_2021,local_sensitivity,90_to_31_days,green,recalibrated,36,81,4.359,3.6095,5.1496,0.0,1.0,0.9379,0.0966,1.7114,2000
validation_2021,local_sensitivity,90_to_31_days,green,baseline,36,81,5.9982,5.3428,6.6506,0.0,1.0,0.7954,0.1099,1.3431,2000
validation_2021,local_sensitivity,90_to_31_days,labour,recalibrated,79,81,2.6389,2.5001,2.8038,0.0,1.0,0.0645,-0.135,0.2835,2000
validation_2021,local_sensitivity,90_to_31_days,labour,baseline,79,81,4.1381,4.0386,4.258,0.0,1.0,0.0503,-0.068,0.1952,2000
validation_2021,local_sensitivity,90_to_31_days,liberal_democrat,recalibrated,72,81,1.4382,-3.3447,4.4664,0.2835,0.7165,0.5214,0.0023,0.9493,2000
validation_2021,local_sensitivity,90_to_31_days,liberal_democrat,baseline,72,81,1.6576,-3.1805,4.2265,0.256,0.744,0.2806,-0.1089,0.6065,2000
validation_2021,local_sensitivity,90_to_31_days,reform_uk,recalibrated,6,81,-7.6396,-7.9081,-7.4316,1.0,0.0,-0.1709,-0.3283,0.0048,1996
validation_2021,local_sensitivity,90_to_31_days,reform_uk,baseline,6,81,-8.2669,-8.4991,-8.0302,1.0,0.0,0.0309,-0.1861,0.2269,1996
validation_2021,local_sensitivity,90_to_31_days,ukip,recalibrated,5,81,-5.3538,-7.1263,-1.2644,1.0,0.0,-0.3768,-0.6833,0.0,1993
validation_2021,local_sensitivity,90_to_31_days,ukip,baseline,5,81,-6.6857,-8.2846,-2.7645,1.0,0.0,-0.2336,-0.5368,0.0,1993
validation_2021,local_sensitivity,90_to_31_days,group_mean,recalibrated,,81,,0.3562,2.6893,0.0045,0.9955,,0.019,0.5655,2000
validation_2021,local_sensitivity,90_to_31_days,group_mean,baseline,,81,,1.042,3.2744,0.0,1.0,,-0.0031,0.4649,2000
validation_2021,local_sensitivity,90_to_31_days,contrast,recalibrated,,81,,-10.3369,-7.9358,1.0,0.0,,-0.7761,-0.1117,1996
validation_2021,local_sensitivity,90_to_31_days,contrast,baseline,,81,,-11.5669,-9.2609,1.0,0.0,,-0.5467,0.1041,1996
validation_2021,local_sensitivity,final_72_hours,conservative,recalibrated,81,81,0.0,0.0,0.0,0.0,0.0,0.0,0.0,0.0,2000
validation_2021,local_sensitivity,final_72_hours,conservative,baseline,81,81,1.3016,1.0813,1.5191,0.0,1.0,-0.0373,-0.2613,0.1806,2000
validation_2021,local_sensitivity,final_72_hours,green,recalibrated,36,81,0.0,0.0,0.0,0.0,0.0,0.0,0.0,0.0,2000
validation_2021,local_sensitivity,final_72_hours,green,baseline,36,81,1.6392,1.4169,1.7678,0.0,1.0,-0.1425,-0.4401,0.0354,2000
validation_2021,local_sensitivity,final_72_hours,labour,recalibrated,79,81,0.0,0.0,0.0,0.0,0.0,0.0,0.0,0.0,2000
validation_2021,local_sensitivity,final_72_hours,labour,baseline,79,81,1.4992,1.4297,1.5609,0.0,1.0,-0.0142,-0.1149,0.0854,2000
validation_2021,local_sensitivity,final_72_hours,liberal_democrat,recalibrated,72,81,0.0,0.0,0.0,0.0,0.0,0.0,0.0,0.0,2000
validation_2021,local_sensitivity,final_72_hours,liberal_democrat,baseline,72,81,0.2194,-0.3352,0.3958,0.166,0.834,-0.2408,-0.4379,-0.0241,2000
validation_2021,local_sensitivity,final_72_hours,reform_uk,recalibrated,6,81,0.0,0.0,0.0,0.0,0.0,0.0,0.0,0.0,1996
validation_2021,local_sensitivity,final_72_hours,reform_uk,baseline,6,81,-0.6273,-0.8301,-0.4208,1.0,0.0,0.2018,0.0,0.26,1996
validation_2021,local_sensitivity,final_72_hours,ukip,recalibrated,5,81,0.0,0.0,0.0,0.0,0.0,0.0,0.0,0.0,1985
validation_2021,local_sensitivity,final_72_hours,ukip,baseline,5,81,-1.3319,-1.4909,-1.1618,1.0,0.0,0.1432,0.0,0.1838,1985
validation_2021,local_sensitivity,final_72_hours,group_mean,recalibrated,,81,,0.0,0.0,0.0,0.0,,0.0,0.0,2000
validation_2021,local_sensitivity,final_72_hours,group_mean,baseline,,81,,0.5174,0.738,0.0,1.0,,-0.1421,0.0233,2000
validation_2021,local_sensitivity,final_72_hours,contrast,recalibrated,,81,,0.0,0.0,0.0,0.0,,0.0,0.0,1996
validation_2021,local_sensitivity,final_72_hours,contrast,baseline,,81,,-1.5055,-1.0277,1.0,0.0,,0.0331,0.3498,1996
validation_2021,national_exploratory,14_to_8_days,conservative,recalibrated,81,81,3.8351,-0.6765,8.2186,0.0465,0.9535,0.2879,-0.141,0.6941,2000
validation_2021,national_exploratory,14_to_8_days,conservative,baseline,81,81,5.1367,0.6045,9.497,0.014,0.986,0.2506,-0.1473,0.6172,2000
validation_2021,national_exploratory,14_to_8_days,green,recalibrated,36,81,-0.444,-0.6576,-0.1091,0.991,0.009,0.1412,-0.1234,0.6064,2000
validation_2021,national_exploratory,14_to_8_days,green,baseline,36,81,1.1952,1.0727,1.3364,0.0,1.0,-0.0013,-0.1365,0.1932,2000
validation_2021,national_exploratory,14_to_8_days,labour,recalibrated,79,81,1.6361,-1.3263,4.2157,0.1205,0.8795,0.0788,-0.121,0.2833,2000
validation_2021,national_exploratory,14_to_8_days,labour,baseline,79,81,3.1353,0.1884,5.7217,0.019,0.981,0.0646,-0.1021,0.2452,2000
validation_2021,national_exploratory,14_to_8_days,liberal_democrat,recalibrated,72,81,4.9235,0.2589,7.9219,0.018,0.982,0.2729,-0.1572,0.6612,2000
validation_2021,national_exploratory,14_to_8_days,liberal_democrat,baseline,72,81,5.1429,0.4475,7.6793,0.016,0.984,0.0321,-0.2883,0.3415,2000
validation_2021,national_exploratory,14_to_8_days,reform_uk,recalibrated,6,81,-10.4126,-10.5279,-8.0621,1.0,0.0,-0.0907,-0.153,0.05,1992
validation_2021,national_exploratory,14_to_8_days,reform_uk,baseline,6,81,-11.0399,-11.1124,-8.8689,1.0,0.0,0.1111,0.0,0.1496,1992
validation_2021,national_exploratory,14_to_8_days,ukip,recalibrated,5,81,4.0344,3.4574,4.7288,0.0,1.0,-0.479,-0.8267,0.0,1992
validation_2021,national_exploratory,14_to_8_days,ukip,baseline,5,81,2.7025,2.2938,3.2634,0.0,1.0,-0.3358,-0.6441,0.0,1992
validation_2021,national_exploratory,14_to_8_days,group_mean,recalibrated,,81,,1.2422,4.0643,0.0005,0.9995,,-0.1024,0.2494,2000
validation_2021,national_exploratory,14_to_8_days,group_mean,baseline,,81,,1.9369,4.7036,0.0,1.0,,-0.1144,0.142,2000
validation_2021,national_exploratory,14_to_8_days,contrast,recalibrated,,81,,-14.4947,-10.4378,1.0,0.0,,-0.3312,0.0625,1992
validation_2021,national_exploratory,14_to_8_days,contrast,baseline,,81,,-15.7014,-11.9007,1.0,0.0,,-0.0767,0.2262,1992
validation_2021,national_exploratory,180_to_91_days,conservative,recalibrated,81,81,2.5768,1.9101,3.2556,0.0,1.0,-0.351,-1.0108,0.3298,2000
validation_2021,national_exploratory,180_to_91_days,conservative,baseline,81,81,3.8784,3.0768,4.6652,0.0,1.0,-0.3883,-1.1087,0.3722,2000
validation_2021,national_exploratory,180_to_91_days,green,recalibrated,36,81,4.4325,3.6709,5.1859,0.0,1.0,0.8592,0.0516,1.4791,2000
validation_2021,national_exploratory,180_to_91_days,green,baseline,36,81,6.0717,5.3846,6.7527,0.0,1.0,0.7167,-0.0091,1.2749,2000
validation_2021,national_exploratory,180_to_91_days,labour,recalibrated,79,81,0.2442,-2.5161,2.9461,0.4335,0.5665,0.281,0.0672,0.4929,2000
validation_2021,national_exploratory,180_to_91_days,labour,baseline,79,81,1.7434,-1.0292,4.4439,0.117,0.883,0.2668,0.0233,0.5154,2000
validation_2021,national_exploratory,180_to_91_days,liberal_democrat,recalibrated,72,81,8.5536,6.6684,8.7686,0.0,1.0,-0.2089,-0.4574,-0.0033,2000
validation_2021,national_exploratory,180_to_91_days,liberal_democrat,baseline,72,81,8.773,6.4801,9.097,0.0,1.0,-0.4497,-0.8252,-0.0732,2000
validation_2021,national_exploratory,180_to_91_days,reform_uk,recalibrated,6,81,-10.6391,-14.4829,-5.8215,1.0,0.0,-0.844,-1.4832,0.1759,1998
validation_2021,national_exploratory,180_to_91_days,reform_uk,baseline,6,81,-11.2664,-14.9007,-6.6145,1.0,0.0,-0.6422,-1.316,0.3134,1998
validation_2021,national_exploratory,180_to_91_days,ukip,recalibrated,5,81,-3.0088,-5.9679,0.0293,0.9729,0.0271,-1.2178,-2.0816,0.5985,1991
validation_2021,national_exploratory,180_to_91_days,ukip,baseline,5,81,-4.3407,-7.1657,-1.4402,1.0,0.0,-1.0746,-1.9344,0.6441,1991
validation_2021,national_exploratory,180_to_91_days,group_mean,recalibrated,,81,,1.6871,3.3458,0.0,1.0,,-0.3707,0.2795,2000
validation_2021,national_exploratory,180_to_91_days,group_mean,baseline,,81,,2.3272,3.9845,0.0,1.0,,-0.4338,0.2124,2000
validation_2021,national_exploratory,180_to_91_days,contrast,recalibrated,,81,,-17.1433,-7.8922,1.0,0.0,,-1.4373,0.3068,1998
validation_2021,national_exploratory,180_to_91_days,contrast,baseline,,81,,-18.2348,-9.2929,1.0,0.0,,-1.2318,0.4874,1998
validation_2021,national_exploratory,30_to_15_days,conservative,recalibrated,81,81,3.8977,3.1146,4.6785,0.0,1.0,0.2076,-0.4545,0.9546,2000
validation_2021,national_exploratory,30_to_15_days,conservative,baseline,81,81,5.1993,4.2262,6.2005,0.0,1.0,0.1703,-0.6699,1.074,2000
validation_2021,national_exploratory,30_to_15_days,green,recalibrated,36,81,4.2823,3.5022,5.0411,0.0,1.0,0.6339,-0.1663,1.2937,2000
validation_2021,national_exploratory,30_to_15_days,green,baseline,36,81,5.9215,5.1589,6.663,0.0,1.0,0.4914,-0.3863,1.1978,2000
validation_2021,national_exploratory,30_to_15_days,labour,recalibrated,79,81,-0.6272,-0.8232,-0.4419,1.0,0.0,0.1314,-0.1753,0.3667,2000
validation_2021,national_exploratory,30_to_15_days,labour,baseline,79,81,0.872,0.6103,1.1172,0.0,1.0,0.1172,-0.2878,0.4436,2000
validation_2021,national_exploratory,30_to_15_days,liberal_democrat,recalibrated,72,81,5.1545,3.612,5.6658,0.0,1.0,-0.539,-1.0649,0.0231,2000
validation_2021,national_exploratory,30_to_15_days,liberal_democrat,baseline,72,81,5.3739,3.3164,6.0463,0.0,1.0,-0.7798,-1.4708,-0.0144,2000
validation_2021,national_exploratory,30_to_15_days,reform_uk,recalibrated,6,81,-8.7361,-9.4919,-7.4092,1.0,0.0,0.8592,0.0,1.2513,1998
validation_2021,national_exploratory,30_to_15_days,reform_uk,baseline,6,81,-9.3634,-10.2556,-7.9124,1.0,0.0,1.061,0.0,1.4689,1998
validation_2021,national_exploratory,30_to_15_days,ukip,recalibrated,5,81,-4.9678,-7.2366,-0.703,0.9895,0.0105,-0.0155,-0.6718,0.3875,1991
validation_2021,national_exploratory,30_to_15_days,ukip,baseline,5,81,-6.2997,-8.4561,-2.203,1.0,0.0,0.1277,-0.5535,0.5273,1991
validation_2021,national_exploratory,30_to_15_days,group_mean,recalibrated,,81,,0.9576,2.3952,0.0,1.0,,-0.2143,0.3675,2000
validation_2021,national_exploratory,30_to_15_days,group_mean,baseline,,81,,1.6099,3.0495,0.0,1.0,,-0.3099,0.3507,2000
validation_2021,national_exploratory,30_to_15_days,contrast,recalibrated,,81,,-11.4332,-8.9716,1.0,0.0,,-0.1138,1.2697,1998
validation_2021,national_exploratory,30_to_15_days,contrast,baseline,,81,,-12.7769,-10.0659,1.0,0.0,,-0.0201,1.5651,1998
validation_2021,national_exploratory,7_to_4_days,conservative,recalibrated,81,81,0.0,0.0,0.0,0.0,0.0,0.0,0.0,0.0,2000
validation_2021,national_exploratory,7_to_4_days,conservative,baseline,81,81,1.3016,1.0769,1.519,0.0,1.0,-0.0373,-0.2637,0.1905,2000
validation_2021,national_exploratory,7_to_4_days,green,recalibrated,36,81,0.0,0.0,0.0,0.0,0.0,0.0,0.0,0.0,2000
validation_2021,national_exploratory,7_to_4_days,green,baseline,36,81,1.6392,1.4393,1.7648,0.0,1.0,-0.1425,-0.4091,0.036,2000
validation_2021,national_exploratory,7_to_4_days,labour,recalibrated,79,81,0.0,0.0,0.0,0.0,0.0,0.0,0.0,0.0,2000
validation_2021,national_exploratory,7_to_4_days,labour,baseline,79,81,1.4992,1.4271,1.5591,0.0,1.0,-0.0142,-0.1179,0.0856,2000
validation_2021,national_exploratory,7_to_4_days,liberal_democrat,recalibrated,72,81,0.0,0.0,0.0,0.0,0.0,0.0,0.0,0.0,2000
validation_2021,national_exploratory,7_to_4_days,liberal_democrat,baseline,72,81,0.2194,-0.3295,0.4015,0.1495,0.8505,-0.2408,-0.4213,-0.0241,2000
validation_2021,national_exploratory,7_to_4_days,reform_uk,recalibrated,6,81,0.0,0.0,0.0,0.0,0.0,0.0,0.0,0.0,1997
validation_2021,national_exploratory,7_to_4_days,reform_uk,baseline,6,81,-0.6273,-0.8309,-0.4321,1.0,0.0,0.2018,0.0,0.2634,1997
validation_2021,national_exploratory,7_to_4_days,ukip,recalibrated,5,81,0.0,0.0,0.0,0.0,0.0,0.0,0.0,0.0,1992
validation_2021,national_exploratory,7_to_4_days,ukip,baseline,5,81,-1.3319,-1.4874,-1.1529,1.0,0.0,0.1432,0.0,0.1824,1992
validation_2021,national_exploratory,7_to_4_days,group_mean,recalibrated,,81,,0.0,0.0,0.0,0.0,,0.0,0.0,2000
validation_2021,national_exploratory,7_to_4_days,group_mean,baseline,,81,,0.5213,0.7387,0.0,1.0,,-0.1418,0.02,2000
validation_2021,national_exploratory,7_to_4_days,contrast,recalibrated,,81,,0.0,0.0,0.0,0.0,,0.0,0.0,1997
validation_2021,national_exploratory,7_to_4_days,contrast,baseline,,81,,-1.5027,-1.0433,1.0,0.0,,0.0416,0.3482,1997
validation_2021,national_exploratory,90_to_31_days,conservative,recalibrated,81,81,5.3793,4.5474,6.1632,0.0,1.0,-0.2244,-0.9857,0.5887,2000
validation_2021,national_exploratory,90_to_31_days,conservative,baseline,81,81,6.6809,5.9326,7.4152,0.0,1.0,-0.2617,-0.9565,0.5083,2000
validation_2021,national_exploratory,90_to_31_days,green,recalibrated,36,81,4.7904,3.7268,5.9542,0.0,1.0,1.3961,0.1528,2.7675,2000
validation_2021,national_exploratory,90_to_31_days,green,baseline,36,81,6.4296,5.484,7.4092,0.0,1.0,1.2536,0.193,2.359,2000
validation_2021,national_exploratory,90_to_31_days,labour,recalibrated,79,81,1.6663,-1.2754,4.3607,0.123,0.877,0.3361,-0.0338,0.7102,2000
validation_2021,national_exploratory,90_to_31_days,labour,baseline,79,81,3.1655,0.2325,5.8835,0.022,0.978,0.3219,0.0307,0.6156,2000
validation_2021,national_exploratory,90_to_31_days,liberal_democrat,recalibrated,72,81,9.0736,7.2844,9.6886,0.0,1.0,0.7738,0.1246,1.3009,2000
validation_2021,national_exploratory,90_to_31_days,liberal_democrat,baseline,72,81,9.293,7.0134,9.7544,0.0,1.0,0.533,0.0677,0.918,2000
validation_2021,national_exploratory,90_to_31_days,reform_uk,recalibrated,6,81,-9.4762,-9.8561,-9.0068,1.0,0.0,-0.3202,-0.4822,-0.0,1993
validation_2021,national_exploratory,90_to_31_days,reform_uk,baseline,6,81,-10.1035,-10.3838,-9.8633,1.0,0.0,-0.1184,-0.3412,0.1038,1993
validation_2021,national_exploratory,90_to_31_days,ukip,recalibrated,5,81,-4.5013,-4.8992,-3.2465,1.0,0.0,-0.3371,-0.5316,0.0412,1989
validation_2021,national_exploratory,90_to_31_days,ukip,baseline,5,81,-5.8332,-6.0756,-4.7466,1.0,0.0,-0.1939,-0.3809,0.1251,1989
validation_2021,national_exploratory,90_to_31_days,group_mean,recalibrated,,81,,2.4742,4.0358,0.0,1.0,,0.0298,0.8148,2000
validation_2021,national_exploratory,90_to_31_days,group_mean,baseline,,81,,3.1201,4.6638,0.0,1.0,,0.0231,0.6841,2000
validation_2021,national_exploratory,90_to_31_days,contrast,recalibrated,,81,,-13.6482,-11.5363,1.0,0.0,,-1.1218,-0.2223,1993
validation_2021,national_exploratory,90_to_31_days,contrast,baseline,,81,,-14.8505,-12.8754,1.0,0.0,,-0.853,-0.0604,1993
validation_2021,national_exploratory,final_72_hours,conservative,recalibrated,81,81,0.0,0.0,0.0,0.0,0.0,0.0,0.0,0.0,2000
validation_2021,national_exploratory,final_72_hours,conservative,baseline,81,81,1.3016,1.0811,1.5101,0.0,1.0,-0.0373,-0.2533,0.17,2000
validation_2021,national_exploratory,final_72_hours,green,recalibrated,36,81,0.0,0.0,0.0,0.0,0.0,0.0,0.0,0.0,2000
validation_2021,national_exploratory,final_72_hours,green,baseline,36,81,1.6392,1.4229,1.7672,0.0,1.0,-0.1425,-0.4337,0.0388,2000
validation_2021,national_exploratory,final_72_hours,labour,recalibrated,79,81,0.0,0.0,0.0,0.0,0.0,0.0,0.0,0.0,2000
validation_2021,national_exploratory,final_72_hours,labour,baseline,79,81,1.4992,1.4301,1.5601,0.0,1.0,-0.0142,-0.1104,0.0894,2000
validation_2021,national_exploratory,final_72_hours,liberal_democrat,recalibrated,72,81,0.0,0.0,0.0,0.0,0.0,0.0,0.0,0.0,2000
validation_2021,national_exploratory,final_72_hours,liberal_democrat,baseline,72,81,0.2194,-0.319,0.3968,0.16,0.84,-0.2408,-0.4279,-0.0337,2000
validation_2021,national_exploratory,final_72_hours,reform_uk,recalibrated,6,81,0.0,0.0,0.0,0.0,0.0,0.0,0.0,0.0,1997
validation_2021,national_exploratory,final_72_hours,reform_uk,baseline,6,81,-0.6273,-0.8309,-0.4327,1.0,0.0,0.2018,0.0,0.2631,1997
validation_2021,national_exploratory,final_72_hours,ukip,recalibrated,5,81,0.0,0.0,0.0,0.0,0.0,0.0,0.0,0.0,1988
validation_2021,national_exploratory,final_72_hours,ukip,baseline,5,81,-1.3319,-1.5001,-1.1795,1.0,0.0,0.1432,0.0,0.1832,1988
validation_2021,national_exploratory,final_72_hours,group_mean,recalibrated,,81,,0.0,0.0,0.0,0.0,,0.0,0.0,2000
validation_2021,national_exploratory,final_72_hours,group_mean,baseline,,81,,0.528,0.739,0.0,1.0,,-0.14,0.0197,2000
validation_2021,national_exploratory,final_72_hours,contrast,recalibrated,,81,,0.0,0.0,0.0,0.0,,0.0,0.0,1997
validation_2021,national_exploratory,final_72_hours,contrast,baseline,,81,,-1.5043,-1.0498,1.0,0.0,,0.039,0.3472,1997
holdout_2026_v2,combined_exploratory,14_to_8_days,conservative,recalibrated,158,81,-1.5553,-1.6033,-1.5011,1.0,0.0,-0.0325,-0.0775,0.0079,2000
holdout_2026_v2,combined_exploratory,14_to_8_days,conservative,baseline,158,81,-1.5983,-1.6424,-1.5497,1.0,0.0,-0.0293,-0.0715,0.0068,2000
holdout_2026_v2,combined_exploratory,14_to_8_days,green,recalibrated,146,81,1.5137,-0.0681,2.0176,0.0335,0.9665,0.0115,-0.0127,0.0317,2000
holdout_2026_v2,combined_exploratory,14_to_8_days,green,baseline,146,81,1.5658,-0.0143,1.9646,0.0265,0.9735,0.0087,-0.0112,0.0267,2000
holdout_2026_v2,combined_exploratory,14_to_8_days,labour,recalibrated,126,81,-1.9794,-2.0034,-1.9507,1.0,0.0,0.0381,0.0154,0.0643,2000
holdout_2026_v2,combined_exploratory,14_to_8_days,labour,baseline,126,81,-1.9315,-1.9516,-1.9082,1.0,0.0,0.0285,0.0088,0.049,2000
holdout_2026_v2,combined_exploratory,14_to_8_days,liberal_democrat,recalibrated,161,81,1.8359,1.7965,1.8748,0.0,1.0,0.0479,0.0106,0.0853,2000
holdout_2026_v2,combined_exploratory,14_to_8_days,liberal_democrat,baseline,161,81,1.8321,1.7981,1.8659,0.0,1.0,0.0421,0.0084,0.0741,2000
holdout_2026_v2,combined_exploratory,14_to_8_days,reform_uk,recalibrated,162,81,3.8267,2.1919,5.3062,0.0,1.0,-0.0156,-0.0718,0.0402,2000
holdout_2026_v2,combined_exploratory,14_to_8_days,reform_uk,baseline,162,81,3.811,2.1746,5.2921,0.0,1.0,-0.0206,-0.0747,0.034,2000
holdout_2026_v2,combined_exploratory,14_to_8_days,group_mean,recalibrated,,81,,-0.4414,0.0875,0.5955,0.4045,,0.0035,0.0281,2000
holdout_2026_v2,combined_exploratory,14_to_8_days,group_mean,baseline,,81,,-0.4284,0.0736,0.5745,0.4255,,0.0012,0.0219,2000
holdout_2026_v2,combined_exploratory,14_to_8_days,contrast,recalibrated,,81,,2.2107,5.4656,0.0,1.0,,-0.0912,0.029,2000
holdout_2026_v2,combined_exploratory,14_to_8_days,contrast,baseline,,81,,2.1873,5.4337,0.0,1.0,,-0.0901,0.0267,2000
holdout_2026_v2,combined_exploratory,180_to_91_days,conservative,recalibrated,158,81,-1.777,-3.7958,0.3285,0.95,0.05,0.0552,-0.0196,0.1565,2000
holdout_2026_v2,combined_exploratory,180_to_91_days,conservative,baseline,158,81,-1.82,-3.8492,0.2867,0.9535,0.0465,0.0584,-0.0139,0.1565,2000
holdout_2026_v2,combined_exploratory,180_to_91_days,green,recalibrated,146,81,5.0637,3.6442,5.116,0.0,1.0,0.0212,-0.0288,0.0809,2000
holdout_2026_v2,combined_exploratory,180_to_91_days,green,baseline,146,81,5.1158,3.595,5.168,0.0,1.0,0.0184,-0.0317,0.0779,2000
holdout_2026_v2,combined_exploratory,180_to_91_days,labour,recalibrated,126,81,-1.4718,-1.5095,-1.4316,1.0,0.0,0.0244,-0.0186,0.0699,2000
holdout_2026_v2,combined_exploratory,180_to_91_days,labour,baseline,126,81,-1.4239,-1.4596,-1.3859,1.0,0.0,0.0148,-0.0261,0.0578,2000
holdout_2026_v2,combined_exploratory,180_to_91_days,liberal_democrat,recalibrated,161,81,-4.8373,-4.9474,-3.8892,1.0,0.0,0.0561,-0.0486,0.156,2000
holdout_2026_v2,combined_exploratory,180_to_91_days,liberal_democrat,baseline,161,81,-4.8411,-4.9513,-3.8944,1.0,0.0,0.0503,-0.052,0.1494,2000
holdout_2026_v2,combined_exploratory,180_to_91_days,reform_uk,recalibrated,162,81,4.6328,4.5915,4.6725,0.0,1.0,0.0414,-0.0012,0.0839,2000
holdout_2026_v2,combined_exploratory,180_to_91_days,reform_uk,baseline,162,81,4.6171,4.5766,4.6567,0.0,1.0,0.0364,-0.0046,0.0781,2000
holdout_2026_v2,combined_exploratory,180_to_91_days,group_mean,recalibrated,,81,,-1.4164,-0.1602,0.9895,0.0105,,0.0149,0.0682,2000
holdout_2026_v2,combined_exploratory,180_to_91_days,group_mean,baseline,,81,,-1.4285,-0.1494,0.989,0.011,,0.0119,0.0634,2000
holdout_2026_v2,combined_exploratory,180_to_91_days,contrast,recalibrated,,81,,4.7903,6.0452,0.0,1.0,,-0.0515,0.0507,2000
holdout_2026_v2,combined_exploratory,180_to_91_days,contrast,baseline,,81,,4.7665,6.0444,0.0,1.0,,-0.0505,0.0493,2000
holdout_2026_v2,combined_exploratory,30_to_15_days,conservative,recalibrated,158,81,-0.3229,-0.3517,-0.2908,1.0,0.0,-0.0054,-0.0311,0.0264,2000
holdout_2026_v2,combined_exploratory,30_to_15_days,conservative,baseline,158,81,-0.3659,-0.3884,-0.3407,1.0,0.0,-0.0022,-0.0221,0.0226,2000
holdout_2026_v2,combined_exploratory,30_to_15_days,green,recalibrated,146,81,0.1297,-0.1376,0.1406,0.241,0.759,0.0113,-0.0062,0.0255,2000
holdout_2026_v2,combined_exploratory,30_to_15_days,green,baseline,146,81,0.1818,-0.1879,0.1901,0.262,0.738,0.0085,-0.0048,0.0195,2000
holdout_2026_v2,combined_exploratory,30_to_15_days,labour,recalibrated,126,81,-0.3402,-0.3591,-0.3151,1.0,0.0,0.0373,0.0222,0.0624,2000
holdout_2026_v2,combined_exploratory,30_to_15_days,labour,baseline,126,81,-0.2923,-0.3064,-0.2735,1.0,0.0,0.0277,0.0162,0.0465,2000
holdout_2026_v2,combined_exploratory,30_to_15_days,liberal_democrat,recalibrated,161,81,-0.7195,-0.7481,-0.6932,1.0,0.0,0.0281,0.0021,0.0534,2000
holdout_2026_v2,combined_exploratory,30_to_15_days,liberal_democrat,baseline,161,81,-0.7233,-0.745,-0.703,1.0,0.0,0.0223,0.0014,0.0412,2000
holdout_2026_v2,combined_exploratory,30_to_15_days,reform_uk,recalibrated,162,81,0.4933,0.4771,0.5096,0.0,1.0,0.0215,0.0047,0.0358,2000
holdout_2026_v2,combined_exploratory,30_to_15_days,reform_uk,baseline,162,81,0.4776,0.4648,0.4904,0.0,1.0,0.0165,0.0032,0.0281,2000
holdout_2026_v2,combined_exploratory,30_to_15_days,group_mean,recalibrated,,81,,-0.3846,-0.3028,1.0,0.0,,0.0076,0.0307,2000
holdout_2026_v2,combined_exploratory,30_to_15_days,group_mean,baseline,,81,,-0.3959,-0.292,1.0,0.0,,0.0061,0.0234,2000
holdout_2026_v2,combined_exploratory,30_to_15_days,contrast,recalibrated,,81,,0.7854,0.8815,0.0,1.0,,-0.0173,0.02,2000
holdout_2026_v2,combined_exploratory,30_to_15_days,contrast,baseline,,81,,0.7616,0.8763,0.0,1.0,,-0.0135,0.0158,2000
holdout_2026_v2,combined_exploratory,7_to_4_days,conservative,recalibrated,158,81,-0.0886,-0.1035,-0.0742,1.0,0.0,0.0067,-0.0077,0.0201,2000
holdout_2026_v2,combined_exploratory,7_to_4_days,conservative,baseline,158,81,-0.1316,-0.1538,-0.1102,1.0,0.0,0.0099,-0.0114,0.0293,2000
holdout_2026_v2,combined_exploratory,7_to_4_days,green,recalibrated,146,81,0.1072,-0.11,0.1131,0.2355,0.7645,-0.0053,-0.0121,0.0041,2000
holdout_2026_v2,combined_exploratory,7_to_4_days,green,baseline,146,81,0.1593,-0.1633,0.1678,0.2545,0.7455,-0.0081,-0.0181,0.0061,2000
holdout_2026_v2,combined_exploratory,7_to_4_days,labour,recalibrated,126,81,0.0985,0.0859,0.1078,0.0,1.0,-0.0199,-0.0326,-0.0126,2000
holdout_2026_v2,combined_exploratory,7_to_4_days,labour,baseline,126,81,0.1464,0.1275,0.16,0.0,1.0,-0.0295,-0.0486,-0.0188,2000
holdout_2026_v2,combined_exploratory,7_to_4_days,liberal_democrat,recalibrated,161,81,-0.008,-0.0211,0.0063,0.8605,0.1395,-0.0119,-0.027,0.0005,2000
holdout_2026_v2,combined_exploratory,7_to_4_days,liberal_democrat,baseline,161,81,-0.0118,-0.0314,0.0094,0.8605,0.1395,-0.0177,-0.0401,0.0007,2000
holdout_2026_v2,combined_exploratory,7_to_4_days,reform_uk,recalibrated,162,81,-0.0326,-0.0401,-0.0242,0.9995,0.0005,-0.0093,-0.0167,-0.0016,2000
holdout_2026_v2,combined_exploratory,7_to_4_days,reform_uk,baseline,162,81,-0.0483,-0.0595,-0.036,0.9995,0.0005,-0.0143,-0.0248,-0.0024,2000
holdout_2026_v2,combined_exploratory,7_to_4_days,group_mean,recalibrated,,81,,-0.0292,0.0328,0.233,0.767,,-0.0141,-0.0022,2000
holdout_2026_v2,combined_exploratory,7_to_4_days,group_mean,baseline,,81,,-0.0433,0.0487,0.2515,0.7485,,-0.0211,-0.0035,2000
holdout_2026_v2,combined_exploratory,7_to_4_days,contrast,recalibrated,,81,,-0.0712,0.0004,0.9705,0.0295,,-0.0104,0.0079,2000
holdout_2026_v2,combined_exploratory,7_to_4_days,contrast,baseline,,81,,-0.1056,0.0006,0.9705,0.0295,,-0.0154,0.0117,2000
holdout_2026_v2,combined_exploratory,90_to_31_days,conservative,recalibrated,158,81,-1.6962,-1.7346,-1.6409,1.0,0.0,0.0098,-0.0267,0.0576,2000
holdout_2026_v2,combined_exploratory,90_to_31_days,conservative,baseline,158,81,-1.7392,-1.7724,-1.6877,1.0,0.0,0.013,-0.0183,0.057,2000
holdout_2026_v2,combined_exploratory,90_to_31_days,green,recalibrated,146,81,1.0508,-0.4328,1.0678,0.059,0.941,0.0122,-0.0091,0.0336,2000
holdout_2026_v2,combined_exploratory,90_to_31_days,green,baseline,146,81,1.1029,-0.4848,1.118,0.0625,0.9375,0.0094,-0.0082,0.0284,2000
holdout_2026_v2,combined_exploratory,90_to_31_days,labour,recalibrated,126,81,-0.5488,-0.5693,-0.5258,1.0,0.0,0.0336,0.0149,0.0615,2000
holdout_2026_v2,combined_exploratory,90_to_31_days,labour,baseline,126,81,-0.5009,-0.5182,-0.4821,1.0,0.0,0.024,0.0076,0.0464,2000
holdout_2026_v2,combined_exploratory,90_to_31_days,liberal_democrat,recalibrated,161,81,-2.7521,-2.7913,-2.7147,1.0,0.0,0.032,-0.007,0.0726,2000
holdout_2026_v2,combined_exploratory,90_to_31_days,liberal_democrat,baseline,161,81,-2.7559,-2.7903,-2.7214,1.0,0.0,0.0262,-0.0095,0.0615,2000
holdout_2026_v2,combined_exploratory,90_to_31_days,reform_uk,recalibrated,162,81,1.8357,1.8116,1.8588,0.0,1.0,0.0287,0.0054,0.0502,2000
holdout_2026_v2,combined_exploratory,90_to_31_days,reform_uk,baseline,162,81,1.82,1.7979,1.8408,0.0,1.0,0.0237,0.0027,0.0439,2000
holdout_2026_v2,combined_exploratory,90_to_31_days,group_mean,recalibrated,,81,,-1.3522,-0.9721,1.0,0.0,,0.0096,0.0383,2000
holdout_2026_v2,combined_exploratory,90_to_31_days,group_mean,baseline,,81,,-1.3643,-0.9611,1.0,0.0,,0.0079,0.032,2000
holdout_2026_v2,combined_exploratory,90_to_31_days,contrast,recalibrated,,81,,2.7876,3.1882,0.0,1.0,,-0.0246,0.0316,2000
holdout_2026_v2,combined_exploratory,90_to_31_days,contrast,baseline,,81,,2.7636,3.1858,0.0,1.0,,-0.0231,0.0283,2000
holdout_2026_v2,combined_exploratory,final_72_hours,conservative,recalibrated,158,81,-1.7491,-3.8438,0.3756,0.944,0.056,0.0518,-0.0138,0.1209,2000
holdout_2026_v2,combined_exploratory,final_72_hours,conservative,baseline,158,81,-1.7921,-3.8833,0.3295,0.947,0.053,0.055,-0.0176,0.1277,2000
holdout_2026_v2,combined_exploratory,final_72_hours,green,recalibrated,146,81,1.2951,-0.2146,1.331,0.041,0.959,-0.0217,-0.0598,0.0335,2000
holdout_2026_v2,combined_exploratory,final_72_hours,green,baseline,146,81,1.3472,-0.2669,1.3831,0.0435,0.9565,-0.0245,-0.0653,0.034,2000
holdout_2026_v2,combined_exploratory,final_72_hours,labour,recalibrated,126,81,-0.8956,-0.9533,-0.8487,1.0,0.0,-0.1046,-0.1584,-0.0661,2000
holdout_2026_v2,combined_exploratory,final_72_hours,labour,baseline,126,81,-0.8477,-0.9109,-0.796,1.0,0.0,-0.1142,-0.1734,-0.0725,2000
holdout_2026_v2,combined_exploratory,final_72_hours,liberal_democrat,recalibrated,161,81,-4.2583,-7.0125,-1.4493,0.9985,0.0015,-0.0192,-0.1063,0.0622,2000
holdout_2026_v2,combined_exploratory,final_72_hours,liberal_democrat,baseline,161,81,-4.2621,-7.0148,-1.4519,0.9985,0.0015,-0.025,-0.1182,0.0599,2000
holdout_2026_v2,combined_exploratory,final_72_hours,reform_uk,recalibrated,162,81,3.4257,3.3809,3.4689,0.0,1.0,-0.0464,-0.092,-0.0014,2000
holdout_2026_v2,combined_exploratory,final_72_hours,reform_uk,baseline,162,81,3.41,3.362,3.4561,0.0,1.0,-0.0514,-0.0993,-0.0032,2000
holdout_2026_v2,combined_exploratory,final_72_hours,group_mean,recalibrated,,81,,-2.4273,-0.3916,0.9965,0.0035,,-0.0503,0.0032,2000
holdout_2026_v2,combined_exploratory,final_72_hours,group_mean,baseline,,81,,-2.4155,-0.3894,0.9965,0.0035,,-0.0566,0.0017,2000
holdout_2026_v2,combined_exploratory,final_72_hours,contrast,recalibrated,,81,,3.8223,5.8611,0.0,1.0,,-0.0776,0.0306,2000
holdout_2026_v2,combined_exploratory,final_72_hours,contrast,baseline,,81,,3.7985,5.8306,0.0,1.0,,-0.0808,0.0331,2000
holdout_2026_v2,national_exploratory,14_to_8_days,conservative,recalibrated,158,81,0.0466,0.0391,0.0541,0.0,1.0,-0.0035,-0.0101,0.0043,2000
holdout_2026_v2,national_exploratory,14_to_8_days,conservative,baseline,158,81,0.0036,0.003,0.0042,0.0,1.0,-0.0003,-0.0008,0.0003,2000
holdout_2026_v2,national_exploratory,14_to_8_days,green,recalibrated,146,81,-0.0564,-0.0594,0.0583,0.703,0.297,0.003,-0.0022,0.0068,2000
holdout_2026_v2,national_exploratory,14_to_8_days,green,baseline,146,81,-0.0043,-0.0046,0.0045,0.684,0.316,0.0002,-0.0002,0.0005,2000
holdout_2026_v2,national_exploratory,14_to_8_days,labour,recalibrated,126,81,-0.0518,-0.0567,-0.0457,1.0,0.0,0.0104,0.0068,0.0174,2000
holdout_2026_v2,national_exploratory,14_to_8_days,labour,baseline,126,81,-0.0039,-0.0044,-0.0035,1.0,0.0,0.0008,0.0005,0.0013,2000
holdout_2026_v2,national_exploratory,14_to_8_days,liberal_democrat,recalibrated,161,81,0.0041,-0.0033,0.0108,0.1225,0.8775,0.0063,-0.0003,0.0142,2000
holdout_2026_v2,national_exploratory,14_to_8_days,liberal_democrat,baseline,161,81,0.0003,-0.0003,0.0008,0.123,0.877,0.0005,-0.0,0.0011,2000
holdout_2026_v2,national_exploratory,14_to_8_days,reform_uk,recalibrated,162,81,0.0171,0.0129,0.0213,0.0005,0.9995,0.0054,0.0011,0.0088,2000
holdout_2026_v2,national_exploratory,14_to_8_days,reform_uk,baseline,162,81,0.0014,0.001,0.0016,0.0005,0.9995,0.0004,0.0001,0.0007,2000
holdout_2026_v2,national_exploratory,14_to_8_days,group_mean,recalibrated,,81,,-0.0172,0.0155,0.705,0.295,,0.0014,0.0075,2000
holdout_2026_v2,national_exploratory,14_to_8_days,group_mean,baseline,,81,,-0.0013,0.0012,0.684,0.316,,0.0001,0.0006,2000
holdout_2026_v2,national_exploratory,14_to_8_days,contrast,recalibrated,,81,,-0.0006,0.0374,0.035,0.965,,-0.0044,0.0054,2000
holdout_2026_v2,national_exploratory,14_to_8_days,contrast,baseline,,81,,-0.0001,0.0029,0.0365,0.9635,,-0.0003,0.0004,2000
holdout_2026_v2,national_exploratory,180_to_91_days,conservative,recalibrated,158,81,-1.84,-3.7752,0.2497,0.9605,0.0395,0.055,-0.0195,0.1575,2000
holdout_2026_v2,national_exploratory,180_to_91_days,conservative,baseline,158,81,-1.883,-3.8181,0.2071,0.9635,0.0365,0.0582,-0.0146,0.1575,2000
holdout_2026_v2,national_exploratory,180_to_91_days,green,recalibrated,146,81,5.0426,3.6262,5.0941,0.0,1.0,0.0219,-0.0296,0.082,2000
holdout_2026_v2,national_exploratory,180_to_91_days,green,baseline,146,81,5.0947,3.5757,5.1443,0.0,1.0,0.0191,-0.0322,0.0796,2000
holdout_2026_v2,national_exploratory,180_to_91_days,labour,recalibrated,126,81,-1.4571,-1.4948,-1.4166,1.0,0.0,0.0278,-0.0148,0.0735,2000
holdout_2026_v2,national_exploratory,180_to_91_days,labour,baseline,126,81,-1.4092,-1.4449,-1.3709,1.0,0.0,0.0182,-0.023,0.0607,2000
holdout_2026_v2,national_exploratory,180_to_91_days,liberal_democrat,recalibrated,161,81,-4.8459,-4.9499,-3.8341,1.0,0.0,0.0574,-0.0475,0.1545,2000
holdout_2026_v2,national_exploratory,180_to_91_days,liberal_democrat,baseline,161,81,-4.8497,-4.9545,-3.8397,1.0,0.0,0.0516,-0.051,0.1479,2000
holdout_2026_v2,national_exploratory,180_to_91_days,reform_uk,recalibrated,162,81,4.7156,4.6738,4.7556,0.0,1.0,0.0432,0.0027,0.0827,2000
holdout_2026_v2,national_exploratory,180_to_91_days,reform_uk,baseline,162,81,4.6999,4.6589,4.7385,0.0,1.0,0.0382,-0.0015,0.0775,2000
holdout_2026_v2,national_exploratory,180_to_91_days,group_mean,recalibrated,,81,,-1.4067,-0.1979,0.993,0.007,,0.0144,0.0722,2000
holdout_2026_v2,national_exploratory,180_to_91_days,group_mean,baseline,,81,,-1.4205,-0.1904,0.9925,0.0075,,0.0119,0.0671,2000
holdout_2026_v2,national_exploratory,180_to_91_days,contrast,recalibrated,,81,,4.9088,6.1226,0.0,1.0,,-0.0507,0.0509,2000
holdout_2026_v2,national_exploratory,180_to_91_days,contrast,baseline,,81,,4.8831,6.1168,0.0,1.0,,-0.0508,0.0486,2000
holdout_2026_v2,national_exploratory,30_to_15_days,conservative,recalibrated,158,81,1.0861,0.8951,1.3,0.0,1.0,0.0041,-0.1756,0.1824,2000
holdout_2026_v2,national_exploratory,30_to_15_days,conservative,baseline,158,81,1.0431,0.8587,1.2498,0.0,1.0,0.0073,-0.1665,0.1796,2000
holdout_2026_v2,national_exploratory,30_to_15_days,green,recalibrated,146,81,1.2015,-0.368,1.7421,0.0815,0.9185,0.0906,-0.0287,0.1986,2000
holdout_2026_v2,national_exploratory,30_to_15_days,green,baseline,146,81,1.2536,-0.3173,1.6942,0.069,0.931,0.0878,-0.0266,0.1927,2000
holdout_2026_v2,national_exploratory,30_to_15_days,labour,recalibrated,126,81,-1.1205,-1.2608,-0.9407,1.0,0.0,0.3357,0.2086,0.4994,2000
holdout_2026_v2,national_exploratory,30_to_15_days,labour,baseline,126,81,-1.0726,-1.208,-0.899,1.0,0.0,0.3261,0.2017,0.4833,2000
holdout_2026_v2,national_exploratory,30_to_15_days,liberal_democrat,recalibrated,161,81,-0.1754,-0.3905,0.0108,0.9635,0.0365,0.2075,0.0131,0.4,2000
holdout_2026_v2,national_exploratory,30_to_15_days,liberal_democrat,baseline,161,81,-0.1792,-0.387,0.0008,0.9745,0.0255,0.2017,0.0134,0.3871,2000
holdout_2026_v2,national_exploratory,30_to_15_days,reform_uk,recalibrated,162,81,0.6326,0.5243,0.7455,0.0,1.0,0.1543,0.0564,0.2542,2000
holdout_2026_v2,national_exploratory,30_to_15_days,reform_uk,baseline,162,81,0.6169,0.5122,0.7258,0.0,1.0,0.1493,0.0547,0.2459,2000
holdout_2026_v2,national_exploratory,30_to_15_days,group_mean,recalibrated,,81,,-0.1515,0.425,0.1345,0.8655,,0.0793,0.2362,2000
holdout_2026_v2,national_exploratory,30_to_15_days,group_mean,baseline,,81,,-0.1402,0.4113,0.1205,0.8795,,0.0774,0.2294,2000
holdout_2026_v2,national_exploratory,30_to_15_days,contrast,recalibrated,,81,,0.1619,0.7994,0.0,1.0,,-0.1247,0.1171,2000
holdout_2026_v2,national_exploratory,30_to_15_days,contrast,baseline,,81,,0.1577,0.7689,0.0,1.0,,-0.1204,0.1125,2000
holdout_2026_v2,national_exploratory,7_to_4_days,conservative,recalibrated,158,81,0.0,0.0,0.0,0.0,0.0,0.0,0.0,0.0,2000
holdout_2026_v2,national_exploratory,7_to_4_days,conservative,baseline,158,81,-0.043,-0.0499,-0.0362,1.0,0.0,0.0032,-0.0047,0.0092,2000
holdout_2026_v2,national_exploratory,7_to_4_days,green,recalibrated,146,81,0.0,0.0,0.0,0.0,0.0,0.0,0.0,0.0,2000
holdout_2026_v2,national_exploratory,7_to_4_days,green,baseline,146,81,0.0521,-0.0538,0.0548,0.3105,0.6895,-0.0028,-0.006,0.0021,2000
holdout_2026_v2,national_exploratory,7_to_4_days,labour,recalibrated,126,81,0.0,0.0,0.0,0.0,0.0,0.0,0.0,0.0,2000
holdout_2026_v2,national_exploratory,7_to_4_days,labour,baseline,126,81,0.0479,0.042,0.0526,0.0,1.0,-0.0096,-0.0157,-0.0062,2000
holdout_2026_v2,national_exploratory,7_to_4_days,liberal_democrat,recalibrated,161,81,0.0,0.0,0.0,0.0,0.0,0.0,0.0,0.0,2000
holdout_2026_v2,national_exploratory,7_to_4_days,liberal_democrat,baseline,161,81,-0.0038,-0.0099,0.003,0.868,0.132,-0.0058,-0.0129,-0.0,2000
holdout_2026_v2,national_exploratory,7_to_4_days,reform_uk,recalibrated,162,81,0.0,0.0,0.0,0.0,0.0,0.0,0.0,0.0,2000
holdout_2026_v2,national_exploratory,7_to_4_days,reform_uk,baseline,162,81,-0.0157,-0.0196,-0.012,0.999,0.001,-0.005,-0.0082,-0.0009,2000
holdout_2026_v2,national_exploratory,7_to_4_days,group_mean,recalibrated,,81,,0.0,0.0,0.0,0.0,,0.0,0.0,2000
holdout_2026_v2,national_exploratory,7_to_4_days,group_mean,baseline,,81,,-0.0143,0.0159,0.3095,0.6905,,-0.007,-0.0013,2000
holdout_2026_v2,national_exploratory,7_to_4_days,contrast,recalibrated,,81,,0.0,0.0,0.0,0.0,,0.0,0.0,2000
holdout_2026_v2,national_exploratory,7_to_4_days,contrast,baseline,,81,,-0.0347,0.0006,0.96,0.04,,-0.0049,0.0038,2000
holdout_2026_v2,national_exploratory,90_to_31_days,conservative,recalibrated,158,81,-1.7247,-1.785,-1.6514,1.0,0.0,0.0102,-0.0474,0.0723,2000
holdout_2026_v2,national_exploratory,90_to_31_days,conservative,baseline,158,81,-1.7677,-1.8215,-1.6998,1.0,0.0,0.0134,-0.0392,0.0689,2000
holdout_2026_v2,national_exploratory,90_to_31_days,green,recalibrated,146,81,1.1596,-0.2349,1.1829,0.0435,0.9565,0.0208,-0.0128,0.0506,2000
holdout_2026_v2,national_exploratory,90_to_31_days,green,baseline,146,81,1.2117,-0.288,1.2326,0.0505,0.9495,0.018,-0.0116,0.0451,2000
holdout_2026_v2,national_exploratory,90_to_31_days,labour,recalibrated,126,81,-0.8291,-0.8626,-0.7897,1.0,0.0,0.0645,0.0347,0.1092,2000
holdout_2026_v2,national_exploratory,90_to_31_days,labour,baseline,126,81,-0.7812,-0.8105,-0.747,1.0,0.0,0.0549,0.0277,0.0947,2000
holdout_2026_v2,national_exploratory,90_to_31_days,liberal_democrat,recalibrated,161,81,-2.6468,-2.7035,-2.5923,1.0,0.0,0.056,-0.0011,0.1133,2000
holdout_2026_v2,national_exploratory,90_to_31_days,liberal_democrat,baseline,161,81,-2.6506,-2.7018,-2.6008,1.0,0.0,0.0502,-0.0021,0.1018,2000
holdout_2026_v2,national_exploratory,90_to_31_days,reform_uk,recalibrated,162,81,1.7667,1.7361,1.7996,0.0,1.0,0.0446,0.0103,0.0755,2000
holdout_2026_v2,national_exploratory,90_to_31_days,reform_uk,baseline,162,81,1.751,1.7226,1.781,0.0,1.0,0.0396,0.0087,0.0683,2000
holdout_2026_v2,national_exploratory,90_to_31_days,group_mean,recalibrated,,81,,-1.3584,-0.9895,1.0,0.0,,0.0179,0.0607,2000
holdout_2026_v2,national_exploratory,90_to_31_days,group_mean,baseline,,81,,-1.3713,-0.9787,1.0,0.0,,0.0161,0.054,2000
holdout_2026_v2,national_exploratory,90_to_31_days,contrast,recalibrated,,81,,2.7336,3.1147,0.0,1.0,,-0.0352,0.0427,2000
holdout_2026_v2,national_exploratory,90_to_31_days,contrast,baseline,,81,,2.7092,3.1078,0.0,1.0,,-0.0318,0.0385,2000
holdout_2026_v2,national_exploratory,final_72_hours,conservative,recalibrated,158,81,-0.1782,-0.2073,-0.1508,1.0,0.0,0.0134,-0.0165,0.0403,2000
holdout_2026_v2,national_exploratory,final_72_hours,conservative,baseline,158,81,-0.2212,-0.2573,-0.1872,1.0,0.0,0.0166,-0.0206,0.0491,2000
holdout_2026_v2,national_exploratory,final_72_hours,green,recalibrated,146,81,0.2157,-0.2213,0.2273,0.2035,0.7965,-0.0102,-0.0247,0.0082,2000
holdout_2026_v2,national_exploratory,final_72_hours,green,baseline,146,81,0.2678,-0.2746,0.282,0.218,0.782,-0.013,-0.0309,0.01,2000
holdout_2026_v2,national_exploratory,final_72_hours,labour,recalibrated,126,81,0.1982,0.1749,0.2175,0.0,1.0,-0.0398,-0.0632,-0.0244,2000
holdout_2026_v2,national_exploratory,final_72_hours,labour,baseline,126,81,0.2461,0.217,0.2699,0.0,1.0,-0.0494,-0.0788,-0.0304,2000
holdout_2026_v2,national_exploratory,final_72_hours,liberal_democrat,recalibrated,161,81,-0.0161,-0.041,0.0118,0.8755,0.1245,-0.0239,-0.0525,0.0013,2000
holdout_2026_v2,national_exploratory,final_72_hours,liberal_democrat,baseline,161,81,-0.0199,-0.0509,0.0147,0.8755,0.1245,-0.0297,-0.0658,0.0014,2000
holdout_2026_v2,national_exploratory,final_72_hours,reform_uk,recalibrated,162,81,-0.0656,-0.0814,-0.0497,0.9995,0.0005,-0.0184,-0.0338,-0.0034,2000
holdout_2026_v2,national_exploratory,final_72_hours,reform_uk,baseline,162,81,-0.0813,-0.101,-0.0616,0.9995,0.0005,-0.0234,-0.042,-0.0043,2000
holdout_2026_v2,national_exploratory,final_72_hours,group_mean,recalibrated,,81,,-0.057,0.0659,0.2015,0.7985,,-0.0281,-0.0046,2000
holdout_2026_v2,national_exploratory,final_72_hours,group_mean,baseline,,81,,-0.0708,0.0818,0.2185,0.7815,,-0.035,-0.0061,2000
holdout_2026_v2,national_exploratory,final_72_hours,contrast,recalibrated,,81,,-0.1427,-0.0031,0.983,0.017,,-0.0206,0.0166,2000
holdout_2026_v2,national_exploratory,final_72_hours,contrast,baseline,,81,,-0.177,-0.0039,0.983,0.017,,-0.0255,0.0209,2000
