field_name,role,data_type,definition,temporal_availability,source,missing_value_policy,allowed_in_no_news_model
election_id,identifier,string,Stable target-election identifier.,Known before target election,Extractor configuration.,Never missing.,No
election_date,identifier,date,Target election date in ISO YYYY-MM-DD form.,Known before target election,Official election record.,Never missing.,No
area_id,identifier,string,Stable target division or ward identifier.,Known before target election,Official result page.,Never missing.,No
area_name,identifier,string,Published target division or ward name.,Known before target election,Official result page.,Never missing.,No
standard_party_name,identifier,string,Project-standardised party label; Reform UK and UKIP remain distinct.,Known before target election,Audited party lookup.,Never missing in released rows.,No
previous_party_vote_share,predictor,number,Previous comparable result share for the same exact standardised party.,Known before target election,Approved earlier official result.,NULL when no approved comparable area or identifiable prior party contest exists.,Yes
previous_party_rank,predictor,integer,Party rank in the approved previous comparable result.,Known before target election,Approved earlier official result.,NULL when rank or a comparable party contest is unavailable.,Yes
previous_party_was_winner,predictor,boolean,Whether the party won a seat in the approved previous result.,Known before target election,Approved earlier official outcome.,NULL without an approved identifiable prior party contest.,Yes
previous_winning_margin,predictor,number,Winning margin in votes in the approved previous comparable area.,Known before target election,Approved earlier result and governed margin layer.,NULL without an approved previous result or defined margin.,Yes
previous_turnout,predictor,number,Turnout percentage in the approved previous comparable area.,Known before target election,Earlier official or separately cited supplementary official evidence.,NULL without approved comparable turnout evidence.,Yes
incumbent_party,predictor,boolean,Whether the current party was an incumbent winning party in the approved predecessor.,Known before target election,Approved prior outcome and party continuity evidence.,NULL when party or geography is not historically identifiable.,Yes
incumbent_candidate_present,predictor,boolean,Whether at least one current candidate has verified pre-election incumbent status.,Known before target election,Audited chronological councillor roster.,NULL where the project history cannot establish candidate status.,Yes
candidate_previously_stood,predictor,boolean,Whether at least one current candidate is verified as previously standing.,Known before target election,Audited candidate-history evidence.,NULL where identity history is not observable.,Yes
party_previously_stood,predictor,boolean,Whether the exact current party label contested the approved predecessor.,Known before target election,Approved earlier official result.,NULL without approved comparable party history.,Yes
first_party_appearance_in_area,predictor,boolean,First observed exact party label within the approved project lineage.,Known before target election,Approved project election lineage.,NULL when the prior lineage is unavailable or ambiguous.,Yes
new_party_indicator,predictor,boolean,Whether the party is a new entrant under the pre-election project definition.,Known before target election,Party history and approved prior-contest evidence.,NULL where new-entry status cannot be established.,Yes
election_type,predictor,string,Target election type known before polling day.,Known before target election,Election configuration and official record.,Never missing.,Yes
number_of_seats,predictor,integer,Seats available in the target contest.,Known before target election,Official or separately cited statutory evidence.,Never missing in the analysis-ready release.,Yes
number_of_candidates,predictor,integer,Candidates on the target ballot known before polling day.,Known before target election,Complete official candidate list.,Never missing.,Yes
days_since_previous_comparable_election,predictor,integer,Calendar days from approved predecessor to target election.,Known before target election,Official election dates.,NULL when no predecessor is approved.,Yes
previous_ukip_vote_share_in_area,predictor,number,Separate earlier UKIP context for Reform UK only; never Reform's own lagged share.,Known before target election,Approved earlier official UKIP result or validated exact-zero evidence.,NULL where changed geography intersects earlier UKIP support and no defensible estimate exists.,Yes
previous_election_id,provenance,string,Identifier of the approved predecessor.,Known before target election,Historical-reference audit.,NULL when no predecessor is approved.,No
previous_election_date,provenance,date,Date of the approved predecessor.,Known before target election,Official election record.,NULL when no predecessor is approved.,No
previous_area_id,provenance,string,Approved predecessor-area identifier.,Known before target election,Historical-reference audit.,NULL when no predecessor is approved.,No
previous_area_name,provenance,string,Published predecessor-area name.,Known before target election,Earlier official result.,NULL when no predecessor is approved.,No
historical_reference_status,provenance,string,Reviewed eligibility decision for the historical link.,Known before target election,Historical-reference audit.,Always populated with approval or non-applicability status.,No
historical_source_url,provenance,string,Official URL supporting the historical predictors.,Known before target election,Earlier official result source.,NULL when no predecessor is approved.,No
previous_ukip_vote_share_status,provenance,string,Evidence status for the separate UKIP context.,Known before target election,UKIP geographic and result audit.,Always populated including non-applicable rows.,No
previous_ukip_vote_share_method,provenance,string,Method used to obtain the UKIP context value.,Known before target election,UKIP audit.,NULL when the value is unavailable or not applicable.,No
previous_ukip_source_election_id,provenance,string,Earlier election supplying UKIP context.,Known before target election,UKIP audit.,NULL without UKIP evidence.,No
previous_ukip_source_area_id,provenance,string,Single earlier area supplying direct UKIP context.,Known before target election,UKIP audit.,NULL for multi-area unavailable or non-applicable evidence.,No
previous_ukip_source_area_ids,provenance,list,All predecessor areas checked for UKIP context.,Known before target election,UKIP audit.,NULL when not applicable.,No
previous_ukip_geographic_coverage_percent,provenance,number,Share of target geography covered by the audited UKIP relation.,Known before target election,Official GIS overlap audit.,NULL when no geographic assessment applies.,No
source_party_contest_count,provenance,integer,Number of extractor party-contest records consolidated into the row.,Known before target election,Extractor feature contract.,Never missing.,No
source_party_contest_ids,provenance,list,Extractor record IDs consolidated into the row.,Known before target election,Extractor feature contract.,Never missing.,No
evaluation_current_party_vote_share,evaluation,number,Realised target-election party share used only for evaluation.,Observed after target election,Extractor target contract.,NULL when a coherent party-level share is not defined.,No
evaluation_party_vote_share_method,evaluation,string,Method used to define the realised party vote share for the electoral system.,Observed after target election,Official candidate votes and the documented multi-member convention.,Never missing when evaluation party vote share is available.,No
evaluation_current_party_vote_share_average_candidate_sensitivity,evaluation,number,Alternative multi-member party share based on mean candidate votes before ward normalisation.,Observed after target election,Official candidate votes and Ware et al. (2006).,Equals the primary share in single-member contests and is NULL only without complete candidate votes.,No
evaluation_party_vote_share_sensitivity_gap_pp,evaluation,number,Absolute percentage-point difference between primary and average-candidate party-share definitions.,Observed after target election,Calculated from the two documented evaluation definitions.,Zero for single-member contests and NULL only when either definition is unavailable.,No
evaluation_current_party_was_winner,evaluation,boolean,Whether the party won at least one target-election seat.,Observed after target election,Official target-election outcome.,NULL only if all component outcomes are unavailable.,No
evaluation_current_party_seats_won,evaluation,integer,Seats won by the party in the target contest.,Observed after target election,Official target-election outcome.,NULL if component seat outcomes are unavailable.,No
evaluation_source_urls,evaluation,list,Official target-result URLs used for evaluation values.,Observed after target election,Extractor target contract.,NULL only when target provenance is unavailable.,No
