election_id,standard_party_key,period,period_kind,split_role,party_article_count,party_article_share,unfavourable_count,favourable_count,net_portrayal,net_portrayal_share,article_count,local_article_count,national_article_count,local_share,independent_source_count,reform_named_count,reform_share_of_coverage,local_party_article_count,local_party_article_share,local_unfavourable_count,local_favourable_count,local_net_portrayal,local_net_portrayal_share,national_party_article_count,national_party_article_share,national_unfavourable_count,national_favourable_count,national_net_portrayal,national_net_portrayal_share,issue_immigration_count,issue_immigration_share,issue_crime_policing_count,issue_crime_policing_share,issue_housing_planning_count,issue_housing_planning_share,issue_council_services_count,issue_council_services_share,issue_national_politics_count,issue_national_politics_share,issue_issue_other_count,issue_issue_other_share,issue_none_count,issue_none_share,frame_incumbent_judgement_count,frame_incumbent_judgement_share,frame_challenger_emergence_count,frame_challenger_emergence_share,frame_voter_discontent_count,frame_voter_discontent_share,frame_local_impact_count,frame_local_impact_share
ESWS-2026-05,conservative,180_to_91_days,window,test,137,0.496377,86,3,-83,-0.605839,276,8,268,0.028986,2,137,0.496377,4,0.5,3,0,-3,-0.75,133,0.496269,83,3,-80,-0.601504,28,0.103321,0,0.0,0,0.0,19,0.070111,148,0.546125,67,0.247232,9,0.03321,174,0.630435,64,0.231884,68,0.246377,65,0.235507
ESWS-2026-05,conservative,90_to_31_days,window,test,28,0.491228,20,0,-20,-0.714286,57,12,45,0.210526,2,25,0.438596,4,0.333333,2,0,-2,-0.5,24,0.533333,18,0,-18,-0.75,5,0.089286,0,0.0,0,0.0,5,0.089286,21,0.375,23,0.410714,2,0.035714,36,0.631579,12,0.210526,16,0.280702,19,0.333333
ESWS-2026-05,conservative,30_to_15_days,window,test,4,0.571429,1,0,-1,-0.25,7,6,1,0.857143,3,3,0.428571,3,0.5,0,0,0,0.0,1,1.0,1,0,-1,-1.0,1,0.142857,0,0.0,0,0.0,0,0.0,1,0.142857,5,0.714286,0,0.0,2,0.285714,3,0.428571,1,0.142857,0,0.0
ESWS-2026-05,conservative,14_to_8_days,window,test,3,0.6,2,0,-2,-0.666667,5,5,0,1.0,2,3,0.6,3,0.6,2,0,-2,-0.666667,0,,0,0,0,,0,0.0,0,0.0,0,0.0,1,0.2,0,0.0,4,0.8,0,0.0,2,0.4,0,0.0,2,0.4,4,0.8
ESWS-2026-05,conservative,7_to_4_days,window,test,0,,0,0,0,,0,0,0,,0,0,,0,,0,0,0,,0,,0,0,0,,0,,0,,0,,0,,0,,0,,0,,0,,0,,0,,0,
ESWS-2026-05,conservative,final_72_hours,window,test,3,0.75,2,0,-2,-0.666667,4,4,0,1.0,2,3,0.75,3,0.75,2,0,-2,-0.666667,0,,0,0,0,,0,0.0,0,0.0,0,0.0,0,0.0,1,0.25,3,0.75,0,0.0,0,0.0,2,0.5,1,0.25,0,0.0
ESWS-2026-05,conservative,previous_72_hours,snapshot,test,3,0.75,2,0,-2,-0.666667,4,4,0,1.0,2,3,0.75,3,0.75,2,0,-2,-0.666667,0,,0,0,0,,0,0.0,0,0.0,0,0.0,0,0.0,1,0.25,3,0.75,0,0.0,0,0.0,2,0.5,1,0.25,0,0.0
ESWS-2026-05,conservative,previous_7_days,snapshot,test,3,0.75,2,0,-2,-0.666667,4,4,0,1.0,2,3,0.75,3,0.75,2,0,-2,-0.666667,0,,0,0,0,,0,0.0,0,0.0,0,0.0,0,0.0,1,0.25,3,0.75,0,0.0,0,0.0,2,0.5,1,0.25,0,0.0
ESWS-2026-05,conservative,previous_14_days,snapshot,test,6,0.666667,4,0,-4,-0.666667,9,9,0,1.0,3,6,0.666667,6,0.666667,4,0,-4,-0.666667,0,,0,0,0,,0,0.0,0,0.0,0,0.0,1,0.111111,1,0.111111,7,0.777778,0,0.0,2,0.222222,2,0.222222,3,0.333333,4,0.444444
ESWS-2026-05,conservative,previous_30_days,snapshot,test,10,0.625,5,0,-5,-0.5,16,15,1,0.9375,3,9,0.5625,9,0.6,4,0,-4,-0.444444,1,1.0,1,0,-1,-1.0,1,0.0625,0,0.0,0,0.0,1,0.0625,2,0.125,12,0.75,0,0.0,4,0.25,5,0.3125,4,0.25,4,0.25
ESWS-2026-05,conservative,previous_90_days,snapshot,test,38,0.520548,25,0,-25,-0.657895,73,27,46,0.369863,3,34,0.465753,13,0.481481,6,0,-6,-0.461538,25,0.543478,19,0,-19,-0.76,6,0.083333,0,0.0,0,0.0,6,0.083333,23,0.319444,35,0.486111,2,0.027778,40,0.547945,17,0.232877,20,0.273973,23,0.315068
ESWS-2026-05,conservative,previous_180_days,snapshot,test,175,0.501433,111,3,-108,-0.617143,349,35,314,0.100287,3,171,0.489971,17,0.485714,9,0,-9,-0.529412,158,0.503185,102,3,-99,-0.626582,34,0.099125,0,0.0,0,0.0,25,0.072886,171,0.498542,102,0.297376,11,0.03207,214,0.613181,81,0.232092,88,0.252149,88,0.252149
ESWS-2026-05,green,180_to_91_days,window,test,38,0.137681,7,16,9,0.236842,276,8,268,0.028986,2,137,0.496377,0,0.0,0,0,0,,38,0.141791,7,16,9,0.236842,28,0.103321,0,0.0,0,0.0,19,0.070111,148,0.546125,67,0.247232,9,0.03321,174,0.630435,64,0.231884,68,0.246377,65,0.235507
ESWS-2026-05,green,90_to_31_days,window,test,17,0.298246,5,5,0,0.0,57,12,45,0.210526,2,25,0.438596,1,0.083333,0,0,0,0.0,16,0.355556,5,5,0,0.0,5,0.089286,0,0.0,0,0.0,5,0.089286,21,0.375,23,0.410714,2,0.035714,36,0.631579,12,0.210526,16,0.280702,19,0.333333
ESWS-2026-05,green,30_to_15_days,window,test,5,0.714286,1,2,1,0.2,7,6,1,0.857143,3,3,0.428571,4,0.666667,0,2,2,0.5,1,1.0,1,0,-1,-1.0,1,0.142857,0,0.0,0,0.0,0,0.0,1,0.142857,5,0.714286,0,0.0,2,0.285714,3,0.428571,1,0.142857,0,0.0
ESWS-2026-05,green,14_to_8_days,window,test,2,0.4,1,0,-1,-0.5,5,5,0,1.0,2,3,0.6,2,0.4,1,0,-1,-0.5,0,,0,0,0,,0,0.0,0,0.0,0,0.0,1,0.2,0,0.0,4,0.8,0,0.0,2,0.4,0,0.0,2,0.4,4,0.8
ESWS-2026-05,green,7_to_4_days,window,test,0,,0,0,0,,0,0,0,,0,0,,0,,0,0,0,,0,,0,0,0,,0,,0,,0,,0,,0,,0,,0,,0,,0,,0,,0,
ESWS-2026-05,green,final_72_hours,window,test,3,0.75,1,1,0,0.0,4,4,0,1.0,2,3,0.75,3,0.75,1,1,0,0.0,0,,0,0,0,,0,0.0,0,0.0,0,0.0,0,0.0,1,0.25,3,0.75,0,0.0,0,0.0,2,0.5,1,0.25,0,0.0
ESWS-2026-05,green,previous_72_hours,snapshot,test,3,0.75,1,1,0,0.0,4,4,0,1.0,2,3,0.75,3,0.75,1,1,0,0.0,0,,0,0,0,,0,0.0,0,0.0,0,0.0,0,0.0,1,0.25,3,0.75,0,0.0,0,0.0,2,0.5,1,0.25,0,0.0
ESWS-2026-05,green,previous_7_days,snapshot,test,3,0.75,1,1,0,0.0,4,4,0,1.0,2,3,0.75,3,0.75,1,1,0,0.0,0,,0,0,0,,0,0.0,0,0.0,0,0.0,0,0.0,1,0.25,3,0.75,0,0.0,0,0.0,2,0.5,1,0.25,0,0.0
ESWS-2026-05,green,previous_14_days,snapshot,test,5,0.555556,2,1,-1,-0.2,9,9,0,1.0,3,6,0.666667,5,0.555556,2,1,-1,-0.2,0,,0,0,0,,0,0.0,0,0.0,0,0.0,1,0.111111,1,0.111111,7,0.777778,0,0.0,2,0.222222,2,0.222222,3,0.333333,4,0.444444
ESWS-2026-05,green,previous_30_days,snapshot,test,10,0.625,3,3,0,0.0,16,15,1,0.9375,3,9,0.5625,9,0.6,2,3,1,0.111111,1,1.0,1,0,-1,-1.0,1,0.0625,0,0.0,0,0.0,1,0.0625,2,0.125,12,0.75,0,0.0,4,0.25,5,0.3125,4,0.25,4,0.25
ESWS-2026-05,green,previous_90_days,snapshot,test,27,0.369863,8,8,0,0.0,73,27,46,0.369863,3,34,0.465753,10,0.37037,2,3,1,0.1,17,0.369565,6,5,-1,-0.058824,6,0.083333,0,0.0,0,0.0,6,0.083333,23,0.319444,35,0.486111,2,0.027778,40,0.547945,17,0.232877,20,0.273973,23,0.315068
ESWS-2026-05,green,previous_180_days,snapshot,test,65,0.186246,15,24,9,0.138462,349,35,314,0.100287,3,171,0.489971,10,0.285714,2,3,1,0.1,55,0.175159,13,21,8,0.145455,34,0.099125,0,0.0,0,0.0,25,0.072886,171,0.498542,102,0.297376,11,0.03207,214,0.613181,81,0.232092,88,0.252149,88,0.252149
ESWS-2026-05,labour,180_to_91_days,window,test,199,0.721014,135,30,-105,-0.527638,276,8,268,0.028986,2,137,0.496377,3,0.375,2,0,-2,-0.666667,196,0.731343,133,30,-103,-0.52551,28,0.103321,0,0.0,0,0.0,19,0.070111,148,0.546125,67,0.247232,9,0.03321,174,0.630435,64,0.231884,68,0.246377,65,0.235507
ESWS-2026-05,labour,90_to_31_days,window,test,38,0.666667,25,9,-16,-0.421053,57,12,45,0.210526,2,25,0.438596,4,0.333333,2,1,-1,-0.25,34,0.755556,23,8,-15,-0.441176,5,0.089286,0,0.0,0,0.0,5,0.089286,21,0.375,23,0.410714,2,0.035714,36,0.631579,12,0.210526,16,0.280702,19,0.333333
ESWS-2026-05,labour,30_to_15_days,window,test,5,0.714286,1,1,0,0.0,7,6,1,0.857143,3,3,0.428571,4,0.666667,1,0,-1,-0.25,1,1.0,0,1,1,1.0,1,0.142857,0,0.0,0,0.0,0,0.0,1,0.142857,5,0.714286,0,0.0,2,0.285714,3,0.428571,1,0.142857,0,0.0
ESWS-2026-05,labour,14_to_8_days,window,test,2,0.4,1,0,-1,-0.5,5,5,0,1.0,2,3,0.6,2,0.4,1,0,-1,-0.5,0,,0,0,0,,0,0.0,0,0.0,0,0.0,1,0.2,0,0.0,4,0.8,0,0.0,2,0.4,0,0.0,2,0.4,4,0.8
ESWS-2026-05,labour,7_to_4_days,window,test,0,,0,0,0,,0,0,0,,0,0,,0,,0,0,0,,0,,0,0,0,,0,,0,,0,,0,,0,,0,,0,,0,,0,,0,,0,
ESWS-2026-05,labour,final_72_hours,window,test,3,0.75,1,0,-1,-0.333333,4,4,0,1.0,2,3,0.75,3,0.75,1,0,-1,-0.333333,0,,0,0,0,,0,0.0,0,0.0,0,0.0,0,0.0,1,0.25,3,0.75,0,0.0,0,0.0,2,0.5,1,0.25,0,0.0
ESWS-2026-05,labour,previous_72_hours,snapshot,test,3,0.75,1,0,-1,-0.333333,4,4,0,1.0,2,3,0.75,3,0.75,1,0,-1,-0.333333,0,,0,0,0,,0,0.0,0,0.0,0,0.0,0,0.0,1,0.25,3,0.75,0,0.0,0,0.0,2,0.5,1,0.25,0,0.0
ESWS-2026-05,labour,previous_7_days,snapshot,test,3,0.75,1,0,-1,-0.333333,4,4,0,1.0,2,3,0.75,3,0.75,1,0,-1,-0.333333,0,,0,0,0,,0,0.0,0,0.0,0,0.0,0,0.0,1,0.25,3,0.75,0,0.0,0,0.0,2,0.5,1,0.25,0,0.0
ESWS-2026-05,labour,previous_14_days,snapshot,test,5,0.555556,2,0,-2,-0.4,9,9,0,1.0,3,6,0.666667,5,0.555556,2,0,-2,-0.4,0,,0,0,0,,0,0.0,0,0.0,0,0.0,1,0.111111,1,0.111111,7,0.777778,0,0.0,2,0.222222,2,0.222222,3,0.333333,4,0.444444
ESWS-2026-05,labour,previous_30_days,snapshot,test,10,0.625,3,1,-2,-0.2,16,15,1,0.9375,3,9,0.5625,9,0.6,3,0,-3,-0.333333,1,1.0,0,1,1,1.0,1,0.0625,0,0.0,0,0.0,1,0.0625,2,0.125,12,0.75,0,0.0,4,0.25,5,0.3125,4,0.25,4,0.25
ESWS-2026-05,labour,previous_90_days,snapshot,test,48,0.657534,28,10,-18,-0.375,73,27,46,0.369863,3,34,0.465753,13,0.481481,5,1,-4,-0.307692,35,0.76087,23,9,-14,-0.4,6,0.083333,0,0.0,0,0.0,6,0.083333,23,0.319444,35,0.486111,2,0.027778,40,0.547945,17,0.232877,20,0.273973,23,0.315068
ESWS-2026-05,labour,previous_180_days,snapshot,test,247,0.707736,163,40,-123,-0.497976,349,35,314,0.100287,3,171,0.489971,16,0.457143,7,1,-6,-0.375,231,0.735669,156,39,-117,-0.506494,34,0.099125,0,0.0,0,0.0,25,0.072886,171,0.498542,102,0.297376,11,0.03207,214,0.613181,81,0.232092,88,0.252149,88,0.252149
ESWS-2026-05,liberal_democrat,180_to_91_days,window,test,67,0.242754,8,18,10,0.149254,276,8,268,0.028986,2,137,0.496377,1,0.125,0,0,0,0.0,66,0.246269,8,18,10,0.151515,28,0.103321,0,0.0,0,0.0,19,0.070111,148,0.546125,67,0.247232,9,0.03321,174,0.630435,64,0.231884,68,0.246377,65,0.235507
ESWS-2026-05,liberal_democrat,90_to_31_days,window,test,19,0.333333,2,8,6,0.315789,57,12,45,0.210526,2,25,0.438596,2,0.166667,0,2,2,1.0,17,0.377778,2,6,4,0.235294,5,0.089286,0,0.0,0,0.0,5,0.089286,21,0.375,23,0.410714,2,0.035714,36,0.631579,12,0.210526,16,0.280702,19,0.333333
ESWS-2026-05,liberal_democrat,30_to_15_days,window,test,4,0.571429,0,1,1,0.25,7,6,1,0.857143,3,3,0.428571,3,0.5,0,0,0,0.0,1,1.0,0,1,1,1.0,1,0.142857,0,0.0,0,0.0,0,0.0,1,0.142857,5,0.714286,0,0.0,2,0.285714,3,0.428571,1,0.142857,0,0.0
ESWS-2026-05,liberal_democrat,14_to_8_days,window,test,2,0.4,1,0,-1,-0.5,5,5,0,1.0,2,3,0.6,2,0.4,1,0,-1,-0.5,0,,0,0,0,,0,0.0,0,0.0,0,0.0,1,0.2,0,0.0,4,0.8,0,0.0,2,0.4,0,0.0,2,0.4,4,0.8
ESWS-2026-05,liberal_democrat,7_to_4_days,window,test,0,,0,0,0,,0,0,0,,0,0,,0,,0,0,0,,0,,0,0,0,,0,,0,,0,,0,,0,,0,,0,,0,,0,,0,,0,
ESWS-2026-05,liberal_democrat,final_72_hours,window,test,3,0.75,0,3,3,1.0,4,4,0,1.0,2,3,0.75,3,0.75,0,3,3,1.0,0,,0,0,0,,0,0.0,0,0.0,0,0.0,0,0.0,1,0.25,3,0.75,0,0.0,0,0.0,2,0.5,1,0.25,0,0.0
ESWS-2026-05,liberal_democrat,previous_72_hours,snapshot,test,3,0.75,0,3,3,1.0,4,4,0,1.0,2,3,0.75,3,0.75,0,3,3,1.0,0,,0,0,0,,0,0.0,0,0.0,0,0.0,0,0.0,1,0.25,3,0.75,0,0.0,0,0.0,2,0.5,1,0.25,0,0.0
ESWS-2026-05,liberal_democrat,previous_7_days,snapshot,test,3,0.75,0,3,3,1.0,4,4,0,1.0,2,3,0.75,3,0.75,0,3,3,1.0,0,,0,0,0,,0,0.0,0,0.0,0,0.0,0,0.0,1,0.25,3,0.75,0,0.0,0,0.0,2,0.5,1,0.25,0,0.0
ESWS-2026-05,liberal_democrat,previous_14_days,snapshot,test,5,0.555556,1,3,2,0.4,9,9,0,1.0,3,6,0.666667,5,0.555556,1,3,2,0.4,0,,0,0,0,,0,0.0,0,0.0,0,0.0,1,0.111111,1,0.111111,7,0.777778,0,0.0,2,0.222222,2,0.222222,3,0.333333,4,0.444444
ESWS-2026-05,liberal_democrat,previous_30_days,snapshot,test,9,0.5625,1,4,3,0.333333,16,15,1,0.9375,3,9,0.5625,8,0.533333,1,3,2,0.25,1,1.0,0,1,1,1.0,1,0.0625,0,0.0,0,0.0,1,0.0625,2,0.125,12,0.75,0,0.0,4,0.25,5,0.3125,4,0.25,4,0.25
ESWS-2026-05,liberal_democrat,previous_90_days,snapshot,test,28,0.383562,3,12,9,0.321429,73,27,46,0.369863,3,34,0.465753,10,0.37037,1,5,4,0.4,18,0.391304,2,7,5,0.277778,6,0.083333,0,0.0,0,0.0,6,0.083333,23,0.319444,35,0.486111,2,0.027778,40,0.547945,17,0.232877,20,0.273973,23,0.315068
ESWS-2026-05,liberal_democrat,previous_180_days,snapshot,test,95,0.272206,11,30,19,0.2,349,35,314,0.100287,3,171,0.489971,11,0.314286,1,5,4,0.363636,84,0.267516,10,25,15,0.178571,34,0.099125,0,0.0,0,0.0,25,0.072886,171,0.498542,102,0.297376,11,0.03207,214,0.613181,81,0.232092,88,0.252149,88,0.252149
ESWS-2026-05,reform_uk,180_to_91_days,window,test,141,0.51087,101,10,-91,-0.64539,276,8,268,0.028986,2,137,0.496377,3,0.375,2,1,-1,-0.333333,138,0.514925,99,9,-90,-0.652174,28,0.103321,0,0.0,0,0.0,19,0.070111,148,0.546125,67,0.247232,9,0.03321,174,0.630435,64,0.231884,68,0.246377,65,0.235507
ESWS-2026-05,reform_uk,90_to_31_days,window,test,25,0.438596,19,2,-17,-0.68,57,12,45,0.210526,2,25,0.438596,4,0.333333,3,0,-3,-0.75,21,0.466667,16,2,-14,-0.666667,5,0.089286,0,0.0,0,0.0,5,0.089286,21,0.375,23,0.410714,2,0.035714,36,0.631579,12,0.210526,16,0.280702,19,0.333333
ESWS-2026-05,reform_uk,30_to_15_days,window,test,3,0.428571,1,0,-1,-0.333333,7,6,1,0.857143,3,3,0.428571,2,0.333333,0,0,0,0.0,1,1.0,1,0,-1,-1.0,1,0.142857,0,0.0,0,0.0,0,0.0,1,0.142857,5,0.714286,0,0.0,2,0.285714,3,0.428571,1,0.142857,0,0.0
ESWS-2026-05,reform_uk,14_to_8_days,window,test,3,0.6,1,1,0,0.0,5,5,0,1.0,2,3,0.6,3,0.6,1,1,0,0.0,0,,0,0,0,,0,0.0,0,0.0,0,0.0,1,0.2,0,0.0,4,0.8,0,0.0,2,0.4,0,0.0,2,0.4,4,0.8
ESWS-2026-05,reform_uk,7_to_4_days,window,test,0,,0,0,0,,0,0,0,,0,0,,0,,0,0,0,,0,,0,0,0,,0,,0,,0,,0,,0,,0,,0,,0,,0,,0,,0,
ESWS-2026-05,reform_uk,final_72_hours,window,test,3,0.75,2,0,-2,-0.666667,4,4,0,1.0,2,3,0.75,3,0.75,2,0,-2,-0.666667,0,,0,0,0,,0,0.0,0,0.0,0,0.0,0,0.0,1,0.25,3,0.75,0,0.0,0,0.0,2,0.5,1,0.25,0,0.0
ESWS-2026-05,reform_uk,previous_72_hours,snapshot,test,3,0.75,2,0,-2,-0.666667,4,4,0,1.0,2,3,0.75,3,0.75,2,0,-2,-0.666667,0,,0,0,0,,0,0.0,0,0.0,0,0.0,0,0.0,1,0.25,3,0.75,0,0.0,0,0.0,2,0.5,1,0.25,0,0.0
ESWS-2026-05,reform_uk,previous_7_days,snapshot,test,3,0.75,2,0,-2,-0.666667,4,4,0,1.0,2,3,0.75,3,0.75,2,0,-2,-0.666667,0,,0,0,0,,0,0.0,0,0.0,0,0.0,0,0.0,1,0.25,3,0.75,0,0.0,0,0.0,2,0.5,1,0.25,0,0.0
ESWS-2026-05,reform_uk,previous_14_days,snapshot,test,6,0.666667,3,1,-2,-0.333333,9,9,0,1.0,3,6,0.666667,6,0.666667,3,1,-2,-0.333333,0,,0,0,0,,0,0.0,0,0.0,0,0.0,1,0.111111,1,0.111111,7,0.777778,0,0.0,2,0.222222,2,0.222222,3,0.333333,4,0.444444
ESWS-2026-05,reform_uk,previous_30_days,snapshot,test,9,0.5625,4,1,-3,-0.333333,16,15,1,0.9375,3,9,0.5625,8,0.533333,3,1,-2,-0.25,1,1.0,1,0,-1,-1.0,1,0.0625,0,0.0,0,0.0,1,0.0625,2,0.125,12,0.75,0,0.0,4,0.25,5,0.3125,4,0.25,4,0.25
ESWS-2026-05,reform_uk,previous_90_days,snapshot,test,34,0.465753,23,3,-20,-0.588235,73,27,46,0.369863,3,34,0.465753,12,0.444444,6,1,-5,-0.416667,22,0.478261,17,2,-15,-0.681818,6,0.083333,0,0.0,0,0.0,6,0.083333,23,0.319444,35,0.486111,2,0.027778,40,0.547945,17,0.232877,20,0.273973,23,0.315068
ESWS-2026-05,reform_uk,previous_180_days,snapshot,test,175,0.501433,124,13,-111,-0.634286,349,35,314,0.100287,3,171,0.489971,15,0.428571,8,2,-6,-0.4,160,0.509554,116,11,-105,-0.65625,34,0.099125,0,0.0,0,0.0,25,0.072886,171,0.498542,102,0.297376,11,0.03207,214,0.613181,81,0.232092,88,0.252149,88,0.252149
ESWS-2026-05,ukip,180_to_91_days,window,test,12,0.043478,6,0,-6,-0.5,276,8,268,0.028986,2,137,0.496377,0,0.0,0,0,0,,12,0.044776,6,0,-6,-0.5,28,0.103321,0,0.0,0,0.0,19,0.070111,148,0.546125,67,0.247232,9,0.03321,174,0.630435,64,0.231884,68,0.246377,65,0.235507
ESWS-2026-05,ukip,90_to_31_days,window,test,0,0.0,0,0,0,,57,12,45,0.210526,2,25,0.438596,0,0.0,0,0,0,,0,0.0,0,0,0,,5,0.089286,0,0.0,0,0.0,5,0.089286,21,0.375,23,0.410714,2,0.035714,36,0.631579,12,0.210526,16,0.280702,19,0.333333
ESWS-2026-05,ukip,30_to_15_days,window,test,1,0.142857,1,0,-1,-1.0,7,6,1,0.857143,3,3,0.428571,1,0.166667,1,0,-1,-1.0,0,0.0,0,0,0,,1,0.142857,0,0.0,0,0.0,0,0.0,1,0.142857,5,0.714286,0,0.0,2,0.285714,3,0.428571,1,0.142857,0,0.0
ESWS-2026-05,ukip,14_to_8_days,window,test,0,0.0,0,0,0,,5,5,0,1.0,2,3,0.6,0,0.0,0,0,0,,0,,0,0,0,,0,0.0,0,0.0,0,0.0,1,0.2,0,0.0,4,0.8,0,0.0,2,0.4,0,0.0,2,0.4,4,0.8
ESWS-2026-05,ukip,7_to_4_days,window,test,0,,0,0,0,,0,0,0,,0,0,,0,,0,0,0,,0,,0,0,0,,0,,0,,0,,0,,0,,0,,0,,0,,0,,0,,0,
ESWS-2026-05,ukip,final_72_hours,window,test,0,0.0,0,0,0,,4,4,0,1.0,2,3,0.75,0,0.0,0,0,0,,0,,0,0,0,,0,0.0,0,0.0,0,0.0,0,0.0,1,0.25,3,0.75,0,0.0,0,0.0,2,0.5,1,0.25,0,0.0
ESWS-2026-05,ukip,previous_72_hours,snapshot,test,0,0.0,0,0,0,,4,4,0,1.0,2,3,0.75,0,0.0,0,0,0,,0,,0,0,0,,0,0.0,0,0.0,0,0.0,0,0.0,1,0.25,3,0.75,0,0.0,0,0.0,2,0.5,1,0.25,0,0.0
ESWS-2026-05,ukip,previous_7_days,snapshot,test,0,0.0,0,0,0,,4,4,0,1.0,2,3,0.75,0,0.0,0,0,0,,0,,0,0,0,,0,0.0,0,0.0,0,0.0,0,0.0,1,0.25,3,0.75,0,0.0,0,0.0,2,0.5,1,0.25,0,0.0
ESWS-2026-05,ukip,previous_14_days,snapshot,test,0,0.0,0,0,0,,9,9,0,1.0,3,6,0.666667,0,0.0,0,0,0,,0,,0,0,0,,0,0.0,0,0.0,0,0.0,1,0.111111,1,0.111111,7,0.777778,0,0.0,2,0.222222,2,0.222222,3,0.333333,4,0.444444
ESWS-2026-05,ukip,previous_30_days,snapshot,test,1,0.0625,1,0,-1,-1.0,16,15,1,0.9375,3,9,0.5625,1,0.066667,1,0,-1,-1.0,0,0.0,0,0,0,,1,0.0625,0,0.0,0,0.0,1,0.0625,2,0.125,12,0.75,0,0.0,4,0.25,5,0.3125,4,0.25,4,0.25
ESWS-2026-05,ukip,previous_90_days,snapshot,test,1,0.013699,1,0,-1,-1.0,73,27,46,0.369863,3,34,0.465753,1,0.037037,1,0,-1,-1.0,0,0.0,0,0,0,,6,0.083333,0,0.0,0,0.0,6,0.083333,23,0.319444,35,0.486111,2,0.027778,40,0.547945,17,0.232877,20,0.273973,23,0.315068
ESWS-2026-05,ukip,previous_180_days,snapshot,test,13,0.037249,7,0,-7,-0.538462,349,35,314,0.100287,3,171,0.489971,1,0.028571,1,0,-1,-1.0,12,0.038217,6,0,-6,-0.5,34,0.099125,0,0.0,0,0.0,25,0.072886,171,0.498542,102,0.297376,11,0.03207,214,0.613181,81,0.232092,88,0.252149,88,0.252149
SCC-2013-05,conservative,180_to_91_days,window,train,218,0.539604,187,7,-180,-0.825688,404,13,391,0.032178,1,0,0.0,2,0.153846,2,0,-2,-1.0,216,0.55243,185,7,-178,-0.824074,4,0.010101,0,0.0,0,0.0,44,0.111111,199,0.502525,119,0.300505,30,0.075758,234,0.579208,66,0.163366,90,0.222772,102,0.252475
SCC-2013-05,conservative,90_to_31_days,window,train,20,0.512821,16,0,-16,-0.8,39,5,34,0.128205,1,0,0.0,1,0.2,1,0,-1,-1.0,19,0.558824,15,0,-15,-0.789474,2,0.054054,0,0.0,0,0.0,4,0.108108,21,0.567568,8,0.216216,2,0.054054,22,0.564103,6,0.153846,9,0.230769,11,0.282051
SCC-2013-05,conservative,30_to_15_days,window,train,3,1.0,3,0,-3,-1.0,3,0,3,0.0,1,0,0.0,0,,0,0,0,,3,1.0,3,0,-3,-1.0,0,0.0,0,0.0,0,0.0,0,0.0,2,0.666667,1,0.333333,0,0.0,2,0.666667,0,0.0,1,0.333333,2,0.666667
SCC-2013-05,conservative,14_to_8_days,window,train,2,1.0,2,0,-2,-1.0,2,0,2,0.0,1,0,0.0,0,,0,0,0,,2,1.0,2,0,-2,-1.0,0,0.0,0,0.0,0,0.0,0,0.0,1,0.5,1,0.5,0,0.0,1,0.5,1,0.5,1,0.5,0,0.0
SCC-2013-05,conservative,7_to_4_days,window,train,0,0.0,0,0,0,,3,3,0,1.0,1,0,0.0,0,0.0,0,0,0,,0,,0,0,0,,0,0.0,0,0.0,0,0.0,0,0.0,0,0.0,1,0.333333,2,0.666667,0,0.0,0,0.0,0,0.0,0,0.0
SCC-2013-05,conservative,final_72_hours,window,train,0,0.0,0,0,0,,2,2,0,1.0,1,0,0.0,0,0.0,0,0,0,,0,,0,0,0,,0,0.0,0,0.0,0,0.0,0,0.0,0,0.0,0,0.0,2,1.0,0,0.0,0,0.0,0,0.0,1,0.5
SCC-2013-05,conservative,previous_72_hours,snapshot,train,0,0.0,0,0,0,,2,2,0,1.0,1,0,0.0,0,0.0,0,0,0,,0,,0,0,0,,0,0.0,0,0.0,0,0.0,0,0.0,0,0.0,0,0.0,2,1.0,0,0.0,0,0.0,0,0.0,1,0.5
SCC-2013-05,conservative,previous_7_days,snapshot,train,0,0.0,0,0,0,,5,5,0,1.0,1,0,0.0,0,0.0,0,0,0,,0,,0,0,0,,0,0.0,0,0.0,0,0.0,0,0.0,0,0.0,1,0.2,4,0.8,0,0.0,0,0.0,0,0.0,1,0.2
SCC-2013-05,conservative,previous_14_days,snapshot,train,2,0.285714,2,0,-2,-1.0,7,5,2,0.714286,2,0,0.0,0,0.0,0,0,0,,2,1.0,2,0,-2,-1.0,0,0.0,0,0.0,0,0.0,0,0.0,1,0.142857,2,0.285714,4,0.571429,1,0.142857,1,0.142857,1,0.142857,1,0.142857
SCC-2013-05,conservative,previous_30_days,snapshot,train,5,0.5,5,0,-5,-1.0,10,5,5,0.5,2,0,0.0,0,0.0,0,0,0,,5,1.0,5,0,-5,-1.0,0,0.0,0,0.0,0,0.0,0,0.0,3,0.3,3,0.3,4,0.4,3,0.3,1,0.1,2,0.2,3,0.3
SCC-2013-05,conservative,previous_90_days,snapshot,train,25,0.510204,21,0,-21,-0.84,49,10,39,0.204082,2,0,0.0,1,0.1,1,0,-1,-1.0,24,0.615385,20,0,-20,-0.833333,2,0.042553,0,0.0,0,0.0,4,0.085106,24,0.510638,11,0.234043,6,0.12766,25,0.510204,7,0.142857,11,0.22449,14,0.285714
SCC-2013-05,conservative,previous_180_days,snapshot,train,243,0.536424,208,7,-201,-0.82716,453,23,430,0.050773,2,0,0.0,3,0.130435,3,0,-3,-1.0,240,0.55814,205,7,-198,-0.825,6,0.013544,0,0.0,0,0.0,48,0.108352,223,0.503386,130,0.293454,36,0.081264,259,0.571744,73,0.161148,101,0.222958,116,0.256071
SCC-2013-05,green,180_to_91_days,window,train,20,0.049505,2,3,1,0.05,404,13,391,0.032178,1,0,0.0,0,0.0,0,0,0,,20,0.051151,2,3,1,0.05,4,0.010101,0,0.0,0,0.0,44,0.111111,199,0.502525,119,0.300505,30,0.075758,234,0.579208,66,0.163366,90,0.222772,102,0.252475
SCC-2013-05,green,90_to_31_days,window,train,0,0.0,0,0,0,,39,5,34,0.128205,1,0,0.0,0,0.0,0,0,0,,0,0.0,0,0,0,,2,0.054054,0,0.0,0,0.0,4,0.108108,21,0.567568,8,0.216216,2,0.054054,22,0.564103,6,0.153846,9,0.230769,11,0.282051
SCC-2013-05,green,30_to_15_days,window,train,1,0.333333,0,1,1,1.0,3,0,3,0.0,1,0,0.0,0,,0,0,0,,1,0.333333,0,1,1,1.0,0,0.0,0,0.0,0,0.0,0,0.0,2,0.666667,1,0.333333,0,0.0,2,0.666667,0,0.0,1,0.333333,2,0.666667
SCC-2013-05,green,14_to_8_days,window,train,0,0.0,0,0,0,,2,0,2,0.0,1,0,0.0,0,,0,0,0,,0,0.0,0,0,0,,0,0.0,0,0.0,0,0.0,0,0.0,1,0.5,1,0.5,0,0.0,1,0.5,1,0.5,1,0.5,0,0.0
SCC-2013-05,green,7_to_4_days,window,train,0,0.0,0,0,0,,3,3,0,1.0,1,0,0.0,0,0.0,0,0,0,,0,,0,0,0,,0,0.0,0,0.0,0,0.0,0,0.0,0,0.0,1,0.333333,2,0.666667,0,0.0,0,0.0,0,0.0,0,0.0
SCC-2013-05,green,final_72_hours,window,train,0,0.0,0,0,0,,2,2,0,1.0,1,0,0.0,0,0.0,0,0,0,,0,,0,0,0,,0,0.0,0,0.0,0,0.0,0,0.0,0,0.0,0,0.0,2,1.0,0,0.0,0,0.0,0,0.0,1,0.5
SCC-2013-05,green,previous_72_hours,snapshot,train,0,0.0,0,0,0,,2,2,0,1.0,1,0,0.0,0,0.0,0,0,0,,0,,0,0,0,,0,0.0,0,0.0,0,0.0,0,0.0,0,0.0,0,0.0,2,1.0,0,0.0,0,0.0,0,0.0,1,0.5
SCC-2013-05,green,previous_7_days,snapshot,train,0,0.0,0,0,0,,5,5,0,1.0,1,0,0.0,0,0.0,0,0,0,,0,,0,0,0,,0,0.0,0,0.0,0,0.0,0,0.0,0,0.0,1,0.2,4,0.8,0,0.0,0,0.0,0,0.0,1,0.2
SCC-2013-05,green,previous_14_days,snapshot,train,0,0.0,0,0,0,,7,5,2,0.714286,2,0,0.0,0,0.0,0,0,0,,0,0.0,0,0,0,,0,0.0,0,0.0,0,0.0,0,0.0,1,0.142857,2,0.285714,4,0.571429,1,0.142857,1,0.142857,1,0.142857,1,0.142857
SCC-2013-05,green,previous_30_days,snapshot,train,1,0.1,0,1,1,1.0,10,5,5,0.5,2,0,0.0,0,0.0,0,0,0,,1,0.2,0,1,1,1.0,0,0.0,0,0.0,0,0.0,0,0.0,3,0.3,3,0.3,4,0.4,3,0.3,1,0.1,2,0.2,3,0.3
SCC-2013-05,green,previous_90_days,snapshot,train,1,0.020408,0,1,1,1.0,49,10,39,0.204082,2,0,0.0,0,0.0,0,0,0,,1,0.025641,0,1,1,1.0,2,0.042553,0,0.0,0,0.0,4,0.085106,24,0.510638,11,0.234043,6,0.12766,25,0.510204,7,0.142857,11,0.22449,14,0.285714
SCC-2013-05,green,previous_180_days,snapshot,train,21,0.046358,2,4,2,0.095238,453,23,430,0.050773,2,0,0.0,0,0.0,0,0,0,,21,0.048837,2,4,2,0.095238,6,0.013544,0,0.0,0,0.0,48,0.108352,223,0.503386,130,0.293454,36,0.081264,259,0.571744,73,0.161148,101,0.222958,116,0.256071
SCC-2013-05,labour,180_to_91_days,window,train,222,0.549505,57,78,21,0.094595,404,13,391,0.032178,1,0,0.0,4,0.307692,0,1,1,0.25,218,0.557545,57,77,20,0.091743,4,0.010101,0,0.0,0,0.0,44,0.111111,199,0.502525,119,0.300505,30,0.075758,234,0.579208,66,0.163366,90,0.222772,102,0.252475
SCC-2013-05,labour,90_to_31_days,window,train,25,0.641026,10,7,-3,-0.12,39,5,34,0.128205,1,0,0.0,1,0.2,1,0,-1,-1.0,24,0.705882,9,7,-2,-0.083333,2,0.054054,0,0.0,0,0.0,4,0.108108,21,0.567568,8,0.216216,2,0.054054,22,0.564103,6,0.153846,9,0.230769,11,0.282051
SCC-2013-05,labour,30_to_15_days,window,train,2,0.666667,0,2,2,1.0,3,0,3,0.0,1,0,0.0,0,,0,0,0,,2,0.666667,0,2,2,1.0,0,0.0,0,0.0,0,0.0,0,0.0,2,0.666667,1,0.333333,0,0.0,2,0.666667,0,0.0,1,0.333333,2,0.666667
SCC-2013-05,labour,14_to_8_days,window,train,2,1.0,1,1,0,0.0,2,0,2,0.0,1,0,0.0,0,,0,0,0,,2,1.0,1,1,0,0.0,0,0.0,0,0.0,0,0.0,0,0.0,1,0.5,1,0.5,0,0.0,1,0.5,1,0.5,1,0.5,0,0.0
SCC-2013-05,labour,7_to_4_days,window,train,0,0.0,0,0,0,,3,3,0,1.0,1,0,0.0,0,0.0,0,0,0,,0,,0,0,0,,0,0.0,0,0.0,0,0.0,0,0.0,0,0.0,1,0.333333,2,0.666667,0,0.0,0,0.0,0,0.0,0,0.0
SCC-2013-05,labour,final_72_hours,window,train,0,0.0,0,0,0,,2,2,0,1.0,1,0,0.0,0,0.0,0,0,0,,0,,0,0,0,,0,0.0,0,0.0,0,0.0,0,0.0,0,0.0,0,0.0,2,1.0,0,0.0,0,0.0,0,0.0,1,0.5
SCC-2013-05,labour,previous_72_hours,snapshot,train,0,0.0,0,0,0,,2,2,0,1.0,1,0,0.0,0,0.0,0,0,0,,0,,0,0,0,,0,0.0,0,0.0,0,0.0,0,0.0,0,0.0,0,0.0,2,1.0,0,0.0,0,0.0,0,0.0,1,0.5
SCC-2013-05,labour,previous_7_days,snapshot,train,0,0.0,0,0,0,,5,5,0,1.0,1,0,0.0,0,0.0,0,0,0,,0,,0,0,0,,0,0.0,0,0.0,0,0.0,0,0.0,0,0.0,1,0.2,4,0.8,0,0.0,0,0.0,0,0.0,1,0.2
SCC-2013-05,labour,previous_14_days,snapshot,train,2,0.285714,1,1,0,0.0,7,5,2,0.714286,2,0,0.0,0,0.0,0,0,0,,2,1.0,1,1,0,0.0,0,0.0,0,0.0,0,0.0,0,0.0,1,0.142857,2,0.285714,4,0.571429,1,0.142857,1,0.142857,1,0.142857,1,0.142857
SCC-2013-05,labour,previous_30_days,snapshot,train,4,0.4,1,3,2,0.5,10,5,5,0.5,2,0,0.0,0,0.0,0,0,0,,4,0.8,1,3,2,0.5,0,0.0,0,0.0,0,0.0,0,0.0,3,0.3,3,0.3,4,0.4,3,0.3,1,0.1,2,0.2,3,0.3
SCC-2013-05,labour,previous_90_days,snapshot,train,29,0.591837,11,10,-1,-0.034483,49,10,39,0.204082,2,0,0.0,1,0.1,1,0,-1,-1.0,28,0.717949,10,10,0,0.0,2,0.042553,0,0.0,0,0.0,4,0.085106,24,0.510638,11,0.234043,6,0.12766,25,0.510204,7,0.142857,11,0.22449,14,0.285714
SCC-2013-05,labour,previous_180_days,snapshot,train,251,0.554084,68,88,20,0.079681,453,23,430,0.050773,2,0,0.0,5,0.217391,1,1,0,0.0,246,0.572093,67,87,20,0.081301,6,0.013544,0,0.0,0,0.0,48,0.108352,223,0.503386,130,0.293454,36,0.081264,259,0.571744,73,0.161148,101,0.222958,116,0.256071
SCC-2013-05,liberal_democrat,180_to_91_days,window,train,131,0.324257,69,12,-57,-0.435115,404,13,391,0.032178,1,0,0.0,0,0.0,0,0,0,,131,0.335038,69,12,-57,-0.435115,4,0.010101,0,0.0,0,0.0,44,0.111111,199,0.502525,119,0.300505,30,0.075758,234,0.579208,66,0.163366,90,0.222772,102,0.252475
SCC-2013-05,liberal_democrat,90_to_31_days,window,train,14,0.358974,7,2,-5,-0.357143,39,5,34,0.128205,1,0,0.0,1,0.2,0,1,1,1.0,13,0.382353,7,1,-6,-0.461538,2,0.054054,0,0.0,0,0.0,4,0.108108,21,0.567568,8,0.216216,2,0.054054,22,0.564103,6,0.153846,9,0.230769,11,0.282051
SCC-2013-05,liberal_democrat,30_to_15_days,window,train,0,0.0,0,0,0,,3,0,3,0.0,1,0,0.0,0,,0,0,0,,0,0.0,0,0,0,,0,0.0,0,0.0,0,0.0,0,0.0,2,0.666667,1,0.333333,0,0.0,2,0.666667,0,0.0,1,0.333333,2,0.666667
SCC-2013-05,liberal_democrat,14_to_8_days,window,train,2,1.0,2,0,-2,-1.0,2,0,2,0.0,1,0,0.0,0,,0,0,0,,2,1.0,2,0,-2,-1.0,0,0.0,0,0.0,0,0.0,0,0.0,1,0.5,1,0.5,0,0.0,1,0.5,1,0.5,1,0.5,0,0.0
SCC-2013-05,liberal_democrat,7_to_4_days,window,train,0,0.0,0,0,0,,3,3,0,1.0,1,0,0.0,0,0.0,0,0,0,,0,,0,0,0,,0,0.0,0,0.0,0,0.0,0,0.0,0,0.0,1,0.333333,2,0.666667,0,0.0,0,0.0,0,0.0,0,0.0
SCC-2013-05,liberal_democrat,final_72_hours,window,train,0,0.0,0,0,0,,2,2,0,1.0,1,0,0.0,0,0.0,0,0,0,,0,,0,0,0,,0,0.0,0,0.0,0,0.0,0,0.0,0,0.0,0,0.0,2,1.0,0,0.0,0,0.0,0,0.0,1,0.5
SCC-2013-05,liberal_democrat,previous_72_hours,snapshot,train,0,0.0,0,0,0,,2,2,0,1.0,1,0,0.0,0,0.0,0,0,0,,0,,0,0,0,,0,0.0,0,0.0,0,0.0,0,0.0,0,0.0,0,0.0,2,1.0,0,0.0,0,0.0,0,0.0,1,0.5
SCC-2013-05,liberal_democrat,previous_7_days,snapshot,train,0,0.0,0,0,0,,5,5,0,1.0,1,0,0.0,0,0.0,0,0,0,,0,,0,0,0,,0,0.0,0,0.0,0,0.0,0,0.0,0,0.0,1,0.2,4,0.8,0,0.0,0,0.0,0,0.0,1,0.2
SCC-2013-05,liberal_democrat,previous_14_days,snapshot,train,2,0.285714,2,0,-2,-1.0,7,5,2,0.714286,2,0,0.0,0,0.0,0,0,0,,2,1.0,2,0,-2,-1.0,0,0.0,0,0.0,0,0.0,0,0.0,1,0.142857,2,0.285714,4,0.571429,1,0.142857,1,0.142857,1,0.142857,1,0.142857
SCC-2013-05,liberal_democrat,previous_30_days,snapshot,train,2,0.2,2,0,-2,-1.0,10,5,5,0.5,2,0,0.0,0,0.0,0,0,0,,2,0.4,2,0,-2,-1.0,0,0.0,0,0.0,0,0.0,0,0.0,3,0.3,3,0.3,4,0.4,3,0.3,1,0.1,2,0.2,3,0.3
SCC-2013-05,liberal_democrat,previous_90_days,snapshot,train,16,0.326531,9,2,-7,-0.4375,49,10,39,0.204082,2,0,0.0,1,0.1,0,1,1,1.0,15,0.384615,9,1,-8,-0.533333,2,0.042553,0,0.0,0,0.0,4,0.085106,24,0.510638,11,0.234043,6,0.12766,25,0.510204,7,0.142857,11,0.22449,14,0.285714
SCC-2013-05,liberal_democrat,previous_180_days,snapshot,train,147,0.324503,78,14,-64,-0.435374,453,23,430,0.050773,2,0,0.0,1,0.043478,0,1,1,1.0,146,0.339535,78,13,-65,-0.445205,6,0.013544,0,0.0,0,0.0,48,0.108352,223,0.503386,130,0.293454,36,0.081264,259,0.571744,73,0.161148,101,0.222958,116,0.256071
SCC-2013-05,reform_uk,180_to_91_days,window,train,0,0.0,0,0,0,,404,13,391,0.032178,1,0,0.0,0,0.0,0,0,0,,0,0.0,0,0,0,,4,0.010101,0,0.0,0,0.0,44,0.111111,199,0.502525,119,0.300505,30,0.075758,234,0.579208,66,0.163366,90,0.222772,102,0.252475
SCC-2013-05,reform_uk,90_to_31_days,window,train,0,0.0,0,0,0,,39,5,34,0.128205,1,0,0.0,0,0.0,0,0,0,,0,0.0,0,0,0,,2,0.054054,0,0.0,0,0.0,4,0.108108,21,0.567568,8,0.216216,2,0.054054,22,0.564103,6,0.153846,9,0.230769,11,0.282051
SCC-2013-05,reform_uk,30_to_15_days,window,train,0,0.0,0,0,0,,3,0,3,0.0,1,0,0.0,0,,0,0,0,,0,0.0,0,0,0,,0,0.0,0,0.0,0,0.0,0,0.0,2,0.666667,1,0.333333,0,0.0,2,0.666667,0,0.0,1,0.333333,2,0.666667
SCC-2013-05,reform_uk,14_to_8_days,window,train,0,0.0,0,0,0,,2,0,2,0.0,1,0,0.0,0,,0,0,0,,0,0.0,0,0,0,,0,0.0,0,0.0,0,0.0,0,0.0,1,0.5,1,0.5,0,0.0,1,0.5,1,0.5,1,0.5,0,0.0
SCC-2013-05,reform_uk,7_to_4_days,window,train,0,0.0,0,0,0,,3,3,0,1.0,1,0,0.0,0,0.0,0,0,0,,0,,0,0,0,,0,0.0,0,0.0,0,0.0,0,0.0,0,0.0,1,0.333333,2,0.666667,0,0.0,0,0.0,0,0.0,0,0.0
SCC-2013-05,reform_uk,final_72_hours,window,train,0,0.0,0,0,0,,2,2,0,1.0,1,0,0.0,0,0.0,0,0,0,,0,,0,0,0,,0,0.0,0,0.0,0,0.0,0,0.0,0,0.0,0,0.0,2,1.0,0,0.0,0,0.0,0,0.0,1,0.5
SCC-2013-05,reform_uk,previous_72_hours,snapshot,train,0,0.0,0,0,0,,2,2,0,1.0,1,0,0.0,0,0.0,0,0,0,,0,,0,0,0,,0,0.0,0,0.0,0,0.0,0,0.0,0,0.0,0,0.0,2,1.0,0,0.0,0,0.0,0,0.0,1,0.5
SCC-2013-05,reform_uk,previous_7_days,snapshot,train,0,0.0,0,0,0,,5,5,0,1.0,1,0,0.0,0,0.0,0,0,0,,0,,0,0,0,,0,0.0,0,0.0,0,0.0,0,0.0,0,0.0,1,0.2,4,0.8,0,0.0,0,0.0,0,0.0,1,0.2
SCC-2013-05,reform_uk,previous_14_days,snapshot,train,0,0.0,0,0,0,,7,5,2,0.714286,2,0,0.0,0,0.0,0,0,0,,0,0.0,0,0,0,,0,0.0,0,0.0,0,0.0,0,0.0,1,0.142857,2,0.285714,4,0.571429,1,0.142857,1,0.142857,1,0.142857,1,0.142857
SCC-2013-05,reform_uk,previous_30_days,snapshot,train,0,0.0,0,0,0,,10,5,5,0.5,2,0,0.0,0,0.0,0,0,0,,0,0.0,0,0,0,,0,0.0,0,0.0,0,0.0,0,0.0,3,0.3,3,0.3,4,0.4,3,0.3,1,0.1,2,0.2,3,0.3
SCC-2013-05,reform_uk,previous_90_days,snapshot,train,0,0.0,0,0,0,,49,10,39,0.204082,2,0,0.0,0,0.0,0,0,0,,0,0.0,0,0,0,,2,0.042553,0,0.0,0,0.0,4,0.085106,24,0.510638,11,0.234043,6,0.12766,25,0.510204,7,0.142857,11,0.22449,14,0.285714
SCC-2013-05,reform_uk,previous_180_days,snapshot,train,0,0.0,0,0,0,,453,23,430,0.050773,2,0,0.0,0,0.0,0,0,0,,0,0.0,0,0,0,,6,0.013544,0,0.0,0,0.0,48,0.108352,223,0.503386,130,0.293454,36,0.081264,259,0.571744,73,0.161148,101,0.222958,116,0.256071
SCC-2013-05,ukip,180_to_91_days,window,train,140,0.346535,44,30,-14,-0.1,404,13,391,0.032178,1,0,0.0,0,0.0,0,0,0,,140,0.358056,44,30,-14,-0.1,4,0.010101,0,0.0,0,0.0,44,0.111111,199,0.502525,119,0.300505,30,0.075758,234,0.579208,66,0.163366,90,0.222772,102,0.252475
SCC-2013-05,ukip,90_to_31_days,window,train,11,0.282051,2,2,0,0.0,39,5,34,0.128205,1,0,0.0,1,0.2,1,0,-1,-1.0,10,0.294118,1,2,1,0.1,2,0.054054,0,0.0,0,0.0,4,0.108108,21,0.567568,8,0.216216,2,0.054054,22,0.564103,6,0.153846,9,0.230769,11,0.282051
SCC-2013-05,ukip,30_to_15_days,window,train,0,0.0,0,0,0,,3,0,3,0.0,1,0,0.0,0,,0,0,0,,0,0.0,0,0,0,,0,0.0,0,0.0,0,0.0,0,0.0,2,0.666667,1,0.333333,0,0.0,2,0.666667,0,0.0,1,0.333333,2,0.666667
SCC-2013-05,ukip,14_to_8_days,window,train,2,1.0,1,0,-1,-0.5,2,0,2,0.0,1,0,0.0,0,,0,0,0,,2,1.0,1,0,-1,-0.5,0,0.0,0,0.0,0,0.0,0,0.0,1,0.5,1,0.5,0,0.0,1,0.5,1,0.5,1,0.5,0,0.0
SCC-2013-05,ukip,7_to_4_days,window,train,0,0.0,0,0,0,,3,3,0,1.0,1,0,0.0,0,0.0,0,0,0,,0,,0,0,0,,0,0.0,0,0.0,0,0.0,0,0.0,0,0.0,1,0.333333,2,0.666667,0,0.0,0,0.0,0,0.0,0,0.0
SCC-2013-05,ukip,final_72_hours,window,train,0,0.0,0,0,0,,2,2,0,1.0,1,0,0.0,0,0.0,0,0,0,,0,,0,0,0,,0,0.0,0,0.0,0,0.0,0,0.0,0,0.0,0,0.0,2,1.0,0,0.0,0,0.0,0,0.0,1,0.5
SCC-2013-05,ukip,previous_72_hours,snapshot,train,0,0.0,0,0,0,,2,2,0,1.0,1,0,0.0,0,0.0,0,0,0,,0,,0,0,0,,0,0.0,0,0.0,0,0.0,0,0.0,0,0.0,0,0.0,2,1.0,0,0.0,0,0.0,0,0.0,1,0.5
SCC-2013-05,ukip,previous_7_days,snapshot,train,0,0.0,0,0,0,,5,5,0,1.0,1,0,0.0,0,0.0,0,0,0,,0,,0,0,0,,0,0.0,0,0.0,0,0.0,0,0.0,0,0.0,1,0.2,4,0.8,0,0.0,0,0.0,0,0.0,1,0.2
SCC-2013-05,ukip,previous_14_days,snapshot,train,2,0.285714,1,0,-1,-0.5,7,5,2,0.714286,2,0,0.0,0,0.0,0,0,0,,2,1.0,1,0,-1,-0.5,0,0.0,0,0.0,0,0.0,0,0.0,1,0.142857,2,0.285714,4,0.571429,1,0.142857,1,0.142857,1,0.142857,1,0.142857
SCC-2013-05,ukip,previous_30_days,snapshot,train,2,0.2,1,0,-1,-0.5,10,5,5,0.5,2,0,0.0,0,0.0,0,0,0,,2,0.4,1,0,-1,-0.5,0,0.0,0,0.0,0,0.0,0,0.0,3,0.3,3,0.3,4,0.4,3,0.3,1,0.1,2,0.2,3,0.3
SCC-2013-05,ukip,previous_90_days,snapshot,train,13,0.265306,3,2,-1,-0.076923,49,10,39,0.204082,2,0,0.0,1,0.1,1,0,-1,-1.0,12,0.307692,2,2,0,0.0,2,0.042553,0,0.0,0,0.0,4,0.085106,24,0.510638,11,0.234043,6,0.12766,25,0.510204,7,0.142857,11,0.22449,14,0.285714
SCC-2013-05,ukip,previous_180_days,snapshot,train,153,0.337748,47,32,-15,-0.098039,453,23,430,0.050773,2,0,0.0,1,0.043478,1,0,-1,-1.0,152,0.353488,46,32,-14,-0.092105,6,0.013544,0,0.0,0,0.0,48,0.108352,223,0.503386,130,0.293454,36,0.081264,259,0.571744,73,0.161148,101,0.222958,116,0.256071
SCC-2017-05,conservative,180_to_91_days,window,train,220,0.53528,172,18,-154,-0.7,411,26,385,0.06326,3,0,0.0,13,0.5,10,1,-9,-0.692308,207,0.537662,162,17,-145,-0.700483,26,0.063882,0,0.0,0,0.0,70,0.17199,214,0.525799,74,0.181818,23,0.056511,259,0.63017,39,0.094891,89,0.216545,110,0.26764
SCC-2017-05,conservative,90_to_31_days,window,train,22,0.385965,19,1,-18,-0.818182,57,28,29,0.491228,3,0,0.0,10,0.357143,10,0,-10,-1.0,12,0.413793,9,1,-8,-0.666667,0,0.0,0,0.0,0,0.0,7,0.127273,26,0.472727,9,0.163636,13,0.236364,28,0.491228,0,0.0,7,0.122807,17,0.298246
SCC-2017-05,conservative,30_to_15_days,window,train,5,0.833333,4,1,-3,-0.6,6,4,2,0.666667,3,0,0.0,3,0.75,2,1,-1,-0.333333,2,1.0,2,0,-2,-1.0,0,0.0,0,0.0,0,0.0,0,0.0,4,0.666667,1,0.166667,1,0.166667,3,0.5,0,0.0,1,0.166667,1,0.166667
SCC-2017-05,conservative,14_to_8_days,window,train,11,0.647059,7,3,-4,-0.363636,17,12,5,0.705882,4,0,0.0,6,0.5,4,1,-3,-0.5,5,1.0,3,2,-1,-0.2,0,0.0,0,0.0,0,0.0,2,0.117647,5,0.294118,5,0.294118,5,0.294118,4,0.235294,3,0.176471,1,0.058824,5,0.294118
SCC-2017-05,conservative,7_to_4_days,window,train,3,0.5,2,1,-1,-0.333333,6,6,0,1.0,3,0,0.0,3,0.5,2,1,-1,-0.333333,0,,0,0,0,,0,0.0,0,0.0,0,0.0,1,0.166667,1,0.166667,2,0.333333,2,0.333333,2,0.333333,0,0.0,2,0.333333,3,0.5
SCC-2017-05,conservative,final_72_hours,window,train,0,,0,0,0,,0,0,0,,0,0,,0,,0,0,0,,0,,0,0,0,,0,,0,,0,,0,,0,,0,,0,,0,,0,,0,,0,
SCC-2017-05,conservative,previous_72_hours,snapshot,train,0,,0,0,0,,0,0,0,,0,0,,0,,0,0,0,,0,,0,0,0,,0,,0,,0,,0,,0,,0,,0,,0,,0,,0,,0,
SCC-2017-05,conservative,previous_7_days,snapshot,train,3,0.5,2,1,-1,-0.333333,6,6,0,1.0,3,0,0.0,3,0.5,2,1,-1,-0.333333,0,,0,0,0,,0,0.0,0,0.0,0,0.0,1,0.166667,1,0.166667,2,0.333333,2,0.333333,2,0.333333,0,0.0,2,0.333333,3,0.5
SCC-2017-05,conservative,previous_14_days,snapshot,train,14,0.608696,9,4,-5,-0.357143,23,18,5,0.782609,4,0,0.0,9,0.5,6,2,-4,-0.444444,5,1.0,3,2,-1,-0.2,0,0.0,0,0.0,0,0.0,3,0.130435,6,0.26087,7,0.304348,7,0.304348,6,0.26087,3,0.130435,3,0.130435,8,0.347826
SCC-2017-05,conservative,previous_30_days,snapshot,train,19,0.655172,13,5,-8,-0.421053,29,22,7,0.758621,4,0,0.0,12,0.545455,8,3,-5,-0.416667,7,1.0,5,2,-3,-0.428571,0,0.0,0,0.0,0,0.0,3,0.103448,10,0.344828,8,0.275862,8,0.275862,9,0.310345,3,0.103448,4,0.137931,9,0.310345
SCC-2017-05,conservative,previous_90_days,snapshot,train,41,0.476744,32,6,-26,-0.634146,86,50,36,0.581395,4,0,0.0,22,0.44,18,3,-15,-0.681818,19,0.527778,14,3,-11,-0.578947,0,0.0,0,0.0,0,0.0,10,0.119048,36,0.428571,17,0.202381,21,0.25,37,0.430233,3,0.034884,11,0.127907,26,0.302326
SCC-2017-05,conservative,previous_180_days,snapshot,train,261,0.525151,204,24,-180,-0.689655,497,76,421,0.152918,4,0,0.0,35,0.460526,28,4,-24,-0.685714,226,0.536817,176,20,-156,-0.690265,26,0.052953,0,0.0,0,0.0,80,0.162933,250,0.509165,91,0.185336,44,0.089613,296,0.595573,42,0.084507,100,0.201207,136,0.273642
SCC-2017-05,green,180_to_91_days,window,train,43,0.104623,8,11,3,0.069767,411,26,385,0.06326,3,0,0.0,2,0.076923,0,0,0,0.0,41,0.106494,8,11,3,0.073171,26,0.063882,0,0.0,0,0.0,70,0.17199,214,0.525799,74,0.181818,23,0.056511,259,0.63017,39,0.094891,89,0.216545,110,0.26764
SCC-2017-05,green,90_to_31_days,window,train,4,0.070175,0,1,1,0.25,57,28,29,0.491228,3,0,0.0,0,0.0,0,0,0,,4,0.137931,0,1,1,0.25,0,0.0,0,0.0,0,0.0,7,0.127273,26,0.472727,9,0.163636,13,0.236364,28,0.491228,0,0.0,7,0.122807,17,0.298246
SCC-2017-05,green,30_to_15_days,window,train,3,0.5,0,0,0,0.0,6,4,2,0.666667,3,0,0.0,2,0.5,0,0,0,0.0,1,0.5,0,0,0,0.0,0,0.0,0,0.0,0,0.0,0,0.0,4,0.666667,1,0.166667,1,0.166667,3,0.5,0,0.0,1,0.166667,1,0.166667
SCC-2017-05,green,14_to_8_days,window,train,6,0.352941,2,1,-1,-0.166667,17,12,5,0.705882,4,0,0.0,4,0.333333,1,1,0,0.0,2,0.4,1,0,-1,-0.5,0,0.0,0,0.0,0,0.0,2,0.117647,5,0.294118,5,0.294118,5,0.294118,4,0.235294,3,0.176471,1,0.058824,5,0.294118
SCC-2017-05,green,7_to_4_days,window,train,3,0.5,0,0,0,0.0,6,6,0,1.0,3,0,0.0,3,0.5,0,0,0,0.0,0,,0,0,0,,0,0.0,0,0.0,0,0.0,1,0.166667,1,0.166667,2,0.333333,2,0.333333,2,0.333333,0,0.0,2,0.333333,3,0.5
SCC-2017-05,green,final_72_hours,window,train,0,,0,0,0,,0,0,0,,0,0,,0,,0,0,0,,0,,0,0,0,,0,,0,,0,,0,,0,,0,,0,,0,,0,,0,,0,
SCC-2017-05,green,previous_72_hours,snapshot,train,0,,0,0,0,,0,0,0,,0,0,,0,,0,0,0,,0,,0,0,0,,0,,0,,0,,0,,0,,0,,0,,0,,0,,0,,0,
SCC-2017-05,green,previous_7_days,snapshot,train,3,0.5,0,0,0,0.0,6,6,0,1.0,3,0,0.0,3,0.5,0,0,0,0.0,0,,0,0,0,,0,0.0,0,0.0,0,0.0,1,0.166667,1,0.166667,2,0.333333,2,0.333333,2,0.333333,0,0.0,2,0.333333,3,0.5
SCC-2017-05,green,previous_14_days,snapshot,train,9,0.391304,2,1,-1,-0.111111,23,18,5,0.782609,4,0,0.0,7,0.388889,1,1,0,0.0,2,0.4,1,0,-1,-0.5,0,0.0,0,0.0,0,0.0,3,0.130435,6,0.26087,7,0.304348,7,0.304348,6,0.26087,3,0.130435,3,0.130435,8,0.347826
SCC-2017-05,green,previous_30_days,snapshot,train,12,0.413793,2,1,-1,-0.083333,29,22,7,0.758621,4,0,0.0,9,0.409091,1,1,0,0.0,3,0.428571,1,0,-1,-0.333333,0,0.0,0,0.0,0,0.0,3,0.103448,10,0.344828,8,0.275862,8,0.275862,9,0.310345,3,0.103448,4,0.137931,9,0.310345
SCC-2017-05,green,previous_90_days,snapshot,train,16,0.186047,2,2,0,0.0,86,50,36,0.581395,4,0,0.0,9,0.18,1,1,0,0.0,7,0.194444,1,1,0,0.0,0,0.0,0,0.0,0,0.0,10,0.119048,36,0.428571,17,0.202381,21,0.25,37,0.430233,3,0.034884,11,0.127907,26,0.302326
SCC-2017-05,green,previous_180_days,snapshot,train,59,0.118712,10,13,3,0.050847,497,76,421,0.152918,4,0,0.0,11,0.144737,1,1,0,0.0,48,0.114014,9,12,3,0.0625,26,0.052953,0,0.0,0,0.0,80,0.162933,250,0.509165,91,0.185336,44,0.089613,296,0.595573,42,0.084507,100,0.201207,136,0.273642
SCC-2017-05,labour,180_to_91_days,window,train,220,0.53528,104,46,-58,-0.263636,411,26,385,0.06326,3,0,0.0,8,0.307692,4,0,-4,-0.5,212,0.550649,100,46,-54,-0.254717,26,0.063882,0,0.0,0,0.0,70,0.17199,214,0.525799,74,0.181818,23,0.056511,259,0.63017,39,0.094891,89,0.216545,110,0.26764
SCC-2017-05,labour,90_to_31_days,window,train,18,0.315789,4,7,3,0.166667,57,28,29,0.491228,3,0,0.0,6,0.214286,1,3,2,0.333333,12,0.413793,3,4,1,0.083333,0,0.0,0,0.0,0,0.0,7,0.127273,26,0.472727,9,0.163636,13,0.236364,28,0.491228,0,0.0,7,0.122807,17,0.298246
SCC-2017-05,labour,30_to_15_days,window,train,4,0.666667,3,0,-3,-0.75,6,4,2,0.666667,3,0,0.0,2,0.5,2,0,-2,-1.0,2,1.0,1,0,-1,-0.5,0,0.0,0,0.0,0,0.0,0,0.0,4,0.666667,1,0.166667,1,0.166667,3,0.5,0,0.0,1,0.166667,1,0.166667
SCC-2017-05,labour,14_to_8_days,window,train,10,0.588235,8,0,-8,-0.8,17,12,5,0.705882,4,0,0.0,5,0.416667,4,0,-4,-0.8,5,1.0,4,0,-4,-0.8,0,0.0,0,0.0,0,0.0,2,0.117647,5,0.294118,5,0.294118,5,0.294118,4,0.235294,3,0.176471,1,0.058824,5,0.294118
SCC-2017-05,labour,7_to_4_days,window,train,4,0.666667,2,0,-2,-0.5,6,6,0,1.0,3,0,0.0,4,0.666667,2,0,-2,-0.5,0,,0,0,0,,0,0.0,0,0.0,0,0.0,1,0.166667,1,0.166667,2,0.333333,2,0.333333,2,0.333333,0,0.0,2,0.333333,3,0.5
SCC-2017-05,labour,final_72_hours,window,train,0,,0,0,0,,0,0,0,,0,0,,0,,0,0,0,,0,,0,0,0,,0,,0,,0,,0,,0,,0,,0,,0,,0,,0,,0,
SCC-2017-05,labour,previous_72_hours,snapshot,train,0,,0,0,0,,0,0,0,,0,0,,0,,0,0,0,,0,,0,0,0,,0,,0,,0,,0,,0,,0,,0,,0,,0,,0,,0,
SCC-2017-05,labour,previous_7_days,snapshot,train,4,0.666667,2,0,-2,-0.5,6,6,0,1.0,3,0,0.0,4,0.666667,2,0,-2,-0.5,0,,0,0,0,,0,0.0,0,0.0,0,0.0,1,0.166667,1,0.166667,2,0.333333,2,0.333333,2,0.333333,0,0.0,2,0.333333,3,0.5
SCC-2017-05,labour,previous_14_days,snapshot,train,14,0.608696,10,0,-10,-0.714286,23,18,5,0.782609,4,0,0.0,9,0.5,6,0,-6,-0.666667,5,1.0,4,0,-4,-0.8,0,0.0,0,0.0,0,0.0,3,0.130435,6,0.26087,7,0.304348,7,0.304348,6,0.26087,3,0.130435,3,0.130435,8,0.347826
SCC-2017-05,labour,previous_30_days,snapshot,train,18,0.62069,13,0,-13,-0.722222,29,22,7,0.758621,4,0,0.0,11,0.5,8,0,-8,-0.727273,7,1.0,5,0,-5,-0.714286,0,0.0,0,0.0,0,0.0,3,0.103448,10,0.344828,8,0.275862,8,0.275862,9,0.310345,3,0.103448,4,0.137931,9,0.310345
SCC-2017-05,labour,previous_90_days,snapshot,train,36,0.418605,17,7,-10,-0.277778,86,50,36,0.581395,4,0,0.0,17,0.34,9,3,-6,-0.352941,19,0.527778,8,4,-4,-0.210526,0,0.0,0,0.0,0,0.0,10,0.119048,36,0.428571,17,0.202381,21,0.25,37,0.430233,3,0.034884,11,0.127907,26,0.302326
SCC-2017-05,labour,previous_180_days,snapshot,train,256,0.515091,121,53,-68,-0.265625,497,76,421,0.152918,4,0,0.0,25,0.328947,13,3,-10,-0.4,231,0.548694,108,50,-58,-0.251082,26,0.052953,0,0.0,0,0.0,80,0.162933,250,0.509165,91,0.185336,44,0.089613,296,0.595573,42,0.084507,100,0.201207,136,0.273642
SCC-2017-05,liberal_democrat,180_to_91_days,window,train,110,0.26764,16,41,25,0.227273,411,26,385,0.06326,3,0,0.0,6,0.230769,2,3,1,0.166667,104,0.27013,14,38,24,0.230769,26,0.063882,0,0.0,0,0.0,70,0.17199,214,0.525799,74,0.181818,23,0.056511,259,0.63017,39,0.094891,89,0.216545,110,0.26764
SCC-2017-05,liberal_democrat,90_to_31_days,window,train,8,0.140351,2,2,0,0.0,57,28,29,0.491228,3,0,0.0,2,0.071429,0,1,1,0.5,6,0.206897,2,1,-1,-0.166667,0,0.0,0,0.0,0,0.0,7,0.127273,26,0.472727,9,0.163636,13,0.236364,28,0.491228,0,0.0,7,0.122807,17,0.298246
SCC-2017-05,liberal_democrat,30_to_15_days,window,train,4,0.666667,1,1,0,0.0,6,4,2,0.666667,3,0,0.0,3,0.75,1,1,0,0.0,1,0.5,0,0,0,0.0,0,0.0,0,0.0,0,0.0,0,0.0,4,0.666667,1,0.166667,1,0.166667,3,0.5,0,0.0,1,0.166667,1,0.166667
SCC-2017-05,liberal_democrat,14_to_8_days,window,train,9,0.529412,0,5,5,0.555556,17,12,5,0.705882,4,0,0.0,6,0.5,0,4,4,0.666667,3,0.6,0,1,1,0.333333,0,0.0,0,0.0,0,0.0,2,0.117647,5,0.294118,5,0.294118,5,0.294118,4,0.235294,3,0.176471,1,0.058824,5,0.294118
SCC-2017-05,liberal_democrat,7_to_4_days,window,train,3,0.5,0,0,0,0.0,6,6,0,1.0,3,0,0.0,3,0.5,0,0,0,0.0,0,,0,0,0,,0,0.0,0,0.0,0,0.0,1,0.166667,1,0.166667,2,0.333333,2,0.333333,2,0.333333,0,0.0,2,0.333333,3,0.5
SCC-2017-05,liberal_democrat,final_72_hours,window,train,0,,0,0,0,,0,0,0,,0,0,,0,,0,0,0,,0,,0,0,0,,0,,0,,0,,0,,0,,0,,0,,0,,0,,0,,0,
SCC-2017-05,liberal_democrat,previous_72_hours,snapshot,train,0,,0,0,0,,0,0,0,,0,0,,0,,0,0,0,,0,,0,0,0,,0,,0,,0,,0,,0,,0,,0,,0,,0,,0,,0,
SCC-2017-05,liberal_democrat,previous_7_days,snapshot,train,3,0.5,0,0,0,0.0,6,6,0,1.0,3,0,0.0,3,0.5,0,0,0,0.0,0,,0,0,0,,0,0.0,0,0.0,0,0.0,1,0.166667,1,0.166667,2,0.333333,2,0.333333,2,0.333333,0,0.0,2,0.333333,3,0.5
SCC-2017-05,liberal_democrat,previous_14_days,snapshot,train,12,0.521739,0,5,5,0.416667,23,18,5,0.782609,4,0,0.0,9,0.5,0,4,4,0.444444,3,0.6,0,1,1,0.333333,0,0.0,0,0.0,0,0.0,3,0.130435,6,0.26087,7,0.304348,7,0.304348,6,0.26087,3,0.130435,3,0.130435,8,0.347826
SCC-2017-05,liberal_democrat,previous_30_days,snapshot,train,16,0.551724,1,6,5,0.3125,29,22,7,0.758621,4,0,0.0,12,0.545455,1,5,4,0.333333,4,0.571429,0,1,1,0.25,0,0.0,0,0.0,0,0.0,3,0.103448,10,0.344828,8,0.275862,8,0.275862,9,0.310345,3,0.103448,4,0.137931,9,0.310345
SCC-2017-05,liberal_democrat,previous_90_days,snapshot,train,24,0.27907,3,8,5,0.208333,86,50,36,0.581395,4,0,0.0,14,0.28,1,6,5,0.357143,10,0.277778,2,2,0,0.0,0,0.0,0,0.0,0,0.0,10,0.119048,36,0.428571,17,0.202381,21,0.25,37,0.430233,3,0.034884,11,0.127907,26,0.302326
SCC-2017-05,liberal_democrat,previous_180_days,snapshot,train,134,0.269618,19,49,30,0.223881,497,76,421,0.152918,4,0,0.0,20,0.263158,3,9,6,0.3,114,0.270784,16,40,24,0.210526,26,0.052953,0,0.0,0,0.0,80,0.162933,250,0.509165,91,0.185336,44,0.089613,296,0.595573,42,0.084507,100,0.201207,136,0.273642
SCC-2017-05,reform_uk,180_to_91_days,window,train,0,0.0,0,0,0,,411,26,385,0.06326,3,0,0.0,0,0.0,0,0,0,,0,0.0,0,0,0,,26,0.063882,0,0.0,0,0.0,70,0.17199,214,0.525799,74,0.181818,23,0.056511,259,0.63017,39,0.094891,89,0.216545,110,0.26764
SCC-2017-05,reform_uk,90_to_31_days,window,train,0,0.0,0,0,0,,57,28,29,0.491228,3,0,0.0,0,0.0,0,0,0,,0,0.0,0,0,0,,0,0.0,0,0.0,0,0.0,7,0.127273,26,0.472727,9,0.163636,13,0.236364,28,0.491228,0,0.0,7,0.122807,17,0.298246
SCC-2017-05,reform_uk,30_to_15_days,window,train,0,0.0,0,0,0,,6,4,2,0.666667,3,0,0.0,0,0.0,0,0,0,,0,0.0,0,0,0,,0,0.0,0,0.0,0,0.0,0,0.0,4,0.666667,1,0.166667,1,0.166667,3,0.5,0,0.0,1,0.166667,1,0.166667
SCC-2017-05,reform_uk,14_to_8_days,window,train,0,0.0,0,0,0,,17,12,5,0.705882,4,0,0.0,0,0.0,0,0,0,,0,0.0,0,0,0,,0,0.0,0,0.0,0,0.0,2,0.117647,5,0.294118,5,0.294118,5,0.294118,4,0.235294,3,0.176471,1,0.058824,5,0.294118
SCC-2017-05,reform_uk,7_to_4_days,window,train,0,0.0,0,0,0,,6,6,0,1.0,3,0,0.0,0,0.0,0,0,0,,0,,0,0,0,,0,0.0,0,0.0,0,0.0,1,0.166667,1,0.166667,2,0.333333,2,0.333333,2,0.333333,0,0.0,2,0.333333,3,0.5
SCC-2017-05,reform_uk,final_72_hours,window,train,0,,0,0,0,,0,0,0,,0,0,,0,,0,0,0,,0,,0,0,0,,0,,0,,0,,0,,0,,0,,0,,0,,0,,0,,0,
SCC-2017-05,reform_uk,previous_72_hours,snapshot,train,0,,0,0,0,,0,0,0,,0,0,,0,,0,0,0,,0,,0,0,0,,0,,0,,0,,0,,0,,0,,0,,0,,0,,0,,0,
SCC-2017-05,reform_uk,previous_7_days,snapshot,train,0,0.0,0,0,0,,6,6,0,1.0,3,0,0.0,0,0.0,0,0,0,,0,,0,0,0,,0,0.0,0,0.0,0,0.0,1,0.166667,1,0.166667,2,0.333333,2,0.333333,2,0.333333,0,0.0,2,0.333333,3,0.5
SCC-2017-05,reform_uk,previous_14_days,snapshot,train,0,0.0,0,0,0,,23,18,5,0.782609,4,0,0.0,0,0.0,0,0,0,,0,0.0,0,0,0,,0,0.0,0,0.0,0,0.0,3,0.130435,6,0.26087,7,0.304348,7,0.304348,6,0.26087,3,0.130435,3,0.130435,8,0.347826
SCC-2017-05,reform_uk,previous_30_days,snapshot,train,0,0.0,0,0,0,,29,22,7,0.758621,4,0,0.0,0,0.0,0,0,0,,0,0.0,0,0,0,,0,0.0,0,0.0,0,0.0,3,0.103448,10,0.344828,8,0.275862,8,0.275862,9,0.310345,3,0.103448,4,0.137931,9,0.310345
SCC-2017-05,reform_uk,previous_90_days,snapshot,train,0,0.0,0,0,0,,86,50,36,0.581395,4,0,0.0,0,0.0,0,0,0,,0,0.0,0,0,0,,0,0.0,0,0.0,0,0.0,10,0.119048,36,0.428571,17,0.202381,21,0.25,37,0.430233,3,0.034884,11,0.127907,26,0.302326
SCC-2017-05,reform_uk,previous_180_days,snapshot,train,0,0.0,0,0,0,,497,76,421,0.152918,4,0,0.0,0,0.0,0,0,0,,0,0.0,0,0,0,,26,0.052953,0,0.0,0,0.0,80,0.162933,250,0.509165,91,0.185336,44,0.089613,296,0.595573,42,0.084507,100,0.201207,136,0.273642
SCC-2017-05,ukip,180_to_91_days,window,train,155,0.377129,105,6,-99,-0.63871,411,26,385,0.06326,3,0,0.0,2,0.076923,2,0,-2,-1.0,153,0.397403,103,6,-97,-0.633987,26,0.063882,0,0.0,0,0.0,70,0.17199,214,0.525799,74,0.181818,23,0.056511,259,0.63017,39,0.094891,89,0.216545,110,0.26764
SCC-2017-05,ukip,90_to_31_days,window,train,5,0.087719,4,0,-4,-0.8,57,28,29,0.491228,3,0,0.0,1,0.035714,1,0,-1,-1.0,4,0.137931,3,0,-3,-0.75,0,0.0,0,0.0,0,0.0,7,0.127273,26,0.472727,9,0.163636,13,0.236364,28,0.491228,0,0.0,7,0.122807,17,0.298246
SCC-2017-05,ukip,30_to_15_days,window,train,2,0.333333,2,0,-2,-1.0,6,4,2,0.666667,3,0,0.0,1,0.25,1,0,-1,-1.0,1,0.5,1,0,-1,-1.0,0,0.0,0,0.0,0,0.0,0,0.0,4,0.666667,1,0.166667,1,0.166667,3,0.5,0,0.0,1,0.166667,1,0.166667
SCC-2017-05,ukip,14_to_8_days,window,train,6,0.352941,3,0,-3,-0.5,17,12,5,0.705882,4,0,0.0,4,0.333333,1,0,-1,-0.25,2,0.4,2,0,-2,-1.0,0,0.0,0,0.0,0,0.0,2,0.117647,5,0.294118,5,0.294118,5,0.294118,4,0.235294,3,0.176471,1,0.058824,5,0.294118
SCC-2017-05,ukip,7_to_4_days,window,train,4,0.666667,1,0,-1,-0.25,6,6,0,1.0,3,0,0.0,4,0.666667,1,0,-1,-0.25,0,,0,0,0,,0,0.0,0,0.0,0,0.0,1,0.166667,1,0.166667,2,0.333333,2,0.333333,2,0.333333,0,0.0,2,0.333333,3,0.5
SCC-2017-05,ukip,final_72_hours,window,train,0,,0,0,0,,0,0,0,,0,0,,0,,0,0,0,,0,,0,0,0,,0,,0,,0,,0,,0,,0,,0,,0,,0,,0,,0,
SCC-2017-05,ukip,previous_72_hours,snapshot,train,0,,0,0,0,,0,0,0,,0,0,,0,,0,0,0,,0,,0,0,0,,0,,0,,0,,0,,0,,0,,0,,0,,0,,0,,0,
SCC-2017-05,ukip,previous_7_days,snapshot,train,4,0.666667,1,0,-1,-0.25,6,6,0,1.0,3,0,0.0,4,0.666667,1,0,-1,-0.25,0,,0,0,0,,0,0.0,0,0.0,0,0.0,1,0.166667,1,0.166667,2,0.333333,2,0.333333,2,0.333333,0,0.0,2,0.333333,3,0.5
SCC-2017-05,ukip,previous_14_days,snapshot,train,10,0.434783,4,0,-4,-0.4,23,18,5,0.782609,4,0,0.0,8,0.444444,2,0,-2,-0.25,2,0.4,2,0,-2,-1.0,0,0.0,0,0.0,0,0.0,3,0.130435,6,0.26087,7,0.304348,7,0.304348,6,0.26087,3,0.130435,3,0.130435,8,0.347826
SCC-2017-05,ukip,previous_30_days,snapshot,train,12,0.413793,6,0,-6,-0.5,29,22,7,0.758621,4,0,0.0,9,0.409091,3,0,-3,-0.333333,3,0.428571,3,0,-3,-1.0,0,0.0,0,0.0,0,0.0,3,0.103448,10,0.344828,8,0.275862,8,0.275862,9,0.310345,3,0.103448,4,0.137931,9,0.310345
SCC-2017-05,ukip,previous_90_days,snapshot,train,17,0.197674,10,0,-10,-0.588235,86,50,36,0.581395,4,0,0.0,10,0.2,4,0,-4,-0.4,7,0.194444,6,0,-6,-0.857143,0,0.0,0,0.0,0,0.0,10,0.119048,36,0.428571,17,0.202381,21,0.25,37,0.430233,3,0.034884,11,0.127907,26,0.302326
SCC-2017-05,ukip,previous_180_days,snapshot,train,172,0.346076,115,6,-109,-0.633721,497,76,421,0.152918,4,0,0.0,12,0.157895,6,0,-6,-0.5,160,0.380048,109,6,-103,-0.64375,26,0.052953,0,0.0,0,0.0,80,0.162933,250,0.509165,91,0.185336,44,0.089613,296,0.595573,42,0.084507,100,0.201207,136,0.273642
SCC-2021-05,conservative,180_to_91_days,window,validation,109,0.516588,91,4,-87,-0.798165,211,19,192,0.090047,3,5,0.023697,6,0.315789,4,1,-3,-0.5,103,0.536458,87,3,-84,-0.815534,4,0.019231,0,0.0,0,0.0,13,0.0625,100,0.480769,75,0.360577,16,0.076923,156,0.739336,5,0.023697,27,0.127962,63,0.298578
SCC-2021-05,conservative,90_to_31_days,window,validation,54,0.613636,44,5,-39,-0.722222,88,16,72,0.181818,3,5,0.056818,7,0.4375,7,0,-7,-1.0,47,0.652778,37,5,-32,-0.680851,2,0.023256,0,0.0,0,0.0,2,0.023256,41,0.476744,32,0.372093,9,0.104651,57,0.647727,5,0.056818,16,0.181818,26,0.295455
SCC-2021-05,conservative,30_to_15_days,window,validation,4,0.25,3,1,-2,-0.5,16,8,8,0.5,4,2,0.125,0,0.0,0,0,0,,4,0.5,3,1,-2,-0.5,0,0.0,0,0.0,0,0.0,1,0.066667,5,0.333333,5,0.333333,4,0.266667,4,0.25,1,0.0625,2,0.125,6,0.375
SCC-2021-05,conservative,14_to_8_days,window,validation,2,0.25,1,0,-1,-0.5,8,6,2,0.75,3,0,0.0,1,0.166667,0,0,0,0.0,1,0.5,1,0,-1,-1.0,0,0.0,0,0.0,0,0.0,0,0.0,1,0.125,4,0.5,3,0.375,1,0.125,2,0.25,1,0.125,2,0.25
SCC-2021-05,conservative,7_to_4_days,window,validation,1,0.5,1,0,-1,-1.0,2,2,0,1.0,2,0,0.0,1,0.5,1,0,-1,-1.0,0,,0,0,0,,0,0.0,0,0.0,0,0.0,0,0.0,0,0.0,1,0.5,1,0.5,0,0.0,0,0.0,0,0.0,2,1.0
SCC-2021-05,conservative,final_72_hours,window,validation,8,1.0,7,0,-7,-0.875,8,3,5,0.375,2,1,0.125,3,1.0,2,0,-2,-0.666667,5,1.0,5,0,-5,-1.0,0,0.0,0,0.0,0,0.0,0,0.0,5,0.625,3,0.375,0,0.0,6,0.75,1,0.125,0,0.0,2,0.25
SCC-2021-05,conservative,previous_72_hours,snapshot,validation,8,1.0,7,0,-7,-0.875,8,3,5,0.375,2,1,0.125,3,1.0,2,0,-2,-0.666667,5,1.0,5,0,-5,-1.0,0,0.0,0,0.0,0,0.0,0,0.0,5,0.625,3,0.375,0,0.0,6,0.75,1,0.125,0,0.0,2,0.25
SCC-2021-05,conservative,previous_7_days,snapshot,validation,9,0.9,8,0,-8,-0.888889,10,5,5,0.5,3,1,0.1,4,0.8,3,0,-3,-0.75,5,1.0,5,0,-5,-1.0,0,0.0,0,0.0,0,0.0,0,0.0,5,0.5,4,0.4,1,0.1,6,0.6,1,0.1,0,0.0,4,0.4
SCC-2021-05,conservative,previous_14_days,snapshot,validation,11,0.611111,9,0,-9,-0.818182,18,11,7,0.611111,3,1,0.055556,5,0.454545,3,0,-3,-0.6,6,0.857143,6,0,-6,-1.0,0,0.0,0,0.0,0,0.0,0,0.0,6,0.333333,8,0.444444,4,0.222222,7,0.388889,3,0.166667,1,0.055556,6,0.333333
SCC-2021-05,conservative,previous_30_days,snapshot,validation,15,0.441176,12,1,-11,-0.733333,34,19,15,0.558824,4,3,0.088235,5,0.263158,3,0,-3,-0.6,10,0.666667,9,1,-8,-0.8,0,0.0,0,0.0,0,0.0,1,0.030303,11,0.333333,13,0.393939,8,0.242424,11,0.323529,4,0.117647,3,0.088235,12,0.352941
SCC-2021-05,conservative,previous_90_days,snapshot,validation,69,0.565574,56,6,-50,-0.724638,122,35,87,0.286885,4,8,0.065574,12,0.342857,10,0,-10,-0.833333,57,0.655172,46,6,-40,-0.701754,2,0.016807,0,0.0,0,0.0,3,0.02521,52,0.436975,45,0.378151,17,0.142857,68,0.557377,9,0.07377,19,0.155738,38,0.311475
SCC-2021-05,conservative,previous_180_days,snapshot,validation,178,0.534535,147,10,-137,-0.769663,333,54,279,0.162162,4,13,0.039039,18,0.333333,14,1,-13,-0.722222,160,0.573477,133,9,-124,-0.775,6,0.018349,0,0.0,0,0.0,16,0.04893,152,0.464832,120,0.366972,33,0.100917,224,0.672673,14,0.042042,46,0.138138,101,0.303303
SCC-2021-05,green,180_to_91_days,window,validation,7,0.033175,1,1,0,0.0,211,19,192,0.090047,3,5,0.023697,0,0.0,0,0,0,,7,0.036458,1,1,0,0.0,4,0.019231,0,0.0,0,0.0,13,0.0625,100,0.480769,75,0.360577,16,0.076923,156,0.739336,5,0.023697,27,0.127962,63,0.298578
SCC-2021-05,green,90_to_31_days,window,validation,1,0.011364,0,1,1,1.0,88,16,72,0.181818,3,5,0.056818,0,0.0,0,0,0,,1,0.013889,0,1,1,1.0,2,0.023256,0,0.0,0,0.0,2,0.023256,41,0.476744,32,0.372093,9,0.104651,57,0.647727,5,0.056818,16,0.181818,26,0.295455
SCC-2021-05,green,30_to_15_days,window,validation,1,0.0625,0,0,0,0.0,16,8,8,0.5,4,2,0.125,0,0.0,0,0,0,,1,0.125,0,0,0,0.0,0,0.0,0,0.0,0,0.0,1,0.066667,5,0.333333,5,0.333333,4,0.266667,4,0.25,1,0.0625,2,0.125,6,0.375
SCC-2021-05,green,14_to_8_days,window,validation,1,0.125,0,0,0,0.0,8,6,2,0.75,3,0,0.0,0,0.0,0,0,0,,1,0.5,0,0,0,0.0,0,0.0,0,0.0,0,0.0,0,0.0,1,0.125,4,0.5,3,0.375,1,0.125,2,0.25,1,0.125,2,0.25
SCC-2021-05,green,7_to_4_days,window,validation,1,0.5,0,0,0,0.0,2,2,0,1.0,2,0,0.0,1,0.5,0,0,0,0.0,0,,0,0,0,,0,0.0,0,0.0,0,0.0,0,0.0,0,0.0,1,0.5,1,0.5,0,0.0,0,0.0,0,0.0,2,1.0
SCC-2021-05,green,final_72_hours,window,validation,5,0.625,1,1,0,0.0,8,3,5,0.375,2,1,0.125,3,1.0,1,0,-1,-0.333333,2,0.4,0,1,1,0.5,0,0.0,0,0.0,0,0.0,0,0.0,5,0.625,3,0.375,0,0.0,6,0.75,1,0.125,0,0.0,2,0.25
SCC-2021-05,green,previous_72_hours,snapshot,validation,5,0.625,1,1,0,0.0,8,3,5,0.375,2,1,0.125,3,1.0,1,0,-1,-0.333333,2,0.4,0,1,1,0.5,0,0.0,0,0.0,0,0.0,0,0.0,5,0.625,3,0.375,0,0.0,6,0.75,1,0.125,0,0.0,2,0.25
SCC-2021-05,green,previous_7_days,snapshot,validation,6,0.6,1,1,0,0.0,10,5,5,0.5,3,1,0.1,4,0.8,1,0,-1,-0.25,2,0.4,0,1,1,0.5,0,0.0,0,0.0,0,0.0,0,0.0,5,0.5,4,0.4,1,0.1,6,0.6,1,0.1,0,0.0,4,0.4
SCC-2021-05,green,previous_14_days,snapshot,validation,7,0.388889,1,1,0,0.0,18,11,7,0.611111,3,1,0.055556,4,0.363636,1,0,-1,-0.25,3,0.428571,0,1,1,0.333333,0,0.0,0,0.0,0,0.0,0,0.0,6,0.333333,8,0.444444,4,0.222222,7,0.388889,3,0.166667,1,0.055556,6,0.333333
SCC-2021-05,green,previous_30_days,snapshot,validation,8,0.235294,1,1,0,0.0,34,19,15,0.558824,4,3,0.088235,4,0.210526,1,0,-1,-0.25,4,0.266667,0,1,1,0.25,0,0.0,0,0.0,0,0.0,1,0.030303,11,0.333333,13,0.393939,8,0.242424,11,0.323529,4,0.117647,3,0.088235,12,0.352941
SCC-2021-05,green,previous_90_days,snapshot,validation,9,0.07377,1,2,1,0.111111,122,35,87,0.286885,4,8,0.065574,4,0.114286,1,0,-1,-0.25,5,0.057471,0,2,2,0.4,2,0.016807,0,0.0,0,0.0,3,0.02521,52,0.436975,45,0.378151,17,0.142857,68,0.557377,9,0.07377,19,0.155738,38,0.311475
SCC-2021-05,green,previous_180_days,snapshot,validation,16,0.048048,2,3,1,0.0625,333,54,279,0.162162,4,13,0.039039,4,0.074074,1,0,-1,-0.25,12,0.043011,1,3,2,0.166667,6,0.018349,0,0.0,0,0.0,16,0.04893,152,0.464832,120,0.366972,33,0.100917,224,0.672673,14,0.042042,46,0.138138,101,0.303303
SCC-2021-05,labour,180_to_91_days,window,validation,109,0.516588,26,20,-6,-0.055046,211,19,192,0.090047,3,5,0.023697,5,0.263158,1,0,-1,-0.2,104,0.541667,25,20,-5,-0.048077,4,0.019231,0,0.0,0,0.0,13,0.0625,100,0.480769,75,0.360577,16,0.076923,156,0.739336,5,0.023697,27,0.127962,63,0.298578
SCC-2021-05,labour,90_to_31_days,window,validation,44,0.5,17,9,-8,-0.181818,88,16,72,0.181818,3,5,0.056818,2,0.125,1,0,-1,-0.5,42,0.583333,16,9,-7,-0.166667,2,0.023256,0,0.0,0,0.0,2,0.023256,41,0.476744,32,0.372093,9,0.104651,57,0.647727,5,0.056818,16,0.181818,26,0.295455
SCC-2021-05,labour,30_to_15_days,window,validation,5,0.3125,2,1,-1,-0.2,16,8,8,0.5,4,2,0.125,0,0.0,0,0,0,,5,0.625,2,1,-1,-0.2,0,0.0,0,0.0,0,0.0,1,0.066667,5,0.333333,5,0.333333,4,0.266667,4,0.25,1,0.0625,2,0.125,6,0.375
SCC-2021-05,labour,14_to_8_days,window,validation,3,0.375,2,1,-1,-0.333333,8,6,2,0.75,3,0,0.0,1,0.166667,1,0,-1,-1.0,2,1.0,1,1,0,0.0,0,0.0,0,0.0,0,0.0,0,0.0,1,0.125,4,0.5,3,0.375,1,0.125,2,0.25,1,0.125,2,0.25
SCC-2021-05,labour,7_to_4_days,window,validation,1,0.5,0,0,0,0.0,2,2,0,1.0,2,0,0.0,1,0.5,0,0,0,0.0,0,,0,0,0,,0,0.0,0,0.0,0,0.0,0,0.0,0,0.0,1,0.5,1,0.5,0,0.0,0,0.0,0,0.0,2,1.0
SCC-2021-05,labour,final_72_hours,window,validation,7,0.875,3,1,-2,-0.285714,8,3,5,0.375,2,1,0.125,3,1.0,0,0,0,0.0,4,0.8,3,1,-2,-0.5,0,0.0,0,0.0,0,0.0,0,0.0,5,0.625,3,0.375,0,0.0,6,0.75,1,0.125,0,0.0,2,0.25
SCC-2021-05,labour,previous_72_hours,snapshot,validation,7,0.875,3,1,-2,-0.285714,8,3,5,0.375,2,1,0.125,3,1.0,0,0,0,0.0,4,0.8,3,1,-2,-0.5,0,0.0,0,0.0,0,0.0,0,0.0,5,0.625,3,0.375,0,0.0,6,0.75,1,0.125,0,0.0,2,0.25
SCC-2021-05,labour,previous_7_days,snapshot,validation,8,0.8,3,1,-2,-0.25,10,5,5,0.5,3,1,0.1,4,0.8,0,0,0,0.0,4,0.8,3,1,-2,-0.5,0,0.0,0,0.0,0,0.0,0,0.0,5,0.5,4,0.4,1,0.1,6,0.6,1,0.1,0,0.0,4,0.4
SCC-2021-05,labour,previous_14_days,snapshot,validation,11,0.611111,5,2,-3,-0.272727,18,11,7,0.611111,3,1,0.055556,5,0.454545,1,0,-1,-0.2,6,0.857143,4,2,-2,-0.333333,0,0.0,0,0.0,0,0.0,0,0.0,6,0.333333,8,0.444444,4,0.222222,7,0.388889,3,0.166667,1,0.055556,6,0.333333
SCC-2021-05,labour,previous_30_days,snapshot,validation,16,0.470588,7,3,-4,-0.25,34,19,15,0.558824,4,3,0.088235,5,0.263158,1,0,-1,-0.2,11,0.733333,6,3,-3,-0.272727,0,0.0,0,0.0,0,0.0,1,0.030303,11,0.333333,13,0.393939,8,0.242424,11,0.323529,4,0.117647,3,0.088235,12,0.352941
SCC-2021-05,labour,previous_90_days,snapshot,validation,60,0.491803,24,12,-12,-0.2,122,35,87,0.286885,4,8,0.065574,7,0.2,2,0,-2,-0.285714,53,0.609195,22,12,-10,-0.188679,2,0.016807,0,0.0,0,0.0,3,0.02521,52,0.436975,45,0.378151,17,0.142857,68,0.557377,9,0.07377,19,0.155738,38,0.311475
SCC-2021-05,labour,previous_180_days,snapshot,validation,169,0.507508,50,32,-18,-0.106509,333,54,279,0.162162,4,13,0.039039,12,0.222222,3,0,-3,-0.25,157,0.562724,47,32,-15,-0.095541,6,0.018349,0,0.0,0,0.0,16,0.04893,152,0.464832,120,0.366972,33,0.100917,224,0.672673,14,0.042042,46,0.138138,101,0.303303
SCC-2021-05,liberal_democrat,180_to_91_days,window,validation,18,0.085308,3,1,-2,-0.111111,211,19,192,0.090047,3,5,0.023697,3,0.157895,1,0,-1,-0.333333,15,0.078125,2,1,-1,-0.066667,4,0.019231,0,0.0,0,0.0,13,0.0625,100,0.480769,75,0.360577,16,0.076923,156,0.739336,5,0.023697,27,0.127962,63,0.298578
SCC-2021-05,liberal_democrat,90_to_31_days,window,validation,18,0.204545,3,1,-2,-0.111111,88,16,72,0.181818,3,5,0.056818,5,0.3125,1,0,-1,-0.2,13,0.180556,2,1,-1,-0.076923,2,0.023256,0,0.0,0,0.0,2,0.023256,41,0.476744,32,0.372093,9,0.104651,57,0.647727,5,0.056818,16,0.181818,26,0.295455
SCC-2021-05,liberal_democrat,30_to_15_days,window,validation,3,0.1875,0,0,0,0.0,16,8,8,0.5,4,2,0.125,1,0.125,0,0,0,0.0,2,0.25,0,0,0,0.0,0,0.0,0,0.0,0,0.0,1,0.066667,5,0.333333,5,0.333333,4,0.266667,4,0.25,1,0.0625,2,0.125,6,0.375
SCC-2021-05,liberal_democrat,14_to_8_days,window,validation,2,0.25,0,0,0,0.0,8,6,2,0.75,3,0,0.0,0,0.0,0,0,0,,2,1.0,0,0,0,0.0,0,0.0,0,0.0,0,0.0,0,0.0,1,0.125,4,0.5,3,0.375,1,0.125,2,0.25,1,0.125,2,0.25
SCC-2021-05,liberal_democrat,7_to_4_days,window,validation,1,0.5,0,0,0,0.0,2,2,0,1.0,2,0,0.0,1,0.5,0,0,0,0.0,0,,0,0,0,,0,0.0,0,0.0,0,0.0,0,0.0,0,0.0,1,0.5,1,0.5,0,0.0,0,0.0,0,0.0,2,1.0
SCC-2021-05,liberal_democrat,final_72_hours,window,validation,6,0.75,1,0,-1,-0.166667,8,3,5,0.375,2,1,0.125,3,1.0,1,0,-1,-0.333333,3,0.6,0,0,0,0.0,0,0.0,0,0.0,0,0.0,0,0.0,5,0.625,3,0.375,0,0.0,6,0.75,1,0.125,0,0.0,2,0.25
SCC-2021-05,liberal_democrat,previous_72_hours,snapshot,validation,6,0.75,1,0,-1,-0.166667,8,3,5,0.375,2,1,0.125,3,1.0,1,0,-1,-0.333333,3,0.6,0,0,0,0.0,0,0.0,0,0.0,0,0.0,0,0.0,5,0.625,3,0.375,0,0.0,6,0.75,1,0.125,0,0.0,2,0.25
SCC-2021-05,liberal_democrat,previous_7_days,snapshot,validation,7,0.7,1,0,-1,-0.142857,10,5,5,0.5,3,1,0.1,4,0.8,1,0,-1,-0.25,3,0.6,0,0,0,0.0,0,0.0,0,0.0,0,0.0,0,0.0,5,0.5,4,0.4,1,0.1,6,0.6,1,0.1,0,0.0,4,0.4
SCC-2021-05,liberal_democrat,previous_14_days,snapshot,validation,9,0.5,1,0,-1,-0.111111,18,11,7,0.611111,3,1,0.055556,4,0.363636,1,0,-1,-0.25,5,0.714286,0,0,0,0.0,0,0.0,0,0.0,0,0.0,0,0.0,6,0.333333,8,0.444444,4,0.222222,7,0.388889,3,0.166667,1,0.055556,6,0.333333
SCC-2021-05,liberal_democrat,previous_30_days,snapshot,validation,12,0.352941,1,0,-1,-0.083333,34,19,15,0.558824,4,3,0.088235,5,0.263158,1,0,-1,-0.2,7,0.466667,0,0,0,0.0,0,0.0,0,0.0,0,0.0,1,0.030303,11,0.333333,13,0.393939,8,0.242424,11,0.323529,4,0.117647,3,0.088235,12,0.352941
SCC-2021-05,liberal_democrat,previous_90_days,snapshot,validation,30,0.245902,4,1,-3,-0.1,122,35,87,0.286885,4,8,0.065574,10,0.285714,2,0,-2,-0.2,20,0.229885,2,1,-1,-0.05,2,0.016807,0,0.0,0,0.0,3,0.02521,52,0.436975,45,0.378151,17,0.142857,68,0.557377,9,0.07377,19,0.155738,38,0.311475
SCC-2021-05,liberal_democrat,previous_180_days,snapshot,validation,48,0.144144,7,2,-5,-0.104167,333,54,279,0.162162,4,13,0.039039,13,0.240741,3,0,-3,-0.230769,35,0.125448,4,2,-2,-0.057143,6,0.018349,0,0.0,0,0.0,16,0.04893,152,0.464832,120,0.366972,33,0.100917,224,0.672673,14,0.042042,46,0.138138,101,0.303303
SCC-2021-05,reform_uk,180_to_91_days,window,validation,6,0.028436,3,0,-3,-0.5,211,19,192,0.090047,3,5,0.023697,0,0.0,0,0,0,,6,0.03125,3,0,-3,-0.5,4,0.019231,0,0.0,0,0.0,13,0.0625,100,0.480769,75,0.360577,16,0.076923,156,0.739336,5,0.023697,27,0.127962,63,0.298578
SCC-2021-05,reform_uk,90_to_31_days,window,validation,5,0.056818,3,0,-3,-0.6,88,16,72,0.181818,3,5,0.056818,0,0.0,0,0,0,,5,0.069444,3,0,-3,-0.6,2,0.023256,0,0.0,0,0.0,2,0.023256,41,0.476744,32,0.372093,9,0.104651,57,0.647727,5,0.056818,16,0.181818,26,0.295455
SCC-2021-05,reform_uk,30_to_15_days,window,validation,2,0.125,1,0,-1,-0.5,16,8,8,0.5,4,2,0.125,0,0.0,0,0,0,,2,0.25,1,0,-1,-0.5,0,0.0,0,0.0,0,0.0,1,0.066667,5,0.333333,5,0.333333,4,0.266667,4,0.25,1,0.0625,2,0.125,6,0.375
SCC-2021-05,reform_uk,14_to_8_days,window,validation,0,0.0,0,0,0,,8,6,2,0.75,3,0,0.0,0,0.0,0,0,0,,0,0.0,0,0,0,,0,0.0,0,0.0,0,0.0,0,0.0,1,0.125,4,0.5,3,0.375,1,0.125,2,0.25,1,0.125,2,0.25
SCC-2021-05,reform_uk,7_to_4_days,window,validation,0,0.0,0,0,0,,2,2,0,1.0,2,0,0.0,0,0.0,0,0,0,,0,,0,0,0,,0,0.0,0,0.0,0,0.0,0,0.0,0,0.0,1,0.5,1,0.5,0,0.0,0,0.0,0,0.0,2,1.0
SCC-2021-05,reform_uk,final_72_hours,window,validation,2,0.25,2,0,-2,-1.0,8,3,5,0.375,2,1,0.125,0,0.0,0,0,0,,2,0.4,2,0,-2,-1.0,0,0.0,0,0.0,0,0.0,0,0.0,5,0.625,3,0.375,0,0.0,6,0.75,1,0.125,0,0.0,2,0.25
SCC-2021-05,reform_uk,previous_72_hours,snapshot,validation,2,0.25,2,0,-2,-1.0,8,3,5,0.375,2,1,0.125,0,0.0,0,0,0,,2,0.4,2,0,-2,-1.0,0,0.0,0,0.0,0,0.0,0,0.0,5,0.625,3,0.375,0,0.0,6,0.75,1,0.125,0,0.0,2,0.25
SCC-2021-05,reform_uk,previous_7_days,snapshot,validation,2,0.2,2,0,-2,-1.0,10,5,5,0.5,3,1,0.1,0,0.0,0,0,0,,2,0.4,2,0,-2,-1.0,0,0.0,0,0.0,0,0.0,0,0.0,5,0.5,4,0.4,1,0.1,6,0.6,1,0.1,0,0.0,4,0.4
SCC-2021-05,reform_uk,previous_14_days,snapshot,validation,2,0.111111,2,0,-2,-1.0,18,11,7,0.611111,3,1,0.055556,0,0.0,0,0,0,,2,0.285714,2,0,-2,-1.0,0,0.0,0,0.0,0,0.0,0,0.0,6,0.333333,8,0.444444,4,0.222222,7,0.388889,3,0.166667,1,0.055556,6,0.333333
SCC-2021-05,reform_uk,previous_30_days,snapshot,validation,4,0.117647,3,0,-3,-0.75,34,19,15,0.558824,4,3,0.088235,0,0.0,0,0,0,,4,0.266667,3,0,-3,-0.75,0,0.0,0,0.0,0,0.0,1,0.030303,11,0.333333,13,0.393939,8,0.242424,11,0.323529,4,0.117647,3,0.088235,12,0.352941
SCC-2021-05,reform_uk,previous_90_days,snapshot,validation,9,0.07377,6,0,-6,-0.666667,122,35,87,0.286885,4,8,0.065574,0,0.0,0,0,0,,9,0.103448,6,0,-6,-0.666667,2,0.016807,0,0.0,0,0.0,3,0.02521,52,0.436975,45,0.378151,17,0.142857,68,0.557377,9,0.07377,19,0.155738,38,0.311475
SCC-2021-05,reform_uk,previous_180_days,snapshot,validation,15,0.045045,9,0,-9,-0.6,333,54,279,0.162162,4,13,0.039039,0,0.0,0,0,0,,15,0.053763,9,0,-9,-0.6,6,0.018349,0,0.0,0,0.0,16,0.04893,152,0.464832,120,0.366972,33,0.100917,224,0.672673,14,0.042042,46,0.138138,101,0.303303
SCC-2021-05,ukip,180_to_91_days,window,validation,19,0.090047,11,2,-9,-0.473684,211,19,192,0.090047,3,5,0.023697,0,0.0,0,0,0,,19,0.098958,11,2,-9,-0.473684,4,0.019231,0,0.0,0,0.0,13,0.0625,100,0.480769,75,0.360577,16,0.076923,156,0.739336,5,0.023697,27,0.127962,63,0.298578
SCC-2021-05,ukip,90_to_31_days,window,validation,12,0.136364,8,0,-8,-0.666667,88,16,72,0.181818,3,5,0.056818,0,0.0,0,0,0,,12,0.166667,8,0,-8,-0.666667,2,0.023256,0,0.0,0,0.0,2,0.023256,41,0.476744,32,0.372093,9,0.104651,57,0.647727,5,0.056818,16,0.181818,26,0.295455
SCC-2021-05,ukip,30_to_15_days,window,validation,3,0.1875,2,0,-2,-0.666667,16,8,8,0.5,4,2,0.125,0,0.0,0,0,0,,3,0.375,2,0,-2,-0.666667,0,0.0,0,0.0,0,0.0,1,0.066667,5,0.333333,5,0.333333,4,0.266667,4,0.25,1,0.0625,2,0.125,6,0.375
SCC-2021-05,ukip,14_to_8_days,window,validation,2,0.25,1,0,-1,-0.5,8,6,2,0.75,3,0,0.0,0,0.0,0,0,0,,2,1.0,1,0,-1,-0.5,0,0.0,0,0.0,0,0.0,0,0.0,1,0.125,4,0.5,3,0.375,1,0.125,2,0.25,1,0.125,2,0.25
SCC-2021-05,ukip,7_to_4_days,window,validation,0,0.0,0,0,0,,2,2,0,1.0,2,0,0.0,0,0.0,0,0,0,,0,,0,0,0,,0,0.0,0,0.0,0,0.0,0,0.0,0,0.0,1,0.5,1,0.5,0,0.0,0,0.0,0,0.0,2,1.0
SCC-2021-05,ukip,final_72_hours,window,validation,5,0.625,2,0,-2,-0.4,8,3,5,0.375,2,1,0.125,2,0.666667,1,0,-1,-0.5,3,0.6,1,0,-1,-0.333333,0,0.0,0,0.0,0,0.0,0,0.0,5,0.625,3,0.375,0,0.0,6,0.75,1,0.125,0,0.0,2,0.25
SCC-2021-05,ukip,previous_72_hours,snapshot,validation,5,0.625,2,0,-2,-0.4,8,3,5,0.375,2,1,0.125,2,0.666667,1,0,-1,-0.5,3,0.6,1,0,-1,-0.333333,0,0.0,0,0.0,0,0.0,0,0.0,5,0.625,3,0.375,0,0.0,6,0.75,1,0.125,0,0.0,2,0.25
SCC-2021-05,ukip,previous_7_days,snapshot,validation,5,0.5,2,0,-2,-0.4,10,5,5,0.5,3,1,0.1,2,0.4,1,0,-1,-0.5,3,0.6,1,0,-1,-0.333333,0,0.0,0,0.0,0,0.0,0,0.0,5,0.5,4,0.4,1,0.1,6,0.6,1,0.1,0,0.0,4,0.4
SCC-2021-05,ukip,previous_14_days,snapshot,validation,7,0.388889,3,0,-3,-0.428571,18,11,7,0.611111,3,1,0.055556,2,0.181818,1,0,-1,-0.5,5,0.714286,2,0,-2,-0.4,0,0.0,0,0.0,0,0.0,0,0.0,6,0.333333,8,0.444444,4,0.222222,7,0.388889,3,0.166667,1,0.055556,6,0.333333
SCC-2021-05,ukip,previous_30_days,snapshot,validation,10,0.294118,5,0,-5,-0.5,34,19,15,0.558824,4,3,0.088235,2,0.105263,1,0,-1,-0.5,8,0.533333,4,0,-4,-0.5,0,0.0,0,0.0,0,0.0,1,0.030303,11,0.333333,13,0.393939,8,0.242424,11,0.323529,4,0.117647,3,0.088235,12,0.352941
SCC-2021-05,ukip,previous_90_days,snapshot,validation,22,0.180328,13,0,-13,-0.590909,122,35,87,0.286885,4,8,0.065574,2,0.057143,1,0,-1,-0.5,20,0.229885,12,0,-12,-0.6,2,0.016807,0,0.0,0,0.0,3,0.02521,52,0.436975,45,0.378151,17,0.142857,68,0.557377,9,0.07377,19,0.155738,38,0.311475
SCC-2021-05,ukip,previous_180_days,snapshot,validation,41,0.123123,24,2,-22,-0.536585,333,54,279,0.162162,4,13,0.039039,2,0.037037,1,0,-1,-0.5,39,0.139785,23,2,-21,-0.538462,6,0.018349,0,0.0,0,0.0,16,0.04893,152,0.464832,120,0.366972,33,0.100917,224,0.672673,14,0.042042,46,0.138138,101,0.303303
