party,candidates,baseline_mae
Reform UK,162,3.23
Liberal Democrats,161,7.54
Conservative,158,4.74
The Green Party,146,2.55
Labour,113,3.64
Independent,31,4.56
Labour and Co-operative,13,5.62
Residents Associations of Epsom and Ewell,10,5.54
Farnham Residents,6,3.89
Local Conservatives,4,8.99
Heritage Party,4,7.76
Trade Unionist and Socialist Coalition,3,5.15
"Ashtead Independent, working with Ashtead Residents",2,6.61
Social Democratic Party,2,8.48
"Hinchley Wood Residents - Weston, Long Ditton",2,2.33
Nork and Tattenhams Residents' Associations,2,10.64
The Molesey Residents Association,2,1.98
The Walton Society,2,8.98
Runnymede Independent Residents' Group,2,1.0
Residents for Guildford and Villages,2,2.27
Independent Network,1,2.49
Thames Ditton Residents' Association,1,2.33
Weybridge Independents,1,6.49
"The Peace Party - Non-violence, Justice, Environment",1,7.97
Official Monster Raving Loony Party,1,4.95
