party,predicted_seats,actual_seats
Liberal Democrats,6,96
Conservative,118,30
Reform UK,0,14
The Green Party,0,8
Independent,0,3
"Ashtead Independent, working with Ashtead Residents",2,2
Farnham Residents,6,2
Nork and Tattenhams Residents' Associations,2,2
Residents Associations of Epsom and Ewell,10,2
Residents for Guildford and Villages,2,1
Runnymede Independent Residents' Group,2,1
The Molesey Residents Association,2,1
"Hinchley Wood Residents - Weston, Long Ditton",2,0
Labour,2,0
Local Conservatives,4,0
Thames Ditton Residents' Association,1,0
The Walton Society,2,0
Weybridge Independents,1,0
