article_id,election_id,source_id,origin,split
NEWS-bbc_surrey-11115058393e,SCC-2021-05,bbc_surrey,corpus_manual,test
NEWS-bbc_surrey-2bc45058b1df,SCC-2013-05,bbc_surrey,corpus_manual,test
NEWS-bbc_surrey-37e92d1768ea,SCC-2017-05,bbc_surrey,corpus_manual,dev
NEWS-bbc_surrey-43a7dda47522,SCC-2021-05,bbc_surrey,corpus_manual,test
NEWS-bbc_surrey-4739f8ec453a,SCC-2013-05,bbc_surrey,corpus_manual,test
NEWS-bbc_surrey-6ed4c884196b,SCC-2021-05,bbc_surrey,corpus_manual,test
NEWS-bbc_surrey-79d8baad386b,SCC-2021-05,bbc_surrey,corpus_manual,dev
NEWS-bbc_surrey-7cfe84512895,SCC-2017-05,bbc_surrey,corpus_manual,dev
NEWS-bbc_surrey-862693728212,SCC-2017-05,bbc_surrey,corpus_manual,test
NEWS-bbc_surrey-8cf8f699dc50,SCC-2021-05,bbc_surrey,corpus_manual,dev
NEWS-bbc_surrey-9322d4431ec0,SCC-2013-05,bbc_surrey,corpus_manual,dev
NEWS-bbc_surrey-956003a841b5,SCC-2013-05,bbc_surrey,corpus_manual,dev
NEWS-bbc_surrey-977a0d0a4f74,SCC-2017-05,bbc_surrey,corpus_manual,dev
NEWS-bbc_surrey-ad7f097196c7,SCC-2017-05,bbc_surrey,corpus_manual,test
NEWS-bbc_surrey-b017a311220a,SCC-2021-05,bbc_surrey,corpus_manual,test
NEWS-bbc_surrey-bcf1ada35f12,SCC-2017-05,bbc_surrey,corpus_manual,dev
NEWS-bbc_surrey-e9f2afef0dfe,SCC-2017-05,bbc_surrey,corpus_manual,test
NEWS-bbc_surrey-ec4c7ab2a6e9,SCC-2013-05,bbc_surrey,corpus_manual,test
NEWS-bbc_surrey-efe6c71df344,SCC-2021-05,bbc_surrey,corpus_manual,dev
NEWS-guardian_api-0026e84b76a5,SCC-2013-05,guardian_api,corpus_manual,test
NEWS-guardian_api-002bebf977ee,SCC-2017-05,guardian_api,corpus_manual,test
NEWS-guardian_api-00f5f3c5db27,SCC-2013-05,guardian_api,corpus_manual,test
NEWS-guardian_api-01f35e34bc36,SCC-2013-05,guardian_api,corpus_manual,dev
NEWS-guardian_api-029d5b08f16b,SCC-2021-05,guardian_api,corpus_manual,test
NEWS-guardian_api-03131e428917,SCC-2017-05,guardian_api,corpus_manual,test
NEWS-guardian_api-03540c49fe31,ESWS-2026-05,guardian_api,corpus_manual,test
NEWS-guardian_api-03cb6c3f4cc2,SCC-2021-05,guardian_api,corpus_manual,dev
NEWS-guardian_api-04f74a9866fe,ESWS-2026-05,guardian_api,corpus_manual,test
NEWS-guardian_api-058a2672a201,ESWS-2026-05,guardian_api,corpus_manual,test
NEWS-guardian_api-05b0e5f6422a,ESWS-2026-05,guardian_api,v1_validation_seen,dev
NEWS-guardian_api-05b1fc05b856,ESWS-2026-05,guardian_api,corpus_manual,test
NEWS-guardian_api-05c7ca7f9277,SCC-2021-05,guardian_api,corpus_manual,dev
NEWS-guardian_api-06d30e04e088,SCC-2013-05,guardian_api,corpus_manual,test
NEWS-guardian_api-070bd823500e,SCC-2013-05,guardian_api,corpus_manual,test
NEWS-guardian_api-073a3fb9fba9,SCC-2017-05,guardian_api,corpus_manual,test
NEWS-guardian_api-07833eff3d7f,SCC-2013-05,guardian_api,corpus_manual,test
NEWS-guardian_api-0829eec7a370,SCC-2017-05,guardian_api,corpus_manual,dev
NEWS-guardian_api-0a9223f9ae87,SCC-2021-05,guardian_api,v1_validation_seen,dev
NEWS-guardian_api-0d6bd617b2e6,SCC-2017-05,guardian_api,corpus_manual,test
NEWS-guardian_api-0d8deb2ce9f7,SCC-2013-05,guardian_api,corpus_manual,dev
NEWS-guardian_api-0dce06d64f6d,SCC-2013-05,guardian_api,corpus_manual,test
NEWS-guardian_api-0ef81f34140b,SCC-2013-05,guardian_api,corpus_manual,test
NEWS-guardian_api-0f113534b576,ESWS-2026-05,guardian_api,corpus_manual,dev
NEWS-guardian_api-0f6427c7971c,SCC-2021-05,guardian_api,v1_validation_seen,dev
NEWS-guardian_api-11c9f9d9e2b4,SCC-2017-05,guardian_api,corpus_manual,test
NEWS-guardian_api-12992199ee9a,ESWS-2026-05,guardian_api,corpus_manual,dev
NEWS-guardian_api-146eae8c4edf,SCC-2013-05,guardian_api,corpus_manual,test
NEWS-guardian_api-152fdafd6934,SCC-2013-05,guardian_api,v1_validation_seen,dev
NEWS-guardian_api-15c78ab8a5e5,SCC-2017-05,guardian_api,corpus_manual,dev
NEWS-guardian_api-16e3173fb560,SCC-2013-05,guardian_api,corpus_manual,dev
NEWS-guardian_api-16fe545e3a06,SCC-2013-05,guardian_api,corpus_manual,test
NEWS-guardian_api-1849b9426e37,SCC-2021-05,guardian_api,v1_validation_seen,dev
NEWS-guardian_api-199a9d619129,ESWS-2026-05,guardian_api,corpus_manual,dev
NEWS-guardian_api-1a1672f06a40,SCC-2021-05,guardian_api,corpus_manual,test
NEWS-guardian_api-1a92fcb94927,SCC-2013-05,guardian_api,corpus_manual,dev
NEWS-guardian_api-1b5f7401e29e,SCC-2017-05,guardian_api,corpus_manual,test
NEWS-guardian_api-1cd27613c8fe,SCC-2021-05,guardian_api,corpus_manual,dev
NEWS-guardian_api-1efd0842f3d0,ESWS-2026-05,guardian_api,corpus_manual,test
NEWS-guardian_api-1f4219c18123,SCC-2013-05,guardian_api,corpus_manual,test
NEWS-guardian_api-20ea5ef7a322,SCC-2021-05,guardian_api,corpus_manual,test
NEWS-guardian_api-213dc650baaa,SCC-2021-05,guardian_api,corpus_manual,test
NEWS-guardian_api-2273c756b650,ESWS-2026-05,guardian_api,corpus_manual,test
NEWS-guardian_api-228e6e8d4468,SCC-2021-05,guardian_api,corpus_manual,dev
NEWS-guardian_api-22e1a728067e,SCC-2013-05,guardian_api,corpus_manual,test
NEWS-guardian_api-2375274daaa3,SCC-2017-05,guardian_api,corpus_manual,test
NEWS-guardian_api-240e8e6e9a68,ESWS-2026-05,guardian_api,v1_validation_seen,dev
NEWS-guardian_api-255b02734334,SCC-2013-05,guardian_api,corpus_manual,dev
NEWS-guardian_api-25864e9a39f5,SCC-2013-05,guardian_api,corpus_manual,test
NEWS-guardian_api-2593450f0ca2,SCC-2017-05,guardian_api,corpus_manual,dev
NEWS-guardian_api-289840d7ed9f,SCC-2017-05,guardian_api,corpus_manual,test
NEWS-guardian_api-29fbd39d50de,SCC-2021-05,guardian_api,corpus_manual,test
NEWS-guardian_api-2a0f8bb8e199,ESWS-2026-05,guardian_api,v1_validation_seen,dev
NEWS-guardian_api-2b1ac80ac395,SCC-2017-05,guardian_api,corpus_manual,test
NEWS-guardian_api-2bd2e57f9a97,SCC-2013-05,guardian_api,corpus_manual,test
NEWS-guardian_api-2cbef3c6175a,SCC-2017-05,guardian_api,corpus_manual,test
NEWS-guardian_api-2f24c2a607b9,SCC-2021-05,guardian_api,corpus_manual,dev
NEWS-guardian_api-303cee965627,SCC-2013-05,guardian_api,corpus_manual,test
NEWS-guardian_api-3083d95dff38,SCC-2013-05,guardian_api,corpus_manual,test
NEWS-guardian_api-30cf0354b071,SCC-2021-05,guardian_api,corpus_manual,test
NEWS-guardian_api-33e10724d24d,SCC-2013-05,guardian_api,corpus_manual,dev
NEWS-guardian_api-345b71b5679d,SCC-2021-05,guardian_api,corpus_manual,test
NEWS-guardian_api-351db380e072,SCC-2021-05,guardian_api,corpus_manual,test
NEWS-guardian_api-37237dcccca5,SCC-2021-05,guardian_api,corpus_manual,test
NEWS-guardian_api-376e171f69c2,SCC-2017-05,guardian_api,corpus_manual,test
NEWS-guardian_api-38160189b0e5,SCC-2021-05,guardian_api,corpus_manual,test
NEWS-guardian_api-3867309607e1,SCC-2013-05,guardian_api,corpus_manual,dev
NEWS-guardian_api-38e04d2f2eb4,SCC-2017-05,guardian_api,v1_validation_seen,dev
NEWS-guardian_api-3910b27118cd,SCC-2017-05,guardian_api,corpus_manual,dev
NEWS-guardian_api-392f67d39637,SCC-2017-05,guardian_api,corpus_manual,dev
NEWS-guardian_api-39c354791292,SCC-2021-05,guardian_api,corpus_manual,test
NEWS-guardian_api-3a940a5c546b,SCC-2017-05,guardian_api,corpus_manual,dev
NEWS-guardian_api-3b17f72731a1,SCC-2017-05,guardian_api,corpus_manual,test
NEWS-guardian_api-3be6f1acc272,SCC-2013-05,guardian_api,corpus_manual,dev
NEWS-guardian_api-3bfa02cc6d95,SCC-2017-05,guardian_api,corpus_manual,dev
NEWS-guardian_api-3e7ea638b7a0,ESWS-2026-05,guardian_api,corpus_manual,test
NEWS-guardian_api-3ec03bc6d466,SCC-2013-05,guardian_api,v1_validation_seen,dev
NEWS-guardian_api-3fd7ab71449d,SCC-2013-05,guardian_api,corpus_manual,test
NEWS-guardian_api-410602cd8141,SCC-2017-05,guardian_api,corpus_manual,dev
NEWS-guardian_api-4182115e5459,SCC-2017-05,guardian_api,v1_validation_seen,dev
NEWS-guardian_api-418f9d9f64cf,SCC-2013-05,guardian_api,corpus_manual,test
NEWS-guardian_api-422b97e026f3,SCC-2013-05,guardian_api,corpus_manual,dev
NEWS-guardian_api-43011b430449,SCC-2017-05,guardian_api,corpus_manual,test
NEWS-guardian_api-442b87b8b9dd,SCC-2013-05,guardian_api,corpus_manual,dev
NEWS-guardian_api-4494203acb80,SCC-2021-05,guardian_api,corpus_manual,dev
NEWS-guardian_api-466ec0700a1f,SCC-2013-05,guardian_api,corpus_manual,dev
NEWS-guardian_api-47e875309c89,ESWS-2026-05,guardian_api,v1_validation_seen,dev
NEWS-guardian_api-47f5407b147e,SCC-2017-05,guardian_api,corpus_manual,dev
NEWS-guardian_api-4a0adc0f7d8f,SCC-2017-05,guardian_api,corpus_manual,dev
NEWS-guardian_api-4a105b6b87cc,SCC-2021-05,guardian_api,v1_validation_seen,dev
NEWS-guardian_api-4ac52ebd679c,SCC-2017-05,guardian_api,corpus_manual,test
NEWS-guardian_api-4ae1d825f248,SCC-2021-05,guardian_api,corpus_manual,dev
NEWS-guardian_api-4cd260ca8ab2,ESWS-2026-05,guardian_api,corpus_manual,test
NEWS-guardian_api-4fdc0a27389e,SCC-2017-05,guardian_api,v1_validation_seen,dev
NEWS-guardian_api-52018eb10ed8,SCC-2013-05,guardian_api,corpus_manual,dev
NEWS-guardian_api-527f865ed20f,SCC-2017-05,guardian_api,v1_validation_seen,dev
NEWS-guardian_api-53ffffce9e7f,SCC-2013-05,guardian_api,corpus_manual,dev
NEWS-guardian_api-547c38869b97,ESWS-2026-05,guardian_api,v1_validation_seen,dev
NEWS-guardian_api-553b239b472b,SCC-2017-05,guardian_api,corpus_manual,test
NEWS-guardian_api-55976f638ace,SCC-2017-05,guardian_api,corpus_manual,test
NEWS-guardian_api-5604ec4e56a2,SCC-2017-05,guardian_api,corpus_manual,dev
NEWS-guardian_api-56b3fcbf3153,SCC-2021-05,guardian_api,v1_validation_seen,dev
NEWS-guardian_api-56d9355dc6c5,SCC-2021-05,guardian_api,corpus_manual,dev
NEWS-guardian_api-57381db936ad,ESWS-2026-05,guardian_api,corpus_manual,dev
NEWS-guardian_api-57d02659c658,SCC-2017-05,guardian_api,v1_validation_seen,dev
NEWS-guardian_api-57eea65ccf8b,SCC-2013-05,guardian_api,corpus_manual,dev
NEWS-guardian_api-585c14c5da72,SCC-2013-05,guardian_api,corpus_manual,dev
NEWS-guardian_api-59d68bc1c15c,SCC-2021-05,guardian_api,v1_validation_seen,dev
NEWS-guardian_api-5c40692b65b2,SCC-2013-05,guardian_api,corpus_manual,test
NEWS-guardian_api-5ce140b45966,SCC-2013-05,guardian_api,corpus_manual,test
NEWS-guardian_api-5e5505ff2f69,ESWS-2026-05,guardian_api,corpus_manual,test
NEWS-guardian_api-5eddbec9a772,SCC-2021-05,guardian_api,corpus_manual,test
NEWS-guardian_api-5f9aa472ef61,ESWS-2026-05,guardian_api,v1_validation_seen,dev
NEWS-guardian_api-5fcc44311f2e,ESWS-2026-05,guardian_api,corpus_manual,test
NEWS-guardian_api-5fff03450392,ESWS-2026-05,guardian_api,v1_validation_seen,dev
NEWS-guardian_api-6171e2fbedfb,SCC-2013-05,guardian_api,corpus_manual,test
NEWS-guardian_api-62ea2c177377,SCC-2013-05,guardian_api,v1_validation_seen,dev
NEWS-guardian_api-65320f2bfbba,SCC-2013-05,guardian_api,corpus_manual,dev
NEWS-guardian_api-657b62b56e0d,SCC-2021-05,guardian_api,corpus_manual,dev
NEWS-guardian_api-65dea37a563d,SCC-2021-05,guardian_api,corpus_manual,test
NEWS-guardian_api-67d590309542,SCC-2013-05,guardian_api,corpus_manual,test
NEWS-guardian_api-680fa2b39d34,SCC-2021-05,guardian_api,corpus_manual,test
NEWS-guardian_api-682cb2619895,SCC-2013-05,guardian_api,corpus_manual,dev
NEWS-guardian_api-6968eee4537b,SCC-2021-05,guardian_api,corpus_manual,dev
NEWS-guardian_api-6995fa5d72b9,SCC-2021-05,guardian_api,corpus_manual,dev
NEWS-guardian_api-6a16448d0961,ESWS-2026-05,guardian_api,corpus_manual,dev
NEWS-guardian_api-6b9095098f8f,SCC-2021-05,guardian_api,corpus_manual,dev
NEWS-guardian_api-6c7fd5e0c899,SCC-2013-05,guardian_api,corpus_manual,test
NEWS-guardian_api-6cd725ad9c59,SCC-2017-05,guardian_api,corpus_manual,dev
NEWS-guardian_api-6e35b709d853,ESWS-2026-05,guardian_api,corpus_manual,test
NEWS-guardian_api-6f7dc9b27427,SCC-2021-05,guardian_api,corpus_manual,test
NEWS-guardian_api-710cf40911df,SCC-2017-05,guardian_api,corpus_manual,test
NEWS-guardian_api-713f1a1cafb9,SCC-2021-05,guardian_api,corpus_manual,test
NEWS-guardian_api-71f75170b45d,SCC-2017-05,guardian_api,corpus_manual,test
NEWS-guardian_api-7254d73d8514,SCC-2017-05,guardian_api,corpus_manual,dev
NEWS-guardian_api-729ca587fa50,SCC-2013-05,guardian_api,v1_validation_seen,dev
NEWS-guardian_api-731f6c6c0596,SCC-2017-05,guardian_api,corpus_manual,dev
NEWS-guardian_api-740732233d98,ESWS-2026-05,guardian_api,corpus_manual,dev
NEWS-guardian_api-762b5440d114,SCC-2013-05,guardian_api,corpus_manual,dev
NEWS-guardian_api-78faf7875920,SCC-2017-05,guardian_api,corpus_manual,test
NEWS-guardian_api-79f488a3e888,SCC-2021-05,guardian_api,corpus_manual,dev
NEWS-guardian_api-7c550d976e27,SCC-2021-05,guardian_api,corpus_manual,test
NEWS-guardian_api-7c5e56c8c762,ESWS-2026-05,guardian_api,corpus_manual,test
NEWS-guardian_api-7cba96b62b25,ESWS-2026-05,guardian_api,corpus_manual,test
NEWS-guardian_api-7f680997cc49,SCC-2013-05,guardian_api,corpus_manual,dev
NEWS-guardian_api-80d5450b1426,SCC-2017-05,guardian_api,corpus_manual,dev
NEWS-guardian_api-80f4d08f259e,SCC-2013-05,guardian_api,v1_validation_seen,dev
NEWS-guardian_api-8169e4624da5,SCC-2021-05,guardian_api,corpus_manual,dev
NEWS-guardian_api-81ec4f63466d,SCC-2017-05,guardian_api,corpus_manual,test
NEWS-guardian_api-825d02c7b058,ESWS-2026-05,guardian_api,corpus_manual,test
NEWS-guardian_api-832d1a6f0762,SCC-2017-05,guardian_api,corpus_manual,test
NEWS-guardian_api-85aa2166b08c,ESWS-2026-05,guardian_api,corpus_manual,test
NEWS-guardian_api-863a566ab822,ESWS-2026-05,guardian_api,corpus_manual,dev
NEWS-guardian_api-869aa24c5488,SCC-2021-05,guardian_api,v1_validation_seen,dev
NEWS-guardian_api-8754fdf181a5,SCC-2021-05,guardian_api,corpus_manual,dev
NEWS-guardian_api-877591fb3dae,SCC-2017-05,guardian_api,corpus_manual,dev
NEWS-guardian_api-87bc81105af9,SCC-2021-05,guardian_api,corpus_manual,dev
NEWS-guardian_api-8bfc275e686c,SCC-2017-05,guardian_api,corpus_manual,test
NEWS-guardian_api-8c97c6f9a7af,ESWS-2026-05,guardian_api,corpus_manual,test
NEWS-guardian_api-8db50a066dea,SCC-2017-05,guardian_api,v1_validation_seen,dev
NEWS-guardian_api-8e6ffc19551a,SCC-2013-05,guardian_api,v1_validation_seen,dev
NEWS-guardian_api-8eea309d69f1,SCC-2017-05,guardian_api,corpus_manual,test
NEWS-guardian_api-9070f7eb485e,SCC-2021-05,guardian_api,corpus_manual,dev
NEWS-guardian_api-90ecff29fdfc,SCC-2017-05,guardian_api,corpus_manual,dev
NEWS-guardian_api-91431c6c7940,SCC-2021-05,guardian_api,corpus_manual,test
NEWS-guardian_api-938d89e5d5df,SCC-2021-05,guardian_api,corpus_manual,dev
NEWS-guardian_api-93c1208e519c,ESWS-2026-05,guardian_api,corpus_manual,dev
NEWS-guardian_api-9550f5ef05f0,SCC-2013-05,guardian_api,corpus_manual,dev
NEWS-guardian_api-96276f14a93f,SCC-2017-05,guardian_api,corpus_manual,dev
NEWS-guardian_api-963c32c09d7d,ESWS-2026-05,guardian_api,corpus_manual,dev
NEWS-guardian_api-96ae8ea70912,ESWS-2026-05,guardian_api,corpus_manual,dev
NEWS-guardian_api-9756ce018c0b,SCC-2013-05,guardian_api,corpus_manual,dev
NEWS-guardian_api-9867668264c8,SCC-2013-05,guardian_api,corpus_manual,dev
NEWS-guardian_api-99abd7c6f036,SCC-2013-05,guardian_api,corpus_manual,test
NEWS-guardian_api-99f14c3535fe,SCC-2021-05,guardian_api,corpus_manual,test
NEWS-guardian_api-9a8986403520,SCC-2021-05,guardian_api,corpus_manual,dev
NEWS-guardian_api-9b1817415db3,SCC-2017-05,guardian_api,corpus_manual,test
NEWS-guardian_api-9c670e73f214,SCC-2017-05,guardian_api,corpus_manual,test
NEWS-guardian_api-9c92803e17ea,SCC-2013-05,guardian_api,corpus_manual,test
NEWS-guardian_api-9d9eba84cdd9,ESWS-2026-05,guardian_api,corpus_manual,test
NEWS-guardian_api-9f5d941bc5b2,SCC-2017-05,guardian_api,corpus_manual,dev
NEWS-guardian_api-9fd91a3be385,SCC-2017-05,guardian_api,corpus_manual,test
NEWS-guardian_api-9fe217b7d4be,SCC-2017-05,guardian_api,corpus_manual,dev
NEWS-guardian_api-a060bf1330d2,SCC-2021-05,guardian_api,corpus_manual,dev
NEWS-guardian_api-a0b15565c849,SCC-2021-05,guardian_api,corpus_manual,test
NEWS-guardian_api-a19d4b445c48,SCC-2013-05,guardian_api,corpus_manual,dev
NEWS-guardian_api-a20ccef5e977,ESWS-2026-05,guardian_api,corpus_manual,test
NEWS-guardian_api-a216666b4c91,SCC-2021-05,guardian_api,corpus_manual,test
NEWS-guardian_api-a3b188b452cb,SCC-2017-05,guardian_api,corpus_manual,dev
NEWS-guardian_api-a542b1a8ef79,SCC-2017-05,guardian_api,corpus_manual,dev
NEWS-guardian_api-a7a4251ecb2b,SCC-2021-05,guardian_api,corpus_manual,dev
NEWS-guardian_api-a876f0e9998e,SCC-2021-05,guardian_api,corpus_manual,dev
NEWS-guardian_api-aa3d323f987d,ESWS-2026-05,guardian_api,corpus_manual,dev
NEWS-guardian_api-aa5d1ac3b3b5,ESWS-2026-05,guardian_api,corpus_manual,test
NEWS-guardian_api-abb2097edd47,SCC-2017-05,guardian_api,v1_validation_seen,dev
NEWS-guardian_api-abc8a9ec0107,SCC-2021-05,guardian_api,corpus_manual,dev
NEWS-guardian_api-acff02ec2584,SCC-2013-05,guardian_api,corpus_manual,test
NEWS-guardian_api-b1aaa8c855fe,SCC-2021-05,guardian_api,v1_validation_seen,dev
NEWS-guardian_api-b2376efa7057,SCC-2013-05,guardian_api,corpus_manual,dev
NEWS-guardian_api-b2f332a12327,SCC-2013-05,guardian_api,corpus_manual,dev
NEWS-guardian_api-b315a253a18c,SCC-2017-05,guardian_api,corpus_manual,dev
NEWS-guardian_api-b4214c9c9abf,ESWS-2026-05,guardian_api,corpus_manual,dev
NEWS-guardian_api-b690eeb6557c,SCC-2013-05,guardian_api,corpus_manual,test
NEWS-guardian_api-b81a696032bc,SCC-2013-05,guardian_api,v1_validation_seen,dev
NEWS-guardian_api-b8d0e3d8c505,ESWS-2026-05,guardian_api,corpus_manual,dev
NEWS-guardian_api-bb95e839ab74,SCC-2021-05,guardian_api,corpus_manual,dev
NEWS-guardian_api-bbbb401ce3ee,SCC-2017-05,guardian_api,corpus_manual,dev
NEWS-guardian_api-bbcc13755f57,ESWS-2026-05,guardian_api,corpus_manual,dev
NEWS-guardian_api-bcd2665ba961,SCC-2021-05,guardian_api,corpus_manual,test
NEWS-guardian_api-bce64ef7b669,SCC-2021-05,guardian_api,corpus_manual,test
NEWS-guardian_api-bdb7815f48f7,SCC-2017-05,guardian_api,corpus_manual,dev
NEWS-guardian_api-bdeb49468b86,ESWS-2026-05,guardian_api,v1_validation_seen,dev
NEWS-guardian_api-be0a15d68349,SCC-2021-05,guardian_api,corpus_manual,test
NEWS-guardian_api-bee74be02594,SCC-2021-05,guardian_api,corpus_manual,dev
NEWS-guardian_api-bee780289b00,SCC-2017-05,guardian_api,v1_validation_seen,dev
NEWS-guardian_api-bfb9a6fc1ec9,SCC-2017-05,guardian_api,corpus_manual,test
NEWS-guardian_api-c00ba4d1855d,SCC-2017-05,guardian_api,corpus_manual,test
NEWS-guardian_api-c07f5f32a33a,SCC-2013-05,guardian_api,corpus_manual,test
NEWS-guardian_api-c16871df2a75,ESWS-2026-05,guardian_api,corpus_manual,dev
NEWS-guardian_api-c1a8cd0f8ccc,SCC-2017-05,guardian_api,corpus_manual,test
NEWS-guardian_api-c4dcbaa0515e,SCC-2021-05,guardian_api,corpus_manual,dev
NEWS-guardian_api-c527e4dfb9e0,SCC-2013-05,guardian_api,corpus_manual,test
NEWS-guardian_api-c5c4ee28dede,SCC-2013-05,guardian_api,corpus_manual,dev
NEWS-guardian_api-c8927ce213d9,SCC-2017-05,guardian_api,corpus_manual,dev
NEWS-guardian_api-cae122053dfc,SCC-2017-05,guardian_api,corpus_manual,test
NEWS-guardian_api-cb07df4f74ca,SCC-2021-05,guardian_api,corpus_manual,dev
NEWS-guardian_api-cb562159d487,SCC-2017-05,guardian_api,corpus_manual,dev
NEWS-guardian_api-cd6ec2a877bc,SCC-2013-05,guardian_api,v1_validation_seen,dev
NEWS-guardian_api-cf142eed0094,SCC-2017-05,guardian_api,corpus_manual,dev
NEWS-guardian_api-d05a1f5b94af,SCC-2021-05,guardian_api,corpus_manual,test
NEWS-guardian_api-d07d5ad5e437,SCC-2021-05,guardian_api,corpus_manual,test
NEWS-guardian_api-d2d40ae7f44e,ESWS-2026-05,guardian_api,corpus_manual,test
NEWS-guardian_api-d364204d783f,SCC-2013-05,guardian_api,v1_validation_seen,dev
NEWS-guardian_api-d3b4ce9a0f6b,SCC-2021-05,guardian_api,v1_validation_seen,dev
NEWS-guardian_api-d40650a64efe,SCC-2013-05,guardian_api,corpus_manual,test
NEWS-guardian_api-d47443f90681,SCC-2013-05,guardian_api,corpus_manual,test
NEWS-guardian_api-d4bb1692d6fa,SCC-2021-05,guardian_api,corpus_manual,dev
NEWS-guardian_api-d4fb90b281c5,SCC-2013-05,guardian_api,v1_validation_seen,dev
NEWS-guardian_api-d68b69c55d4e,SCC-2013-05,guardian_api,v1_validation_seen,dev
NEWS-guardian_api-d7bae4d9d4c9,SCC-2013-05,guardian_api,corpus_manual,dev
NEWS-guardian_api-d86ad940a100,SCC-2021-05,guardian_api,corpus_manual,test
NEWS-guardian_api-d91fe24e5333,SCC-2017-05,guardian_api,corpus_manual,dev
NEWS-guardian_api-d9c6ab393c49,SCC-2021-05,guardian_api,corpus_manual,dev
NEWS-guardian_api-d9e532a4b1b1,SCC-2017-05,guardian_api,corpus_manual,test
NEWS-guardian_api-dbbfa2ad0414,SCC-2017-05,guardian_api,corpus_manual,dev
NEWS-guardian_api-dc71bdab3c98,SCC-2021-05,guardian_api,corpus_manual,dev
NEWS-guardian_api-dd57a913177f,SCC-2013-05,guardian_api,corpus_manual,dev
NEWS-guardian_api-dd9872040368,ESWS-2026-05,guardian_api,corpus_manual,dev
NEWS-guardian_api-de35fe4ba424,SCC-2017-05,guardian_api,v1_validation_seen,dev
NEWS-guardian_api-df138d23a847,SCC-2021-05,guardian_api,v1_validation_seen,dev
NEWS-guardian_api-dfb5b3e5e4a2,SCC-2013-05,guardian_api,corpus_manual,dev
NEWS-guardian_api-e0f9a226e395,SCC-2017-05,guardian_api,corpus_manual,test
NEWS-guardian_api-e1d6a2710948,SCC-2017-05,guardian_api,corpus_manual,dev
NEWS-guardian_api-e302687bcb81,SCC-2013-05,guardian_api,corpus_manual,test
NEWS-guardian_api-e3345cbb7d79,SCC-2021-05,guardian_api,corpus_manual,test
NEWS-guardian_api-e369580ddf57,ESWS-2026-05,guardian_api,corpus_manual,dev
NEWS-guardian_api-e76f9df2c5bb,SCC-2017-05,guardian_api,v1_validation_seen,dev
NEWS-guardian_api-e9f2be5fa012,ESWS-2026-05,guardian_api,corpus_manual,test
NEWS-guardian_api-ea32482298e3,SCC-2017-05,guardian_api,corpus_manual,dev
NEWS-guardian_api-ea7dd4642df3,SCC-2013-05,guardian_api,corpus_manual,dev
NEWS-guardian_api-eb6f7ee02d0d,SCC-2017-05,guardian_api,corpus_manual,test
NEWS-guardian_api-eb8f975fe876,SCC-2017-05,guardian_api,corpus_manual,dev
NEWS-guardian_api-ebf77d538269,SCC-2017-05,guardian_api,corpus_manual,test
NEWS-guardian_api-ec93ea513ad1,SCC-2017-05,guardian_api,corpus_manual,dev
NEWS-guardian_api-ef54a3460de9,SCC-2017-05,guardian_api,corpus_manual,dev
NEWS-guardian_api-ef699b5bea74,ESWS-2026-05,guardian_api,corpus_manual,test
NEWS-guardian_api-f0bf3f647f76,SCC-2021-05,guardian_api,v1_validation_seen,dev
NEWS-guardian_api-f0c1473b0350,SCC-2013-05,guardian_api,corpus_manual,test
NEWS-guardian_api-f10328c44a0b,ESWS-2026-05,guardian_api,corpus_manual,dev
NEWS-guardian_api-f1688bbd7636,SCC-2017-05,guardian_api,corpus_manual,test
NEWS-guardian_api-f1bc598ef192,SCC-2017-05,guardian_api,corpus_manual,dev
NEWS-guardian_api-f1c197b93232,SCC-2017-05,guardian_api,corpus_manual,dev
NEWS-guardian_api-f20ac0731482,SCC-2021-05,guardian_api,corpus_manual,dev
NEWS-guardian_api-f21b4ced1e96,SCC-2021-05,guardian_api,corpus_manual,test
NEWS-guardian_api-f289e98b63be,SCC-2013-05,guardian_api,corpus_manual,dev
NEWS-guardian_api-f33d83bd65be,SCC-2017-05,guardian_api,corpus_manual,test
NEWS-guardian_api-f385f4030786,SCC-2017-05,guardian_api,corpus_manual,dev
NEWS-guardian_api-f3ca2f44d97d,ESWS-2026-05,guardian_api,corpus_manual,dev
NEWS-guardian_api-f40f8ac69d96,SCC-2021-05,guardian_api,corpus_manual,dev
NEWS-guardian_api-f531cc965523,SCC-2017-05,guardian_api,corpus_manual,test
NEWS-guardian_api-f7874abe6a0f,SCC-2013-05,guardian_api,corpus_manual,dev
NEWS-guardian_api-f7a7a3a15568,ESWS-2026-05,guardian_api,corpus_manual,dev
NEWS-guardian_api-f7f67efe332c,ESWS-2026-05,guardian_api,v1_validation_seen,dev
NEWS-guardian_api-fa6c05bda604,SCC-2021-05,guardian_api,corpus_manual,dev
NEWS-guardian_api-fcfb81b2dc09,SCC-2013-05,guardian_api,corpus_manual,test
NEWS-guardian_api-fd3374072e1e,ESWS-2026-05,guardian_api,v1_validation_seen,dev
NEWS-guardian_api-fd3b03065648,SCC-2013-05,guardian_api,corpus_manual,test
NEWS-guardian_api-fe27887bc256,SCC-2017-05,guardian_api,corpus_manual,test
NEWS-guardian_api-fe329a10135c,SCC-2017-05,guardian_api,corpus_manual,dev
NEWS-guildford_dragon-1c38b966faf4,SCC-2017-05,guildford_dragon,corpus_manual,dev
NEWS-guildford_dragon-343b8ded2e2a,SCC-2017-05,guildford_dragon,corpus_manual,test
NEWS-guildford_dragon-4c0a30842861,SCC-2017-05,guildford_dragon,corpus_manual,test
NEWS-guildford_dragon-66c8415ee5a7,SCC-2017-05,guildford_dragon,corpus_manual,test
NEWS-guildford_dragon-8131c9199780,SCC-2021-05,guildford_dragon,corpus_manual,dev
NEWS-guildford_dragon-8f5b302d0bbf,SCC-2017-05,guildford_dragon,corpus_manual,dev
NEWS-guildford_dragon-b5de1719712d,SCC-2021-05,guildford_dragon,corpus_manual,test
NEWS-guildford_dragon-bd8991767823,SCC-2017-05,guildford_dragon,corpus_manual,dev
NEWS-guildford_dragon-c4c267f5f96d,SCC-2021-05,guildford_dragon,corpus_manual,dev
NEWS-guildford_dragon-d8c0187430a0,SCC-2017-05,guildford_dragon,corpus_manual,test
NEWS-surrey_comet-22039535fc5f,SCC-2021-05,surrey_comet,corpus_manual,test
NEWS-surrey_comet-7aaf93361a3a,SCC-2021-05,surrey_comet,corpus_manual,test
NEWS-surreylive-0a0e8c2a1016,SCC-2017-05,surreylive,corpus_manual,dev
NEWS-surreylive-0e36e5a49dfd,SCC-2017-05,surreylive,corpus_manual,test
NEWS-surreylive-0facb544d283,SCC-2021-05,surreylive,corpus_manual,test
NEWS-surreylive-1351f85c19fc,SCC-2017-05,surreylive,corpus_manual,dev
NEWS-surreylive-15853fa74661,ESWS-2026-05,surreylive,corpus_manual,dev
NEWS-surreylive-1751a8550ef0,SCC-2017-05,surreylive,corpus_manual,test
NEWS-surreylive-19952195c4f1,SCC-2021-05,surreylive,corpus_manual,test
NEWS-surreylive-1d71be81f2ae,SCC-2021-05,surreylive,corpus_manual,dev
NEWS-surreylive-204c06f9d303,SCC-2021-05,surreylive,corpus_manual,dev
NEWS-surreylive-2360b288b189,SCC-2017-05,surreylive,corpus_manual,test
NEWS-surreylive-238bb5a742d3,SCC-2017-05,surreylive,corpus_manual,test
NEWS-surreylive-28c2619c9143,SCC-2021-05,surreylive,corpus_manual,dev
NEWS-surreylive-2a7a9746000c,SCC-2017-05,surreylive,corpus_manual,dev
NEWS-surreylive-324ea61b57c1,ESWS-2026-05,surreylive,v1_validation_seen,dev
NEWS-surreylive-363897b95052,SCC-2021-05,surreylive,corpus_manual,test
NEWS-surreylive-366677542ae9,SCC-2021-05,surreylive,corpus_manual,dev
NEWS-surreylive-39affecd8be2,ESWS-2026-05,surreylive,corpus_manual,dev
NEWS-surreylive-3ba3c873216d,SCC-2017-05,surreylive,corpus_manual,dev
NEWS-surreylive-40aed1a13f2f,SCC-2021-05,surreylive,corpus_manual,dev
NEWS-surreylive-4dd8ff0e6f7a,SCC-2021-05,surreylive,corpus_manual,dev
NEWS-surreylive-5377e37e19b3,SCC-2017-05,surreylive,corpus_manual,test
NEWS-surreylive-65935ea5be4c,ESWS-2026-05,surreylive,corpus_manual,test
NEWS-surreylive-6eff5123960f,SCC-2017-05,surreylive,corpus_manual,dev
NEWS-surreylive-70e1f2a713d6,SCC-2021-05,surreylive,corpus_manual,test
NEWS-surreylive-73f3e60cb4f6,SCC-2017-05,surreylive,corpus_manual,test
NEWS-surreylive-740cdbc61d50,SCC-2017-05,surreylive,corpus_manual,test
NEWS-surreylive-79ca9b8d86d9,ESWS-2026-05,surreylive,v1_validation_seen,dev
NEWS-surreylive-7a29d15d8401,ESWS-2026-05,surreylive,corpus_manual,dev
NEWS-surreylive-7a5d9378d086,SCC-2021-05,surreylive,corpus_manual,test
NEWS-surreylive-80c40c269d60,SCC-2021-05,surreylive,corpus_manual,dev
NEWS-surreylive-85e12fb87aef,ESWS-2026-05,surreylive,corpus_manual,dev
NEWS-surreylive-881fffe231de,SCC-2017-05,surreylive,corpus_manual,test
NEWS-surreylive-8992d7a6d812,SCC-2021-05,surreylive,corpus_manual,test
NEWS-surreylive-938b4b38443f,ESWS-2026-05,surreylive,corpus_manual,dev
NEWS-surreylive-947b8d167aa2,SCC-2021-05,surreylive,v1_validation_seen,dev
NEWS-surreylive-9acba38b7713,SCC-2017-05,surreylive,v1_validation_seen,dev
NEWS-surreylive-9f80db7dd6d3,ESWS-2026-05,surreylive,corpus_manual,test
NEWS-surreylive-a6406ac817f8,ESWS-2026-05,surreylive,corpus_manual,dev
NEWS-surreylive-a6c6c8234913,SCC-2017-05,surreylive,corpus_manual,dev
NEWS-surreylive-a7508a84b847,SCC-2017-05,surreylive,corpus_manual,test
NEWS-surreylive-b17b25e099ea,SCC-2017-05,surreylive,corpus_manual,test
NEWS-surreylive-b1eaf77d795f,SCC-2017-05,surreylive,corpus_manual,test
NEWS-surreylive-b1f737e52256,SCC-2017-05,surreylive,corpus_manual,test
NEWS-surreylive-b6967f5376d3,SCC-2017-05,surreylive,corpus_manual,dev
NEWS-surreylive-b75c6e16094e,SCC-2021-05,surreylive,corpus_manual,dev
NEWS-surreylive-bac443acaaa5,SCC-2017-05,surreylive,corpus_manual,dev
NEWS-surreylive-c2e8248a07db,SCC-2017-05,surreylive,corpus_manual,dev
NEWS-surreylive-c4476dce66c0,SCC-2021-05,surreylive,corpus_manual,test
NEWS-surreylive-c6f1f0b45805,SCC-2017-05,surreylive,corpus_manual,dev
NEWS-surreylive-ca033efc5b75,ESWS-2026-05,surreylive,corpus_manual,dev
NEWS-surreylive-d05e30e901e5,SCC-2017-05,surreylive,corpus_manual,test
NEWS-surreylive-d11dfe8a4c58,SCC-2017-05,surreylive,v1_validation_seen,dev
NEWS-surreylive-d6b4d5893f96,SCC-2017-05,surreylive,corpus_manual,dev
NEWS-surreylive-e724583d3c91,SCC-2017-05,surreylive,corpus_manual,dev
NEWS-surreylive-e919bc460171,SCC-2021-05,surreylive,corpus_manual,test
NEWS-surreylive-e94d8358f003,SCC-2017-05,surreylive,corpus_manual,test
NEWS-surreylive-eeea7bca3fc7,ESWS-2026-05,surreylive,corpus_manual,dev
NEWS-surreylive-f97da7ded240,SCC-2017-05,surreylive,corpus_manual,test
NEWS-surreylive-fb11d4a7d847,SCC-2017-05,surreylive,corpus_manual,dev
NEWS-surreylive-fd4a7b389d0c,ESWS-2026-05,surreylive,corpus_manual,test
