article_id,election_id,arm,primary_issue,frame_category,stance_conservative,stance_labour,stance_liberal_democrat,stance_green,stance_reform_uk,stance_ukip,attribution_type,attribution_target_name,attribution_target_type,consequence_direction,impact_horizon,notes
NEWS-bbc_surrey-4739f8ec453a,SCC-2013-05,local,crime_policing,none,not_mentioned,not_mentioned,not_mentioned,not_mentioned,not_mentioned,not_mentioned,none,,,none,uncertain,
NEWS-bbc_surrey-8cf8f699dc50,SCC-2021-05,local,crime_policing,local_community_impact,not_mentioned,not_mentioned,not_mentioned,not_mentioned,not_mentioned,not_mentioned,none,,,none,short_term,
NEWS-bbc_surrey-9322d4431ec0,SCC-2013-05,local,local_business,financial_pressure,not_mentioned,not_mentioned,not_mentioned,not_mentioned,not_mentioned,not_mentioned,blame,Wet summer and cold spring,other,none,medium_term,
NEWS-bbc_surrey-956003a841b5,SCC-2013-05,local,crime_policing,none,not_mentioned,not_mentioned,not_mentioned,not_mentioned,not_mentioned,not_mentioned,none,,,none,short_term,
NEWS-bbc_surrey-977a0d0a4f74,SCC-2017-05,local,crime_policing,accountability,not_mentioned,not_mentioned,not_mentioned,not_mentioned,not_mentioned,not_mentioned,blame,"Aaron Bishop, Martin Beard and Mark Richards",other,none,long_term,
NEWS-bbc_surrey-efe6c71df344,SCC-2021-05,local,crime_policing,local_community_impact,not_mentioned,not_mentioned,not_mentioned,not_mentioned,not_mentioned,not_mentioned,unclear,24-year-old suspect,other,none,short_term,
NEWS-guardian_api-0240a09cb3df,SCC-2021-05,national,national_politics,leadership,not_mentioned,neutral,not_mentioned,not_mentioned,not_mentioned,not_mentioned,none,,,none,medium_term,
NEWS-guardian_api-0542986e54ba,SCC-2017-05,national,national_politics,governance_failure,negative,negative,not_mentioned,not_mentioned,not_mentioned,negative,blame,Conservative leadership and Theresa May,party,potential_damage,long_term,
NEWS-guardian_api-097b30b5bdb0,SCC-2013-05,national,voter_switching,electoral_competition,negative,positive,negative,not_mentioned,not_mentioned,positive,credit,Labour Party,party,mixed_impact,short_term,
NEWS-guardian_api-0b11943945c9,SCC-2013-05,national,investment_funding,accountability,mixed,neutral,neutral,not_mentioned,not_mentioned,not_mentioned,blame,Andrew Mitchell,politician,none,medium_term,
NEWS-guardian_api-13c48e6a3545,ESWS-2026-05,national,candidate_party_conduct,integrity,negative,neutral,neutral,neutral,negative,not_mentioned,blame,"Kemi Badenoch, Nick Timothy and Nigel Farage",politician,potential_damage,short_term,
NEWS-guardian_api-1a41f71c116d,ESWS-2026-05,national,scandal,integrity,not_mentioned,not_mentioned,not_mentioned,not_mentioned,negative,not_mentioned,blame,Nigel Farage,politician,none,long_term,
NEWS-guardian_api-2037e4eda9eb,SCC-2021-05,national,national_politics,governance_failure,negative,not_mentioned,not_mentioned,not_mentioned,not_mentioned,not_mentioned,blame,UK state and government,government,none,long_term,
NEWS-guardian_api-2273c756b650,ESWS-2026-05,local,council_finance,financial_pressure,neutral,not_mentioned,not_mentioned,not_mentioned,neutral,not_mentioned,blame,UK government,government,none,long_term,
NEWS-guardian_api-24f48a444223,SCC-2021-05,national,national_economy,financial_pressure,mixed,neutral,not_mentioned,not_mentioned,not_mentioned,not_mentioned,mixed,UK government,government,mixed_impact,medium_term,
NEWS-guardian_api-2fcab156b766,SCC-2013-05,national,national_politics,policy_conflict,neutral,neutral,not_mentioned,not_mentioned,not_mentioned,not_mentioned,none,,,none,long_term,
NEWS-guardian_api-32652e99bc22,ESWS-2026-05,national,investment_funding,policy_conflict,not_mentioned,mixed,not_mentioned,not_mentioned,not_mentioned,not_mentioned,blame,Keir Starmer and the UK government,government,potential_damage,long_term,
NEWS-guardian_api-33fde8b6d2bc,SCC-2017-05,national,voter_switching,electoral_competition,positive,negative,positive,not_mentioned,not_mentioned,negative,blame,Labour Party,party,potential_damage,short_term,
NEWS-guardian_api-34881ec267e4,SCC-2021-05,national,healthcare,policy_conflict,mixed,neutral,not_mentioned,not_mentioned,not_mentioned,not_mentioned,unclear,UK government,government,unclear,short_term,
NEWS-guardian_api-351db380e072,SCC-2021-05,local,other,none,not_mentioned,not_mentioned,not_mentioned,not_mentioned,not_mentioned,not_mentioned,none,,,none,long_term,
NEWS-guardian_api-383fdf4ab4cd,ESWS-2026-05,national,immigration,integrity,negative,negative,not_mentioned,not_mentioned,negative,not_mentioned,blame,Shabana Mahmood,politician,unclear,long_term,
NEWS-guardian_api-3867309607e1,SCC-2013-05,local,council_performance,local_community_impact,not_mentioned,not_mentioned,not_mentioned,not_mentioned,not_mentioned,not_mentioned,credit,Paul Deach,politician,none,long_term,
NEWS-guardian_api-3aa227967a6d,ESWS-2026-05,national,healthcare,financial_pressure,not_mentioned,not_mentioned,not_mentioned,not_mentioned,not_mentioned,not_mentioned,blame,Employers,organisation,none,long_term,
NEWS-guardian_api-3dd2ab7556e7,ESWS-2026-05,national,national_economy,financial_pressure,not_mentioned,not_mentioned,not_mentioned,not_mentioned,not_mentioned,not_mentioned,blame,UK government and Chancellor Rachel Reeves,government,none,medium_term,
NEWS-guardian_api-44cbb952c1d6,SCC-2013-05,national,national_politics,electoral_competition,mixed,negative,positive,not_mentioned,not_mentioned,not_mentioned,mixed,Liberal Democrats,party,potential_benefit,medium_term,
NEWS-guardian_api-5ce140b45966,SCC-2013-05,local,social_care,governance_failure,not_mentioned,not_mentioned,not_mentioned,not_mentioned,not_mentioned,not_mentioned,blame,Surrey County Council,council,none,short_term,
NEWS-guardian_api-5e3328cf929c,SCC-2021-05,national,national_economy,financial_pressure,not_mentioned,not_mentioned,not_mentioned,not_mentioned,not_mentioned,not_mentioned,blame,Covid-19 pandemic,other,none,medium_term,
NEWS-guardian_api-64d0584b57fa,SCC-2017-05,national,healthcare,governance_failure,not_mentioned,not_mentioned,not_mentioned,not_mentioned,not_mentioned,not_mentioned,blame,UK government,government,none,long_term,
NEWS-guardian_api-656a147b1b36,ESWS-2026-05,national,local_business,local_community_impact,not_mentioned,negative,not_mentioned,not_mentioned,neutral,not_mentioned,mixed,"Consumers, councils and landlords",other,potential_damage,long_term,
NEWS-guardian_api-7500f66e845f,SCC-2013-05,national,healthcare,public_service_quality,not_mentioned,not_mentioned,not_mentioned,not_mentioned,not_mentioned,not_mentioned,credit,Department of Health,government,none,long_term,
NEWS-guardian_api-84a775d4ad10,ESWS-2026-05,national,council_tax,accountability,not_mentioned,not_mentioned,neutral,neutral,negative,not_mentioned,blame,Reform UK,party,potential_damage,medium_term,
NEWS-guardian_api-85aa2166b08c,ESWS-2026-05,local,scandal,accountability,negative,not_mentioned,not_mentioned,not_mentioned,not_mentioned,not_mentioned,blame,Crispin Blunt,politician,none,medium_term,
NEWS-guardian_api-896faad4b594,ESWS-2026-05,national,national_politics,electoral_competition,negative,mixed,not_mentioned,not_mentioned,negative,not_mentioned,blame,Labour Party,party,mixed_impact,long_term,
NEWS-guardian_api-8a783705f74e,SCC-2013-05,national,healthcare,governance_failure,not_mentioned,not_mentioned,not_mentioned,not_mentioned,not_mentioned,not_mentioned,blame,Banks including UBS and Barclays,organisation,none,long_term,
NEWS-guardian_api-8ae0aa97db90,ESWS-2026-05,national,scandal,accountability,neutral,negative,not_mentioned,not_mentioned,negative,negative,blame,Lord Dannatt and Lord Evans,politician,none,long_term,
NEWS-guardian_api-a44a37b3b283,SCC-2017-05,national,immigration,governance_failure,not_mentioned,not_mentioned,not_mentioned,not_mentioned,not_mentioned,not_mentioned,blame,Home Office,government,none,medium_term,
NEWS-guardian_api-a876f0e9998e,SCC-2021-05,local,healthcare,local_community_impact,not_mentioned,not_mentioned,not_mentioned,not_mentioned,not_mentioned,not_mentioned,none,,,none,short_term,
NEWS-guardian_api-ae8d528a0868,SCC-2017-05,national,service_closure,financial_pressure,not_mentioned,negative,not_mentioned,not_mentioned,not_mentioned,not_mentioned,blame,Sunderland City Council,council,none,long_term,
NEWS-guardian_api-bb20adee0f3a,SCC-2017-05,national,healthcare,accountability,negative,neutral,not_mentioned,not_mentioned,not_mentioned,not_mentioned,blame,UK government,government,none,medium_term,
NEWS-guardian_api-c4dcbaa0515e,SCC-2021-05,local,planning_housing,policy_conflict,negative,not_mentioned,not_mentioned,not_mentioned,not_mentioned,not_mentioned,blame,UK government and MHCLG,government,unclear,long_term,
NEWS-guardian_api-d74f5e4509df,SCC-2021-05,national,environment_flooding,leadership,negative,positive,not_mentioned,not_mentioned,not_mentioned,not_mentioned,blame,UK government,government,none,long_term,
NEWS-guardian_api-ea7dd4642df3,SCC-2013-05,local,healthcare,government_performance,not_mentioned,not_mentioned,not_mentioned,not_mentioned,not_mentioned,not_mentioned,credit,Esydoc East Surrey CCG,organisation,none,long_term,
NEWS-guardian_api-ed80536b929e,ESWS-2026-05,national,resignation_defection,leadership,neutral,negative,neutral,positive,negative,not_mentioned,blame,Keir Starmer,politician,potential_damage,short_term,
NEWS-guardian_api-f179eb8f1ab9,ESWS-2026-05,national,scandal,accountability,mixed,neutral,neutral,neutral,negative,not_mentioned,blame,Robbie Gibb,other,none,medium_term,
NEWS-guardian_api-f7a7a3a15568,ESWS-2026-05,local,social_care,governance_failure,negative,not_mentioned,not_mentioned,not_mentioned,not_mentioned,not_mentioned,blame,Surrey County Council and partner agencies,council,none,long_term,
NEWS-guardian_api-f9c82f1235c8,SCC-2021-05,national,national_economy,policy_conflict,not_mentioned,not_mentioned,not_mentioned,not_mentioned,not_mentioned,not_mentioned,blame,Central banks and finance ministries,organisation,none,long_term,
NEWS-guardian_api-fc42fa870ddc,ESWS-2026-05,national,schools_send,challenger_emergence,negative,negative,not_mentioned,positive,negative,not_mentioned,blame,Labour and previous Conservative governments,government,mixed_impact,medium_term,
NEWS-guardian_api-fcfb81b2dc09,SCC-2013-05,local,crime_policing,public_service_quality,not_mentioned,not_mentioned,not_mentioned,not_mentioned,not_mentioned,not_mentioned,unclear,Restorative justice agencies,organisation,none,long_term,
NEWS-guildford_dragon-c4c267f5f96d,SCC-2021-05,local,planning_housing,integrity,negative,not_mentioned,not_mentioned,not_mentioned,not_mentioned,not_mentioned,blame,Conservative Party and government,party,potential_damage,immediate,
NEWS-guildford_dragon-d8c0187430a0,SCC-2017-05,local,national_politics,electoral_competition,mixed,mixed,mixed,not_mentioned,not_mentioned,mixed,blame,Conservative government,party,mixed_impact,immediate,
NEWS-surreylive-1d71be81f2ae,SCC-2021-05,local,crime_policing,none,not_mentioned,not_mentioned,not_mentioned,not_mentioned,not_mentioned,not_mentioned,none,,,none,short_term,
NEWS-surreylive-2360b288b189,SCC-2017-05,local,crime_policing,accountability,not_mentioned,not_mentioned,not_mentioned,not_mentioned,not_mentioned,not_mentioned,blame,Janet Chalcraft,other,none,short_term,
NEWS-surreylive-39affecd8be2,ESWS-2026-05,local,crime_policing,public_service_quality,not_mentioned,not_mentioned,not_mentioned,not_mentioned,not_mentioned,not_mentioned,blame,Harvey Constable-Eliba and Louis Cummings,other,none,medium_term,
NEWS-surreylive-7a29d15d8401,ESWS-2026-05,local,election_administration,electoral_competition,neutral,neutral,neutral,neutral,neutral,not_mentioned,none,,,none,immediate,
NEWS-surreylive-938b4b38443f,ESWS-2026-05,local,crime_policing,none,not_mentioned,not_mentioned,not_mentioned,not_mentioned,not_mentioned,not_mentioned,unclear,Man in his 20s arrested on suspicion,other,none,short_term,
NEWS-surreylive-9f80db7dd6d3,ESWS-2026-05,local,election_administration,none,not_mentioned,not_mentioned,not_mentioned,not_mentioned,not_mentioned,not_mentioned,none,,,none,immediate,
NEWS-surreylive-b1eaf77d795f,SCC-2017-05,local,national_politics,electoral_competition,positive,negative,neutral,neutral,not_mentioned,neutral,credit,Jeremy Hunt,candidate,potential_benefit,immediate,
NEWS-surreylive-b1f737e52256,SCC-2017-05,local,roads_transport,local_community_impact,not_mentioned,not_mentioned,not_mentioned,not_mentioned,not_mentioned,not_mentioned,blame,Children and other unsafe crossing users,other,none,long_term,
NEWS-surreylive-b6967f5376d3,SCC-2017-05,local,roads_transport,none,not_mentioned,not_mentioned,not_mentioned,not_mentioned,not_mentioned,not_mentioned,unclear,Driver,other,none,immediate,
NEWS-surreylive-d05e30e901e5,SCC-2017-05,local,roads_transport,local_community_impact,not_mentioned,not_mentioned,not_mentioned,not_mentioned,not_mentioned,not_mentioned,none,,,none,immediate,
