article_id,election_id,ru_applicable,ru_growth_suggested,ru_credible_challenger,ru_established_support_affected,ru_switching_directions,ru_signal_nature,notes
NEWS-bbc_surrey-977a0d0a4f74,SCC-2017-05,no,,,,,,
NEWS-guardian_api-3aa227967a6d,ESWS-2026-05,no,,,,,,
NEWS-guardian_api-0b11943945c9,SCC-2013-05,no,,,,,,
NEWS-guardian_api-a44a37b3b283,SCC-2017-05,no,,,,,,
NEWS-guardian_api-7500f66e845f,SCC-2013-05,no,,,,,,
NEWS-guardian_api-44cbb952c1d6,SCC-2013-05,no,,,,,,
NEWS-guardian_api-8a783705f74e,SCC-2013-05,no,,,,,,
NEWS-guardian_api-2fcab156b766,SCC-2013-05,no,,,,,,
NEWS-guardian_api-2273c756b650,ESWS-2026-05,no,,,,,,
NEWS-guardian_api-656a147b1b36,ESWS-2026-05,no,,,,,,
NEWS-guardian_api-896faad4b594,ESWS-2026-05,no,,,,,,
NEWS-guardian_api-fc42fa870ddc,ESWS-2026-05,yes,yes,yes,labour,none,national_momentum,
NEWS-guardian_api-34881ec267e4,SCC-2021-05,no,,,,,,
NEWS-guardian_api-ed80536b929e,ESWS-2026-05,yes,no,no,none,none,none,
NEWS-guardian_api-383fdf4ab4cd,ESWS-2026-05,no,,,,,,
NEWS-guardian_api-13c48e6a3545,ESWS-2026-05,yes,yes,yes,conservative,none,"national_momentum, protest_voting, anti_incumbent_sentiment",
NEWS-guardian_api-84a775d4ad10,ESWS-2026-05,yes,yes,no,none,none,local_campaign_strength,
NEWS-guardian_api-1a41f71c116d,ESWS-2026-05,yes,no,no,none,none,none,
NEWS-guardian_api-f179eb8f1ab9,ESWS-2026-05,no,,,,,,
NEWS-guardian_api-8ae0aa97db90,ESWS-2026-05,no,,,,,,
NEWS-surreylive-9f80db7dd6d3,ESWS-2026-05,no,,,,,,
NEWS-surreylive-7a29d15d8401,ESWS-2026-05,no,,,,,,
