article_id,original_status,defect_type,corroborating_evidence,recommendation
NEWS-bbc_surrey-365babfc180f,needs_human_review,,text_near_headline=3 May 2013,Additional evidence found - present to the human reviewer alongside the original conflict. Does NOT auto-resolve a boundary-relevant conflict on its own.
NEWS-epsom_ewell_times-af1614b7037a,needs_human_review,genuine_gap_no_further_evidence,,"No further date evidence recoverable from stored content. Needs a human to check the live/archived page directly, or remains excluded."
NEWS-google_dated_search-00ccd80da8ba,unresolvable_missing_evidence,genuine_gap_no_further_evidence,,"No further date evidence recoverable from stored content. Needs a human to check the live/archived page directly, or remains excluded."
NEWS-google_dated_search-024dcdfb67d4,unresolvable_missing_evidence,genuine_gap_no_further_evidence,,"No further date evidence recoverable from stored content. Needs a human to check the live/archived page directly, or remains excluded."
NEWS-google_dated_search-04a8c7a65b28,unresolvable_missing_evidence,stored_content_is_pdf_not_html,,"Re-extract with a PDF text extractor (PyMuPDF, matching the project's PDF-handling convention elsewhere) instead of the HTML parser - this is a retrieval/parsing defect, not evidence the article lacks a date."
NEWS-google_dated_search-086527d45f1b,unresolvable_missing_evidence,genuine_gap_no_further_evidence,,"No further date evidence recoverable from stored content. Needs a human to check the live/archived page directly, or remains excluded."
NEWS-google_dated_search-08df95b1bd77,unresolvable_missing_evidence,stored_content_is_pdf_not_html,,"Re-extract with a PDF text extractor (PyMuPDF, matching the project's PDF-handling convention elsewhere) instead of the HTML parser - this is a retrieval/parsing defect, not evidence the article lacks a date."
NEWS-google_dated_search-08e1db29ffed,unresolvable_missing_evidence,genuine_gap_no_further_evidence,,"No further date evidence recoverable from stored content. Needs a human to check the live/archived page directly, or remains excluded."
NEWS-google_dated_search-09a9459bb04e,unresolvable_missing_evidence,genuine_gap_no_further_evidence,,"No further date evidence recoverable from stored content. Needs a human to check the live/archived page directly, or remains excluded."
NEWS-google_dated_search-09acfa895c8a,unresolvable_missing_evidence,genuine_gap_no_further_evidence,,"No further date evidence recoverable from stored content. Needs a human to check the live/archived page directly, or remains excluded."
NEWS-google_dated_search-0a8fa6cf2d06,unresolvable_missing_evidence,genuine_gap_no_further_evidence,,"No further date evidence recoverable from stored content. Needs a human to check the live/archived page directly, or remains excluded."
NEWS-google_dated_search-0c2e08723aff,unresolvable_missing_evidence,genuine_gap_no_further_evidence,,"No further date evidence recoverable from stored content. Needs a human to check the live/archived page directly, or remains excluded."
NEWS-google_dated_search-101e71dedad2,unresolvable_missing_evidence,genuine_gap_no_further_evidence,,"No further date evidence recoverable from stored content. Needs a human to check the live/archived page directly, or remains excluded."
NEWS-google_dated_search-10a106cea6ab,unresolvable_missing_evidence,genuine_gap_no_further_evidence,,"No further date evidence recoverable from stored content. Needs a human to check the live/archived page directly, or remains excluded."
NEWS-google_dated_search-110c75b2688c,unresolvable_missing_evidence,genuine_gap_no_further_evidence,,"No further date evidence recoverable from stored content. Needs a human to check the live/archived page directly, or remains excluded."
NEWS-google_dated_search-116866989d9a,unresolvable_missing_evidence,genuine_gap_no_further_evidence,,"No further date evidence recoverable from stored content. Needs a human to check the live/archived page directly, or remains excluded."
NEWS-google_dated_search-116b82aae597,unresolvable_missing_evidence,genuine_gap_no_further_evidence,,"No further date evidence recoverable from stored content. Needs a human to check the live/archived page directly, or remains excluded."
NEWS-google_dated_search-11ba358bd985,unresolvable_missing_evidence,genuine_gap_no_further_evidence,,"No further date evidence recoverable from stored content. Needs a human to check the live/archived page directly, or remains excluded."
NEWS-google_dated_search-11ee8b61c7cf,unresolvable_missing_evidence,genuine_gap_no_further_evidence,,"No further date evidence recoverable from stored content. Needs a human to check the live/archived page directly, or remains excluded."
NEWS-google_dated_search-12f347ae3fae,unresolvable_missing_evidence,genuine_gap_no_further_evidence,,"No further date evidence recoverable from stored content. Needs a human to check the live/archived page directly, or remains excluded."
NEWS-google_dated_search-13190c6d6436,unresolvable_missing_evidence,genuine_gap_no_further_evidence,,"No further date evidence recoverable from stored content. Needs a human to check the live/archived page directly, or remains excluded."
NEWS-google_dated_search-144c139e6613,unresolvable_missing_evidence,genuine_gap_no_further_evidence,,"No further date evidence recoverable from stored content. Needs a human to check the live/archived page directly, or remains excluded."
NEWS-google_dated_search-146689e56282,unresolvable_missing_evidence,genuine_gap_no_further_evidence,,"No further date evidence recoverable from stored content. Needs a human to check the live/archived page directly, or remains excluded."
NEWS-google_dated_search-14956901c599,unresolvable_missing_evidence,genuine_gap_no_further_evidence,,"No further date evidence recoverable from stored content. Needs a human to check the live/archived page directly, or remains excluded."
NEWS-google_dated_search-1549234d7dd8,unresolvable_missing_evidence,genuine_gap_no_further_evidence,,"No further date evidence recoverable from stored content. Needs a human to check the live/archived page directly, or remains excluded."
NEWS-google_dated_search-1655ddd26cfd,unresolvable_missing_evidence,genuine_gap_no_further_evidence,,"No further date evidence recoverable from stored content. Needs a human to check the live/archived page directly, or remains excluded."
NEWS-google_dated_search-16ceffc408de,unresolvable_missing_evidence,genuine_gap_no_further_evidence,,"No further date evidence recoverable from stored content. Needs a human to check the live/archived page directly, or remains excluded."
NEWS-google_dated_search-1764d96469e5,unresolvable_missing_evidence,genuine_gap_no_further_evidence,,"No further date evidence recoverable from stored content. Needs a human to check the live/archived page directly, or remains excluded."
NEWS-google_dated_search-18ea0163bd89,unresolvable_missing_evidence,genuine_gap_no_further_evidence,,"No further date evidence recoverable from stored content. Needs a human to check the live/archived page directly, or remains excluded."
NEWS-google_dated_search-1a90a642db5c,unresolvable_missing_evidence,genuine_gap_no_further_evidence,,"No further date evidence recoverable from stored content. Needs a human to check the live/archived page directly, or remains excluded."
NEWS-google_dated_search-1b440ea64fd1,unresolvable_missing_evidence,,bbc_class_meta=22 August 2025; text_near_headline=22 August 2025,Additional evidence found - present to the human reviewer alongside the original conflict. Does NOT auto-resolve a boundary-relevant conflict on its own.
NEWS-google_dated_search-1ba9651aa865,unresolvable_missing_evidence,genuine_gap_no_further_evidence,,"No further date evidence recoverable from stored content. Needs a human to check the live/archived page directly, or remains excluded."
NEWS-google_dated_search-1c7edb8425bd,unresolvable_missing_evidence,genuine_gap_no_further_evidence,,"No further date evidence recoverable from stored content. Needs a human to check the live/archived page directly, or remains excluded."
NEWS-google_dated_search-1e1a531563ce,unresolvable_missing_evidence,genuine_gap_no_further_evidence,,"No further date evidence recoverable from stored content. Needs a human to check the live/archived page directly, or remains excluded."
NEWS-google_dated_search-1e402b24b502,unresolvable_missing_evidence,genuine_gap_no_further_evidence,,"No further date evidence recoverable from stored content. Needs a human to check the live/archived page directly, or remains excluded."
NEWS-google_dated_search-1e81a303f9fd,unresolvable_missing_evidence,genuine_gap_no_further_evidence,,"No further date evidence recoverable from stored content. Needs a human to check the live/archived page directly, or remains excluded."
NEWS-google_dated_search-1f5a62b8494b,unresolvable_missing_evidence,genuine_gap_no_further_evidence,,"No further date evidence recoverable from stored content. Needs a human to check the live/archived page directly, or remains excluded."
NEWS-google_dated_search-22d506d7bd54,unresolvable_missing_evidence,genuine_gap_no_further_evidence,,"No further date evidence recoverable from stored content. Needs a human to check the live/archived page directly, or remains excluded."
NEWS-google_dated_search-24b147682baa,unresolvable_missing_evidence,genuine_gap_no_further_evidence,,"No further date evidence recoverable from stored content. Needs a human to check the live/archived page directly, or remains excluded."
NEWS-google_dated_search-264f2f8d68e8,unresolvable_missing_evidence,genuine_gap_no_further_evidence,,"No further date evidence recoverable from stored content. Needs a human to check the live/archived page directly, or remains excluded."
NEWS-google_dated_search-272745b8e8f8,unresolvable_missing_evidence,genuine_gap_no_further_evidence,,"No further date evidence recoverable from stored content. Needs a human to check the live/archived page directly, or remains excluded."
NEWS-google_dated_search-27764fbaa18e,unresolvable_missing_evidence,genuine_gap_no_further_evidence,,"No further date evidence recoverable from stored content. Needs a human to check the live/archived page directly, or remains excluded."
NEWS-google_dated_search-294709869c0f,unresolvable_missing_evidence,genuine_gap_no_further_evidence,,"No further date evidence recoverable from stored content. Needs a human to check the live/archived page directly, or remains excluded."
NEWS-google_dated_search-2a2d626406a9,unresolvable_missing_evidence,stored_content_is_pdf_not_html,,"Re-extract with a PDF text extractor (PyMuPDF, matching the project's PDF-handling convention elsewhere) instead of the HTML parser - this is a retrieval/parsing defect, not evidence the article lacks a date."
NEWS-google_dated_search-2e83aa563328,unresolvable_missing_evidence,genuine_gap_no_further_evidence,,"No further date evidence recoverable from stored content. Needs a human to check the live/archived page directly, or remains excluded."
NEWS-google_dated_search-2f0893f24d41,unresolvable_missing_evidence,genuine_gap_no_further_evidence,,"No further date evidence recoverable from stored content. Needs a human to check the live/archived page directly, or remains excluded."
NEWS-google_dated_search-31105870fbac,unresolvable_missing_evidence,genuine_gap_no_further_evidence,,"No further date evidence recoverable from stored content. Needs a human to check the live/archived page directly, or remains excluded."
NEWS-google_dated_search-3193e6204c30,unresolvable_missing_evidence,genuine_gap_no_further_evidence,,"No further date evidence recoverable from stored content. Needs a human to check the live/archived page directly, or remains excluded."
NEWS-google_dated_search-327a2b8234e1,unresolvable_missing_evidence,genuine_gap_no_further_evidence,,"No further date evidence recoverable from stored content. Needs a human to check the live/archived page directly, or remains excluded."
NEWS-google_dated_search-3343bdefab86,unresolvable_missing_evidence,genuine_gap_no_further_evidence,,"No further date evidence recoverable from stored content. Needs a human to check the live/archived page directly, or remains excluded."
NEWS-google_dated_search-34afd4e00e3b,unresolvable_missing_evidence,genuine_gap_no_further_evidence,,"No further date evidence recoverable from stored content. Needs a human to check the live/archived page directly, or remains excluded."
NEWS-google_dated_search-35851e28daab,unresolvable_missing_evidence,genuine_gap_no_further_evidence,,"No further date evidence recoverable from stored content. Needs a human to check the live/archived page directly, or remains excluded."
NEWS-google_dated_search-3639a1218e7c,unresolvable_missing_evidence,genuine_gap_no_further_evidence,,"No further date evidence recoverable from stored content. Needs a human to check the live/archived page directly, or remains excluded."
NEWS-google_dated_search-371ccf184174,unresolvable_missing_evidence,genuine_gap_no_further_evidence,,"No further date evidence recoverable from stored content. Needs a human to check the live/archived page directly, or remains excluded."
NEWS-google_dated_search-38559a7f95d1,unresolvable_missing_evidence,genuine_gap_no_further_evidence,,"No further date evidence recoverable from stored content. Needs a human to check the live/archived page directly, or remains excluded."
NEWS-google_dated_search-3889e5a1cf0b,unresolvable_missing_evidence,genuine_gap_no_further_evidence,,"No further date evidence recoverable from stored content. Needs a human to check the live/archived page directly, or remains excluded."
NEWS-google_dated_search-3906f45929b4,unresolvable_missing_evidence,genuine_gap_no_further_evidence,,"No further date evidence recoverable from stored content. Needs a human to check the live/archived page directly, or remains excluded."
NEWS-google_dated_search-39963448e02a,unresolvable_missing_evidence,genuine_gap_no_further_evidence,,"No further date evidence recoverable from stored content. Needs a human to check the live/archived page directly, or remains excluded."
NEWS-google_dated_search-3ab986f19aaf,unresolvable_missing_evidence,genuine_gap_no_further_evidence,,"No further date evidence recoverable from stored content. Needs a human to check the live/archived page directly, or remains excluded."
NEWS-google_dated_search-3bbd54006f9e,unresolvable_missing_evidence,genuine_gap_no_further_evidence,,"No further date evidence recoverable from stored content. Needs a human to check the live/archived page directly, or remains excluded."
NEWS-google_dated_search-3bd8eaf0d88f,unresolvable_missing_evidence,genuine_gap_no_further_evidence,,"No further date evidence recoverable from stored content. Needs a human to check the live/archived page directly, or remains excluded."
NEWS-google_dated_search-3befee1e1584,unresolvable_missing_evidence,genuine_gap_no_further_evidence,,"No further date evidence recoverable from stored content. Needs a human to check the live/archived page directly, or remains excluded."
NEWS-google_dated_search-3bf905501346,unresolvable_missing_evidence,,bbc_class_meta=17 September 2024; text_near_headline=17 September 2024,Additional evidence found - present to the human reviewer alongside the original conflict. Does NOT auto-resolve a boundary-relevant conflict on its own.
NEWS-google_dated_search-3ecc6abcadb8,unresolvable_missing_evidence,genuine_gap_no_further_evidence,,"No further date evidence recoverable from stored content. Needs a human to check the live/archived page directly, or remains excluded."
NEWS-google_dated_search-3f3dbe1a17a7,unresolvable_missing_evidence,genuine_gap_no_further_evidence,,"No further date evidence recoverable from stored content. Needs a human to check the live/archived page directly, or remains excluded."
NEWS-google_dated_search-40d9adb5f62e,unresolvable_missing_evidence,genuine_gap_no_further_evidence,,"No further date evidence recoverable from stored content. Needs a human to check the live/archived page directly, or remains excluded."
NEWS-google_dated_search-428ddee38cf6,unresolvable_missing_evidence,genuine_gap_no_further_evidence,,"No further date evidence recoverable from stored content. Needs a human to check the live/archived page directly, or remains excluded."
NEWS-google_dated_search-442d80562cfd,unresolvable_missing_evidence,stored_content_is_pdf_not_html,,"Re-extract with a PDF text extractor (PyMuPDF, matching the project's PDF-handling convention elsewhere) instead of the HTML parser - this is a retrieval/parsing defect, not evidence the article lacks a date."
NEWS-google_dated_search-4786059b18f0,unresolvable_missing_evidence,genuine_gap_no_further_evidence,,"No further date evidence recoverable from stored content. Needs a human to check the live/archived page directly, or remains excluded."
NEWS-google_dated_search-48b270c8e600,unresolvable_missing_evidence,genuine_gap_no_further_evidence,,"No further date evidence recoverable from stored content. Needs a human to check the live/archived page directly, or remains excluded."
NEWS-google_dated_search-4ecc3f9baeaa,unresolvable_missing_evidence,genuine_gap_no_further_evidence,,"No further date evidence recoverable from stored content. Needs a human to check the live/archived page directly, or remains excluded."
NEWS-google_dated_search-4ee009114ace,unresolvable_missing_evidence,genuine_gap_no_further_evidence,,"No further date evidence recoverable from stored content. Needs a human to check the live/archived page directly, or remains excluded."
NEWS-google_dated_search-4f811e5f4bb6,unresolvable_missing_evidence,genuine_gap_no_further_evidence,,"No further date evidence recoverable from stored content. Needs a human to check the live/archived page directly, or remains excluded."
NEWS-google_dated_search-4f9e9ff86c2c,unresolvable_missing_evidence,genuine_gap_no_further_evidence,,"No further date evidence recoverable from stored content. Needs a human to check the live/archived page directly, or remains excluded."
NEWS-google_dated_search-5485fcf2e0ca,unresolvable_missing_evidence,genuine_gap_no_further_evidence,,"No further date evidence recoverable from stored content. Needs a human to check the live/archived page directly, or remains excluded."
NEWS-google_dated_search-57b37eacfe82,unresolvable_missing_evidence,genuine_gap_no_further_evidence,,"No further date evidence recoverable from stored content. Needs a human to check the live/archived page directly, or remains excluded."
NEWS-google_dated_search-57cbdb044479,unresolvable_missing_evidence,genuine_gap_no_further_evidence,,"No further date evidence recoverable from stored content. Needs a human to check the live/archived page directly, or remains excluded."
NEWS-google_dated_search-580931674be4,unresolvable_missing_evidence,genuine_gap_no_further_evidence,,"No further date evidence recoverable from stored content. Needs a human to check the live/archived page directly, or remains excluded."
NEWS-google_dated_search-584b44c3eb09,unresolvable_missing_evidence,genuine_gap_no_further_evidence,,"No further date evidence recoverable from stored content. Needs a human to check the live/archived page directly, or remains excluded."
NEWS-google_dated_search-5b32da5cd752,unresolvable_missing_evidence,no_html_stored,,"Check retrieval.adapter in the raw record - API-sourced records (e.g. Guardian) never store HTML by design; their date conflict must be resolved from the API's own date fields, not page text."
NEWS-google_dated_search-5c03ca321afc,unresolvable_missing_evidence,genuine_gap_no_further_evidence,,"No further date evidence recoverable from stored content. Needs a human to check the live/archived page directly, or remains excluded."
NEWS-google_dated_search-5e5c59d8d6b7,unresolvable_missing_evidence,genuine_gap_no_further_evidence,,"No further date evidence recoverable from stored content. Needs a human to check the live/archived page directly, or remains excluded."
NEWS-google_dated_search-5f37425836d7,unresolvable_missing_evidence,stored_content_is_pdf_not_html,,"Re-extract with a PDF text extractor (PyMuPDF, matching the project's PDF-handling convention elsewhere) instead of the HTML parser - this is a retrieval/parsing defect, not evidence the article lacks a date."
NEWS-google_dated_search-5f37e66890a9,unresolvable_missing_evidence,genuine_gap_no_further_evidence,,"No further date evidence recoverable from stored content. Needs a human to check the live/archived page directly, or remains excluded."
NEWS-google_dated_search-5f7a49527360,unresolvable_missing_evidence,genuine_gap_no_further_evidence,,"No further date evidence recoverable from stored content. Needs a human to check the live/archived page directly, or remains excluded."
NEWS-google_dated_search-5fd252e484de,unresolvable_missing_evidence,genuine_gap_no_further_evidence,,"No further date evidence recoverable from stored content. Needs a human to check the live/archived page directly, or remains excluded."
NEWS-google_dated_search-61def4d56163,unresolvable_missing_evidence,genuine_gap_no_further_evidence,,"No further date evidence recoverable from stored content. Needs a human to check the live/archived page directly, or remains excluded."
NEWS-google_dated_search-623fa79cd88f,unresolvable_missing_evidence,genuine_gap_no_further_evidence,,"No further date evidence recoverable from stored content. Needs a human to check the live/archived page directly, or remains excluded."
NEWS-google_dated_search-626b98c8f03a,unresolvable_missing_evidence,genuine_gap_no_further_evidence,,"No further date evidence recoverable from stored content. Needs a human to check the live/archived page directly, or remains excluded."
NEWS-google_dated_search-666374505237,unresolvable_missing_evidence,genuine_gap_no_further_evidence,,"No further date evidence recoverable from stored content. Needs a human to check the live/archived page directly, or remains excluded."
NEWS-google_dated_search-66f40f349bf2,unresolvable_missing_evidence,genuine_gap_no_further_evidence,,"No further date evidence recoverable from stored content. Needs a human to check the live/archived page directly, or remains excluded."
NEWS-google_dated_search-67f9d6b944b5,unresolvable_missing_evidence,genuine_gap_no_further_evidence,,"No further date evidence recoverable from stored content. Needs a human to check the live/archived page directly, or remains excluded."
NEWS-google_dated_search-6911067267e1,unresolvable_missing_evidence,genuine_gap_no_further_evidence,,"No further date evidence recoverable from stored content. Needs a human to check the live/archived page directly, or remains excluded."
NEWS-google_dated_search-6af32615a189,unresolvable_missing_evidence,genuine_gap_no_further_evidence,,"No further date evidence recoverable from stored content. Needs a human to check the live/archived page directly, or remains excluded."
NEWS-google_dated_search-70253a0955e0,unresolvable_missing_evidence,genuine_gap_no_further_evidence,,"No further date evidence recoverable from stored content. Needs a human to check the live/archived page directly, or remains excluded."
NEWS-google_dated_search-7109e0b33909,unresolvable_missing_evidence,genuine_gap_no_further_evidence,,"No further date evidence recoverable from stored content. Needs a human to check the live/archived page directly, or remains excluded."
NEWS-google_dated_search-71328c8212dc,unresolvable_missing_evidence,genuine_gap_no_further_evidence,,"No further date evidence recoverable from stored content. Needs a human to check the live/archived page directly, or remains excluded."
NEWS-google_dated_search-717862f8778f,unresolvable_missing_evidence,genuine_gap_no_further_evidence,,"No further date evidence recoverable from stored content. Needs a human to check the live/archived page directly, or remains excluded."
NEWS-google_dated_search-73bdc35603ed,unresolvable_missing_evidence,genuine_gap_no_further_evidence,,"No further date evidence recoverable from stored content. Needs a human to check the live/archived page directly, or remains excluded."
NEWS-google_dated_search-74d7702e6cb1,unresolvable_missing_evidence,genuine_gap_no_further_evidence,,"No further date evidence recoverable from stored content. Needs a human to check the live/archived page directly, or remains excluded."
NEWS-google_dated_search-76a20f991eeb,unresolvable_missing_evidence,no_html_stored,,"Check retrieval.adapter in the raw record - API-sourced records (e.g. Guardian) never store HTML by design; their date conflict must be resolved from the API's own date fields, not page text."
NEWS-google_dated_search-77954bca44e0,unresolvable_missing_evidence,genuine_gap_no_further_evidence,,"No further date evidence recoverable from stored content. Needs a human to check the live/archived page directly, or remains excluded."
NEWS-google_dated_search-781e2444337c,unresolvable_missing_evidence,genuine_gap_no_further_evidence,,"No further date evidence recoverable from stored content. Needs a human to check the live/archived page directly, or remains excluded."
NEWS-google_dated_search-78f3198087c1,unresolvable_missing_evidence,genuine_gap_no_further_evidence,,"No further date evidence recoverable from stored content. Needs a human to check the live/archived page directly, or remains excluded."
NEWS-google_dated_search-7b57beef4c57,unresolvable_missing_evidence,genuine_gap_no_further_evidence,,"No further date evidence recoverable from stored content. Needs a human to check the live/archived page directly, or remains excluded."
NEWS-google_dated_search-7d648f0360af,unresolvable_missing_evidence,genuine_gap_no_further_evidence,,"No further date evidence recoverable from stored content. Needs a human to check the live/archived page directly, or remains excluded."
NEWS-google_dated_search-7e23ff1a099e,unresolvable_missing_evidence,genuine_gap_no_further_evidence,,"No further date evidence recoverable from stored content. Needs a human to check the live/archived page directly, or remains excluded."
NEWS-google_dated_search-7e6c4ac658b7,unresolvable_missing_evidence,genuine_gap_no_further_evidence,,"No further date evidence recoverable from stored content. Needs a human to check the live/archived page directly, or remains excluded."
NEWS-google_dated_search-7e9c09c7c246,unresolvable_missing_evidence,no_html_stored,,"Check retrieval.adapter in the raw record - API-sourced records (e.g. Guardian) never store HTML by design; their date conflict must be resolved from the API's own date fields, not page text."
NEWS-google_dated_search-813fa2246726,unresolvable_missing_evidence,genuine_gap_no_further_evidence,,"No further date evidence recoverable from stored content. Needs a human to check the live/archived page directly, or remains excluded."
NEWS-google_dated_search-81ffdfb42bfd,unresolvable_missing_evidence,genuine_gap_no_further_evidence,,"No further date evidence recoverable from stored content. Needs a human to check the live/archived page directly, or remains excluded."
NEWS-google_dated_search-82efcddd4a83,unresolvable_missing_evidence,genuine_gap_no_further_evidence,,"No further date evidence recoverable from stored content. Needs a human to check the live/archived page directly, or remains excluded."
NEWS-google_dated_search-83544cc5f81f,unresolvable_missing_evidence,genuine_gap_no_further_evidence,,"No further date evidence recoverable from stored content. Needs a human to check the live/archived page directly, or remains excluded."
NEWS-google_dated_search-83c4c04fd330,unresolvable_missing_evidence,genuine_gap_no_further_evidence,,"No further date evidence recoverable from stored content. Needs a human to check the live/archived page directly, or remains excluded."
NEWS-google_dated_search-84ac0f6cab71,unresolvable_missing_evidence,genuine_gap_no_further_evidence,,"No further date evidence recoverable from stored content. Needs a human to check the live/archived page directly, or remains excluded."
NEWS-google_dated_search-858ad4f800cc,unresolvable_missing_evidence,genuine_gap_no_further_evidence,,"No further date evidence recoverable from stored content. Needs a human to check the live/archived page directly, or remains excluded."
NEWS-google_dated_search-85c949226ed7,unresolvable_missing_evidence,genuine_gap_no_further_evidence,,"No further date evidence recoverable from stored content. Needs a human to check the live/archived page directly, or remains excluded."
NEWS-google_dated_search-86e3346c8584,unresolvable_missing_evidence,genuine_gap_no_further_evidence,,"No further date evidence recoverable from stored content. Needs a human to check the live/archived page directly, or remains excluded."
NEWS-google_dated_search-87c31953ef5e,unresolvable_missing_evidence,genuine_gap_no_further_evidence,,"No further date evidence recoverable from stored content. Needs a human to check the live/archived page directly, or remains excluded."
NEWS-google_dated_search-89a4a43948a4,unresolvable_missing_evidence,no_html_stored,,"Check retrieval.adapter in the raw record - API-sourced records (e.g. Guardian) never store HTML by design; their date conflict must be resolved from the API's own date fields, not page text."
NEWS-google_dated_search-8bc74866e047,unresolvable_missing_evidence,genuine_gap_no_further_evidence,,"No further date evidence recoverable from stored content. Needs a human to check the live/archived page directly, or remains excluded."
NEWS-google_dated_search-8c0e9ea4fc86,unresolvable_missing_evidence,genuine_gap_no_further_evidence,,"No further date evidence recoverable from stored content. Needs a human to check the live/archived page directly, or remains excluded."
NEWS-google_dated_search-8d53535558cf,unresolvable_missing_evidence,genuine_gap_no_further_evidence,,"No further date evidence recoverable from stored content. Needs a human to check the live/archived page directly, or remains excluded."
NEWS-google_dated_search-8df923a5fca6,unresolvable_missing_evidence,genuine_gap_no_further_evidence,,"No further date evidence recoverable from stored content. Needs a human to check the live/archived page directly, or remains excluded."
NEWS-google_dated_search-8f8eb9547126,unresolvable_missing_evidence,genuine_gap_no_further_evidence,,"No further date evidence recoverable from stored content. Needs a human to check the live/archived page directly, or remains excluded."
NEWS-google_dated_search-906d4cb7f719,unresolvable_missing_evidence,no_html_stored,,"Check retrieval.adapter in the raw record - API-sourced records (e.g. Guardian) never store HTML by design; their date conflict must be resolved from the API's own date fields, not page text."
NEWS-google_dated_search-91dc1b60bc85,needs_human_review,genuine_gap_no_further_evidence,,"No further date evidence recoverable from stored content. Needs a human to check the live/archived page directly, or remains excluded."
NEWS-google_dated_search-92265342d83e,unresolvable_missing_evidence,genuine_gap_no_further_evidence,,"No further date evidence recoverable from stored content. Needs a human to check the live/archived page directly, or remains excluded."
NEWS-google_dated_search-94b50a22c1f6,unresolvable_missing_evidence,genuine_gap_no_further_evidence,,"No further date evidence recoverable from stored content. Needs a human to check the live/archived page directly, or remains excluded."
NEWS-google_dated_search-94df39e73971,unresolvable_missing_evidence,genuine_gap_no_further_evidence,,"No further date evidence recoverable from stored content. Needs a human to check the live/archived page directly, or remains excluded."
NEWS-google_dated_search-96cc2c29644a,unresolvable_missing_evidence,genuine_gap_no_further_evidence,,"No further date evidence recoverable from stored content. Needs a human to check the live/archived page directly, or remains excluded."
NEWS-google_dated_search-9a9d45083399,unresolvable_missing_evidence,genuine_gap_no_further_evidence,,"No further date evidence recoverable from stored content. Needs a human to check the live/archived page directly, or remains excluded."
NEWS-google_dated_search-9b0ecdc45804,unresolvable_missing_evidence,genuine_gap_no_further_evidence,,"No further date evidence recoverable from stored content. Needs a human to check the live/archived page directly, or remains excluded."
NEWS-google_dated_search-9b19c15c66d3,unresolvable_missing_evidence,genuine_gap_no_further_evidence,,"No further date evidence recoverable from stored content. Needs a human to check the live/archived page directly, or remains excluded."
NEWS-google_dated_search-9b34ef36cbd9,unresolvable_missing_evidence,genuine_gap_no_further_evidence,,"No further date evidence recoverable from stored content. Needs a human to check the live/archived page directly, or remains excluded."
NEWS-google_dated_search-9c2c990938a6,unresolvable_missing_evidence,genuine_gap_no_further_evidence,,"No further date evidence recoverable from stored content. Needs a human to check the live/archived page directly, or remains excluded."
NEWS-google_dated_search-9d48cb017674,unresolvable_missing_evidence,genuine_gap_no_further_evidence,,"No further date evidence recoverable from stored content. Needs a human to check the live/archived page directly, or remains excluded."
NEWS-google_dated_search-9dde18f0c028,unresolvable_missing_evidence,genuine_gap_no_further_evidence,,"No further date evidence recoverable from stored content. Needs a human to check the live/archived page directly, or remains excluded."
NEWS-google_dated_search-9e444abaa03f,unresolvable_missing_evidence,genuine_gap_no_further_evidence,,"No further date evidence recoverable from stored content. Needs a human to check the live/archived page directly, or remains excluded."
NEWS-google_dated_search-9e990ac857b9,unresolvable_missing_evidence,stored_content_is_pdf_not_html,,"Re-extract with a PDF text extractor (PyMuPDF, matching the project's PDF-handling convention elsewhere) instead of the HTML parser - this is a retrieval/parsing defect, not evidence the article lacks a date."
NEWS-google_dated_search-9ebd7f11c30e,unresolvable_missing_evidence,genuine_gap_no_further_evidence,,"No further date evidence recoverable from stored content. Needs a human to check the live/archived page directly, or remains excluded."
NEWS-google_dated_search-9edc32766662,unresolvable_missing_evidence,stored_content_is_pdf_not_html,,"Re-extract with a PDF text extractor (PyMuPDF, matching the project's PDF-handling convention elsewhere) instead of the HTML parser - this is a retrieval/parsing defect, not evidence the article lacks a date."
NEWS-google_dated_search-9efa225fd7ff,unresolvable_missing_evidence,genuine_gap_no_further_evidence,,"No further date evidence recoverable from stored content. Needs a human to check the live/archived page directly, or remains excluded."
NEWS-google_dated_search-9f154e5cd4cb,unresolvable_missing_evidence,genuine_gap_no_further_evidence,,"No further date evidence recoverable from stored content. Needs a human to check the live/archived page directly, or remains excluded."
NEWS-google_dated_search-9f2fc18eff5f,unresolvable_missing_evidence,genuine_gap_no_further_evidence,,"No further date evidence recoverable from stored content. Needs a human to check the live/archived page directly, or remains excluded."
NEWS-google_dated_search-a0df8ac3c631,unresolvable_missing_evidence,genuine_gap_no_further_evidence,,"No further date evidence recoverable from stored content. Needs a human to check the live/archived page directly, or remains excluded."
NEWS-google_dated_search-a16786b487d4,unresolvable_missing_evidence,genuine_gap_no_further_evidence,,"No further date evidence recoverable from stored content. Needs a human to check the live/archived page directly, or remains excluded."
NEWS-google_dated_search-a41e0e31e465,unresolvable_missing_evidence,genuine_gap_no_further_evidence,,"No further date evidence recoverable from stored content. Needs a human to check the live/archived page directly, or remains excluded."
NEWS-google_dated_search-a44ba6c1bed0,unresolvable_missing_evidence,genuine_gap_no_further_evidence,,"No further date evidence recoverable from stored content. Needs a human to check the live/archived page directly, or remains excluded."
NEWS-google_dated_search-a503585190e1,unresolvable_missing_evidence,genuine_gap_no_further_evidence,,"No further date evidence recoverable from stored content. Needs a human to check the live/archived page directly, or remains excluded."
NEWS-google_dated_search-a5bd965639b7,unresolvable_missing_evidence,genuine_gap_no_further_evidence,,"No further date evidence recoverable from stored content. Needs a human to check the live/archived page directly, or remains excluded."
NEWS-google_dated_search-a7636afef375,unresolvable_missing_evidence,stored_content_is_pdf_not_html,,"Re-extract with a PDF text extractor (PyMuPDF, matching the project's PDF-handling convention elsewhere) instead of the HTML parser - this is a retrieval/parsing defect, not evidence the article lacks a date."
NEWS-google_dated_search-aba5b1c7fcdb,unresolvable_missing_evidence,genuine_gap_no_further_evidence,,"No further date evidence recoverable from stored content. Needs a human to check the live/archived page directly, or remains excluded."
NEWS-google_dated_search-acc4308d9761,unresolvable_missing_evidence,genuine_gap_no_further_evidence,,"No further date evidence recoverable from stored content. Needs a human to check the live/archived page directly, or remains excluded."
NEWS-google_dated_search-ad50e2122629,unresolvable_missing_evidence,genuine_gap_no_further_evidence,,"No further date evidence recoverable from stored content. Needs a human to check the live/archived page directly, or remains excluded."
NEWS-google_dated_search-adf187fe8286,unresolvable_missing_evidence,genuine_gap_no_further_evidence,,"No further date evidence recoverable from stored content. Needs a human to check the live/archived page directly, or remains excluded."
NEWS-google_dated_search-af0ed08785b7,unresolvable_missing_evidence,genuine_gap_no_further_evidence,,"No further date evidence recoverable from stored content. Needs a human to check the live/archived page directly, or remains excluded."
NEWS-google_dated_search-afc3bd05adec,unresolvable_missing_evidence,stored_content_is_pdf_not_html,,"Re-extract with a PDF text extractor (PyMuPDF, matching the project's PDF-handling convention elsewhere) instead of the HTML parser - this is a retrieval/parsing defect, not evidence the article lacks a date."
NEWS-google_dated_search-aff6ac443a4d,unresolvable_missing_evidence,genuine_gap_no_further_evidence,,"No further date evidence recoverable from stored content. Needs a human to check the live/archived page directly, or remains excluded."
NEWS-google_dated_search-b089f098aeba,unresolvable_missing_evidence,genuine_gap_no_further_evidence,,"No further date evidence recoverable from stored content. Needs a human to check the live/archived page directly, or remains excluded."
NEWS-google_dated_search-b0dd6fd7e760,unresolvable_missing_evidence,genuine_gap_no_further_evidence,,"No further date evidence recoverable from stored content. Needs a human to check the live/archived page directly, or remains excluded."
NEWS-google_dated_search-b236c85f890a,unresolvable_missing_evidence,genuine_gap_no_further_evidence,,"No further date evidence recoverable from stored content. Needs a human to check the live/archived page directly, or remains excluded."
NEWS-google_dated_search-b28581acc51c,unresolvable_missing_evidence,genuine_gap_no_further_evidence,,"No further date evidence recoverable from stored content. Needs a human to check the live/archived page directly, or remains excluded."
NEWS-google_dated_search-b3105f73d514,unresolvable_missing_evidence,genuine_gap_no_further_evidence,,"No further date evidence recoverable from stored content. Needs a human to check the live/archived page directly, or remains excluded."
NEWS-google_dated_search-b3a788223c52,unresolvable_missing_evidence,genuine_gap_no_further_evidence,,"No further date evidence recoverable from stored content. Needs a human to check the live/archived page directly, or remains excluded."
NEWS-google_dated_search-b4658bad4613,unresolvable_missing_evidence,genuine_gap_no_further_evidence,,"No further date evidence recoverable from stored content. Needs a human to check the live/archived page directly, or remains excluded."
NEWS-google_dated_search-b498f476e2df,unresolvable_missing_evidence,no_html_stored,,"Check retrieval.adapter in the raw record - API-sourced records (e.g. Guardian) never store HTML by design; their date conflict must be resolved from the API's own date fields, not page text."
NEWS-google_dated_search-b4fb07aa9b16,unresolvable_missing_evidence,genuine_gap_no_further_evidence,,"No further date evidence recoverable from stored content. Needs a human to check the live/archived page directly, or remains excluded."
NEWS-google_dated_search-b4fb597ecde8,unresolvable_missing_evidence,genuine_gap_no_further_evidence,,"No further date evidence recoverable from stored content. Needs a human to check the live/archived page directly, or remains excluded."
NEWS-google_dated_search-b692d5ecb8e4,unresolvable_missing_evidence,genuine_gap_no_further_evidence,,"No further date evidence recoverable from stored content. Needs a human to check the live/archived page directly, or remains excluded."
NEWS-google_dated_search-b6a6255a39ea,unresolvable_missing_evidence,genuine_gap_no_further_evidence,,"No further date evidence recoverable from stored content. Needs a human to check the live/archived page directly, or remains excluded."
NEWS-google_dated_search-b8eb68d47e9a,unresolvable_missing_evidence,genuine_gap_no_further_evidence,,"No further date evidence recoverable from stored content. Needs a human to check the live/archived page directly, or remains excluded."
NEWS-google_dated_search-ba0b4bf0153f,unresolvable_missing_evidence,genuine_gap_no_further_evidence,,"No further date evidence recoverable from stored content. Needs a human to check the live/archived page directly, or remains excluded."
NEWS-google_dated_search-ba151685ccaf,unresolvable_missing_evidence,genuine_gap_no_further_evidence,,"No further date evidence recoverable from stored content. Needs a human to check the live/archived page directly, or remains excluded."
NEWS-google_dated_search-ba4203e8bd61,unresolvable_missing_evidence,genuine_gap_no_further_evidence,,"No further date evidence recoverable from stored content. Needs a human to check the live/archived page directly, or remains excluded."
NEWS-google_dated_search-bb78eb1bcefe,unresolvable_missing_evidence,genuine_gap_no_further_evidence,,"No further date evidence recoverable from stored content. Needs a human to check the live/archived page directly, or remains excluded."
NEWS-google_dated_search-bbd28c539971,unresolvable_missing_evidence,genuine_gap_no_further_evidence,,"No further date evidence recoverable from stored content. Needs a human to check the live/archived page directly, or remains excluded."
NEWS-google_dated_search-bcbc68d333eb,unresolvable_missing_evidence,genuine_gap_no_further_evidence,,"No further date evidence recoverable from stored content. Needs a human to check the live/archived page directly, or remains excluded."
NEWS-google_dated_search-beeb8a7b4e26,unresolvable_missing_evidence,genuine_gap_no_further_evidence,,"No further date evidence recoverable from stored content. Needs a human to check the live/archived page directly, or remains excluded."
NEWS-google_dated_search-c0ea49a5d7f4,unresolvable_missing_evidence,genuine_gap_no_further_evidence,,"No further date evidence recoverable from stored content. Needs a human to check the live/archived page directly, or remains excluded."
NEWS-google_dated_search-c11f3e1abaf1,unresolvable_missing_evidence,genuine_gap_no_further_evidence,,"No further date evidence recoverable from stored content. Needs a human to check the live/archived page directly, or remains excluded."
NEWS-google_dated_search-c5fc09cc0c9d,unresolvable_missing_evidence,genuine_gap_no_further_evidence,,"No further date evidence recoverable from stored content. Needs a human to check the live/archived page directly, or remains excluded."
NEWS-google_dated_search-c6a83b241b59,unresolvable_missing_evidence,genuine_gap_no_further_evidence,,"No further date evidence recoverable from stored content. Needs a human to check the live/archived page directly, or remains excluded."
NEWS-google_dated_search-c905e79fca76,unresolvable_missing_evidence,genuine_gap_no_further_evidence,,"No further date evidence recoverable from stored content. Needs a human to check the live/archived page directly, or remains excluded."
NEWS-google_dated_search-cad97ac8ddda,unresolvable_missing_evidence,genuine_gap_no_further_evidence,,"No further date evidence recoverable from stored content. Needs a human to check the live/archived page directly, or remains excluded."
NEWS-google_dated_search-cb8f4d7124bb,unresolvable_missing_evidence,genuine_gap_no_further_evidence,,"No further date evidence recoverable from stored content. Needs a human to check the live/archived page directly, or remains excluded."
NEWS-google_dated_search-cb9449c736fb,unresolvable_missing_evidence,genuine_gap_no_further_evidence,,"No further date evidence recoverable from stored content. Needs a human to check the live/archived page directly, or remains excluded."
NEWS-google_dated_search-cbbc4720ee86,unresolvable_missing_evidence,no_html_stored,,"Check retrieval.adapter in the raw record - API-sourced records (e.g. Guardian) never store HTML by design; their date conflict must be resolved from the API's own date fields, not page text."
NEWS-google_dated_search-cc79d495ea15,unresolvable_missing_evidence,genuine_gap_no_further_evidence,,"No further date evidence recoverable from stored content. Needs a human to check the live/archived page directly, or remains excluded."
NEWS-google_dated_search-cc82c1ff0d88,unresolvable_missing_evidence,genuine_gap_no_further_evidence,,"No further date evidence recoverable from stored content. Needs a human to check the live/archived page directly, or remains excluded."
NEWS-google_dated_search-ce032706e05f,unresolvable_missing_evidence,genuine_gap_no_further_evidence,,"No further date evidence recoverable from stored content. Needs a human to check the live/archived page directly, or remains excluded."
NEWS-google_dated_search-cf61a990b68a,unresolvable_missing_evidence,genuine_gap_no_further_evidence,,"No further date evidence recoverable from stored content. Needs a human to check the live/archived page directly, or remains excluded."
NEWS-google_dated_search-cfe7f3e0c703,unresolvable_missing_evidence,genuine_gap_no_further_evidence,,"No further date evidence recoverable from stored content. Needs a human to check the live/archived page directly, or remains excluded."
NEWS-google_dated_search-d12747593161,unresolvable_missing_evidence,genuine_gap_no_further_evidence,,"No further date evidence recoverable from stored content. Needs a human to check the live/archived page directly, or remains excluded."
NEWS-google_dated_search-d2d533d08e38,unresolvable_missing_evidence,genuine_gap_no_further_evidence,,"No further date evidence recoverable from stored content. Needs a human to check the live/archived page directly, or remains excluded."
NEWS-google_dated_search-d31444454ea9,unresolvable_missing_evidence,genuine_gap_no_further_evidence,,"No further date evidence recoverable from stored content. Needs a human to check the live/archived page directly, or remains excluded."
NEWS-google_dated_search-d443c0ef826c,unresolvable_missing_evidence,genuine_gap_no_further_evidence,,"No further date evidence recoverable from stored content. Needs a human to check the live/archived page directly, or remains excluded."
NEWS-google_dated_search-d4965c2336e6,unresolvable_missing_evidence,genuine_gap_no_further_evidence,,"No further date evidence recoverable from stored content. Needs a human to check the live/archived page directly, or remains excluded."
NEWS-google_dated_search-d6dfdd1b6b48,unresolvable_missing_evidence,genuine_gap_no_further_evidence,,"No further date evidence recoverable from stored content. Needs a human to check the live/archived page directly, or remains excluded."
NEWS-google_dated_search-d94271ed4d40,unresolvable_missing_evidence,genuine_gap_no_further_evidence,,"No further date evidence recoverable from stored content. Needs a human to check the live/archived page directly, or remains excluded."
NEWS-google_dated_search-d950dc9f356e,unresolvable_missing_evidence,genuine_gap_no_further_evidence,,"No further date evidence recoverable from stored content. Needs a human to check the live/archived page directly, or remains excluded."
NEWS-google_dated_search-d9d6571dc152,unresolvable_missing_evidence,genuine_gap_no_further_evidence,,"No further date evidence recoverable from stored content. Needs a human to check the live/archived page directly, or remains excluded."
NEWS-google_dated_search-da193595710c,unresolvable_missing_evidence,genuine_gap_no_further_evidence,,"No further date evidence recoverable from stored content. Needs a human to check the live/archived page directly, or remains excluded."
NEWS-google_dated_search-da719007c313,unresolvable_missing_evidence,genuine_gap_no_further_evidence,,"No further date evidence recoverable from stored content. Needs a human to check the live/archived page directly, or remains excluded."
NEWS-google_dated_search-db49508b97c5,unresolvable_missing_evidence,genuine_gap_no_further_evidence,,"No further date evidence recoverable from stored content. Needs a human to check the live/archived page directly, or remains excluded."
NEWS-google_dated_search-db90b890e78a,unresolvable_missing_evidence,genuine_gap_no_further_evidence,,"No further date evidence recoverable from stored content. Needs a human to check the live/archived page directly, or remains excluded."
NEWS-google_dated_search-dbea7e392b72,unresolvable_missing_evidence,stored_content_is_pdf_not_html,,"Re-extract with a PDF text extractor (PyMuPDF, matching the project's PDF-handling convention elsewhere) instead of the HTML parser - this is a retrieval/parsing defect, not evidence the article lacks a date."
NEWS-google_dated_search-dcdf651d7c96,unresolvable_missing_evidence,genuine_gap_no_further_evidence,,"No further date evidence recoverable from stored content. Needs a human to check the live/archived page directly, or remains excluded."
NEWS-google_dated_search-ddde95daaeff,unresolvable_missing_evidence,genuine_gap_no_further_evidence,,"No further date evidence recoverable from stored content. Needs a human to check the live/archived page directly, or remains excluded."
NEWS-google_dated_search-dfd0e4d25aa7,unresolvable_missing_evidence,genuine_gap_no_further_evidence,,"No further date evidence recoverable from stored content. Needs a human to check the live/archived page directly, or remains excluded."
NEWS-google_dated_search-dff82b4b6113,unresolvable_missing_evidence,genuine_gap_no_further_evidence,,"No further date evidence recoverable from stored content. Needs a human to check the live/archived page directly, or remains excluded."
NEWS-google_dated_search-e03bfc826904,unresolvable_missing_evidence,genuine_gap_no_further_evidence,,"No further date evidence recoverable from stored content. Needs a human to check the live/archived page directly, or remains excluded."
NEWS-google_dated_search-e1bbe5534e8e,unresolvable_missing_evidence,genuine_gap_no_further_evidence,,"No further date evidence recoverable from stored content. Needs a human to check the live/archived page directly, or remains excluded."
NEWS-google_dated_search-e230bb567102,unresolvable_missing_evidence,genuine_gap_no_further_evidence,,"No further date evidence recoverable from stored content. Needs a human to check the live/archived page directly, or remains excluded."
NEWS-google_dated_search-e44e3447490b,unresolvable_missing_evidence,genuine_gap_no_further_evidence,,"No further date evidence recoverable from stored content. Needs a human to check the live/archived page directly, or remains excluded."
NEWS-google_dated_search-e5bfdc9729f2,unresolvable_missing_evidence,no_html_stored,,"Check retrieval.adapter in the raw record - API-sourced records (e.g. Guardian) never store HTML by design; their date conflict must be resolved from the API's own date fields, not page text."
NEWS-google_dated_search-e71c83f3b97a,unresolvable_missing_evidence,genuine_gap_no_further_evidence,,"No further date evidence recoverable from stored content. Needs a human to check the live/archived page directly, or remains excluded."
NEWS-google_dated_search-e802b44586e8,unresolvable_missing_evidence,genuine_gap_no_further_evidence,,"No further date evidence recoverable from stored content. Needs a human to check the live/archived page directly, or remains excluded."
NEWS-google_dated_search-e814f4f7d04a,unresolvable_missing_evidence,genuine_gap_no_further_evidence,,"No further date evidence recoverable from stored content. Needs a human to check the live/archived page directly, or remains excluded."
NEWS-google_dated_search-e96d5e668ae5,unresolvable_missing_evidence,genuine_gap_no_further_evidence,,"No further date evidence recoverable from stored content. Needs a human to check the live/archived page directly, or remains excluded."
NEWS-google_dated_search-e9cae8cb62fa,unresolvable_missing_evidence,genuine_gap_no_further_evidence,,"No further date evidence recoverable from stored content. Needs a human to check the live/archived page directly, or remains excluded."
NEWS-google_dated_search-e9f08b85072b,unresolvable_missing_evidence,genuine_gap_no_further_evidence,,"No further date evidence recoverable from stored content. Needs a human to check the live/archived page directly, or remains excluded."
NEWS-google_dated_search-eaaf4e88e8e8,unresolvable_missing_evidence,genuine_gap_no_further_evidence,,"No further date evidence recoverable from stored content. Needs a human to check the live/archived page directly, or remains excluded."
NEWS-google_dated_search-eb477830e1b8,unresolvable_missing_evidence,stored_content_is_pdf_not_html,,"Re-extract with a PDF text extractor (PyMuPDF, matching the project's PDF-handling convention elsewhere) instead of the HTML parser - this is a retrieval/parsing defect, not evidence the article lacks a date."
NEWS-google_dated_search-ed2b989a62a5,unresolvable_missing_evidence,genuine_gap_no_further_evidence,,"No further date evidence recoverable from stored content. Needs a human to check the live/archived page directly, or remains excluded."
NEWS-google_dated_search-ed32adae35ab,unresolvable_missing_evidence,genuine_gap_no_further_evidence,,"No further date evidence recoverable from stored content. Needs a human to check the live/archived page directly, or remains excluded."
NEWS-google_dated_search-eefaa6cd2ec4,unresolvable_missing_evidence,no_html_stored,,"Check retrieval.adapter in the raw record - API-sourced records (e.g. Guardian) never store HTML by design; their date conflict must be resolved from the API's own date fields, not page text."
NEWS-google_dated_search-f2a40794ab12,unresolvable_missing_evidence,genuine_gap_no_further_evidence,,"No further date evidence recoverable from stored content. Needs a human to check the live/archived page directly, or remains excluded."
NEWS-google_dated_search-f35fa64e028e,unresolvable_missing_evidence,genuine_gap_no_further_evidence,,"No further date evidence recoverable from stored content. Needs a human to check the live/archived page directly, or remains excluded."
NEWS-google_dated_search-f4e7e4110359,unresolvable_missing_evidence,genuine_gap_no_further_evidence,,"No further date evidence recoverable from stored content. Needs a human to check the live/archived page directly, or remains excluded."
NEWS-google_dated_search-f63edf7bb062,unresolvable_missing_evidence,genuine_gap_no_further_evidence,,"No further date evidence recoverable from stored content. Needs a human to check the live/archived page directly, or remains excluded."
NEWS-google_dated_search-f73ecde34020,unresolvable_missing_evidence,no_html_stored,,"Check retrieval.adapter in the raw record - API-sourced records (e.g. Guardian) never store HTML by design; their date conflict must be resolved from the API's own date fields, not page text."
NEWS-google_dated_search-f7c608d33f4a,unresolvable_missing_evidence,genuine_gap_no_further_evidence,,"No further date evidence recoverable from stored content. Needs a human to check the live/archived page directly, or remains excluded."
NEWS-google_dated_search-fa07091455c0,unresolvable_missing_evidence,genuine_gap_no_further_evidence,,"No further date evidence recoverable from stored content. Needs a human to check the live/archived page directly, or remains excluded."
NEWS-google_dated_search-fb2a0aaeda04,unresolvable_missing_evidence,genuine_gap_no_further_evidence,,"No further date evidence recoverable from stored content. Needs a human to check the live/archived page directly, or remains excluded."
NEWS-google_dated_search-fb4ae8e23873,unresolvable_missing_evidence,stored_content_is_pdf_not_html,,"Re-extract with a PDF text extractor (PyMuPDF, matching the project's PDF-handling convention elsewhere) instead of the HTML parser - this is a retrieval/parsing defect, not evidence the article lacks a date."
NEWS-google_dated_search-fb7db52db75b,unresolvable_missing_evidence,genuine_gap_no_further_evidence,,"No further date evidence recoverable from stored content. Needs a human to check the live/archived page directly, or remains excluded."
NEWS-google_dated_search-fc0512ba6e3a,unresolvable_missing_evidence,genuine_gap_no_further_evidence,,"No further date evidence recoverable from stored content. Needs a human to check the live/archived page directly, or remains excluded."
NEWS-google_dated_search-fce869984fbe,unresolvable_missing_evidence,no_html_stored,,"Check retrieval.adapter in the raw record - API-sourced records (e.g. Guardian) never store HTML by design; their date conflict must be resolved from the API's own date fields, not page text."
NEWS-google_dated_search-fd65e6dcf427,unresolvable_missing_evidence,genuine_gap_no_further_evidence,,"No further date evidence recoverable from stored content. Needs a human to check the live/archived page directly, or remains excluded."
NEWS-google_dated_search-fd799a92e962,unresolvable_missing_evidence,genuine_gap_no_further_evidence,,"No further date evidence recoverable from stored content. Needs a human to check the live/archived page directly, or remains excluded."
NEWS-google_dated_search-fdfc74293912,unresolvable_missing_evidence,genuine_gap_no_further_evidence,,"No further date evidence recoverable from stored content. Needs a human to check the live/archived page directly, or remains excluded."
NEWS-google_dated_search-ff01d6d6e934,unresolvable_missing_evidence,genuine_gap_no_further_evidence,,"No further date evidence recoverable from stored content. Needs a human to check the live/archived page directly, or remains excluded."
NEWS-google_dated_search-ffc07f7185c5,unresolvable_missing_evidence,genuine_gap_no_further_evidence,,"No further date evidence recoverable from stored content. Needs a human to check the live/archived page directly, or remains excluded."
NEWS-guardian_api-01f8d34e3aaf,needs_human_review,no_html_stored,,"Check retrieval.adapter in the raw record - API-sourced records (e.g. Guardian) never store HTML by design; their date conflict must be resolved from the API's own date fields, not page text."
NEWS-guardian_api-06c505caec8a,needs_human_review,no_html_stored,,"Check retrieval.adapter in the raw record - API-sourced records (e.g. Guardian) never store HTML by design; their date conflict must be resolved from the API's own date fields, not page text."
NEWS-guardian_api-0d4244219391,needs_human_review,no_html_stored,,"Check retrieval.adapter in the raw record - API-sourced records (e.g. Guardian) never store HTML by design; their date conflict must be resolved from the API's own date fields, not page text."
NEWS-guardian_api-10e5111ade91,needs_human_review,no_html_stored,,"Check retrieval.adapter in the raw record - API-sourced records (e.g. Guardian) never store HTML by design; their date conflict must be resolved from the API's own date fields, not page text."
NEWS-guardian_api-1434652e244b,needs_human_review,no_html_stored,,"Check retrieval.adapter in the raw record - API-sourced records (e.g. Guardian) never store HTML by design; their date conflict must be resolved from the API's own date fields, not page text."
NEWS-guardian_api-16c17fad35a8,needs_human_review,no_html_stored,,"Check retrieval.adapter in the raw record - API-sourced records (e.g. Guardian) never store HTML by design; their date conflict must be resolved from the API's own date fields, not page text."
NEWS-guardian_api-188956199184,needs_human_review,no_html_stored,,"Check retrieval.adapter in the raw record - API-sourced records (e.g. Guardian) never store HTML by design; their date conflict must be resolved from the API's own date fields, not page text."
NEWS-guardian_api-1a2f5d19d0f0,needs_human_review,no_html_stored,,"Check retrieval.adapter in the raw record - API-sourced records (e.g. Guardian) never store HTML by design; their date conflict must be resolved from the API's own date fields, not page text."
NEWS-guardian_api-1d53397bc3ff,needs_human_review,no_html_stored,,"Check retrieval.adapter in the raw record - API-sourced records (e.g. Guardian) never store HTML by design; their date conflict must be resolved from the API's own date fields, not page text."
NEWS-guardian_api-22aa1f9525ad,needs_human_review,no_html_stored,,"Check retrieval.adapter in the raw record - API-sourced records (e.g. Guardian) never store HTML by design; their date conflict must be resolved from the API's own date fields, not page text."
NEWS-guardian_api-343b2484e252,needs_human_review,no_html_stored,,"Check retrieval.adapter in the raw record - API-sourced records (e.g. Guardian) never store HTML by design; their date conflict must be resolved from the API's own date fields, not page text."
NEWS-guardian_api-3ffdfa230536,needs_human_review,no_html_stored,,"Check retrieval.adapter in the raw record - API-sourced records (e.g. Guardian) never store HTML by design; their date conflict must be resolved from the API's own date fields, not page text."
NEWS-guardian_api-41b7788df305,needs_human_review,no_html_stored,,"Check retrieval.adapter in the raw record - API-sourced records (e.g. Guardian) never store HTML by design; their date conflict must be resolved from the API's own date fields, not page text."
NEWS-guardian_api-51c6d244d6cc,needs_human_review,no_html_stored,,"Check retrieval.adapter in the raw record - API-sourced records (e.g. Guardian) never store HTML by design; their date conflict must be resolved from the API's own date fields, not page text."
NEWS-guardian_api-5a9de98bc912,needs_human_review,no_html_stored,,"Check retrieval.adapter in the raw record - API-sourced records (e.g. Guardian) never store HTML by design; their date conflict must be resolved from the API's own date fields, not page text."
NEWS-guardian_api-612d27f238e8,needs_human_review,no_html_stored,,"Check retrieval.adapter in the raw record - API-sourced records (e.g. Guardian) never store HTML by design; their date conflict must be resolved from the API's own date fields, not page text."
NEWS-guardian_api-644390eb4534,needs_human_review,no_html_stored,,"Check retrieval.adapter in the raw record - API-sourced records (e.g. Guardian) never store HTML by design; their date conflict must be resolved from the API's own date fields, not page text."
NEWS-guardian_api-730c00f613a7,needs_human_review,no_html_stored,,"Check retrieval.adapter in the raw record - API-sourced records (e.g. Guardian) never store HTML by design; their date conflict must be resolved from the API's own date fields, not page text."
NEWS-guardian_api-74a7d3e68c1c,needs_human_review,no_html_stored,,"Check retrieval.adapter in the raw record - API-sourced records (e.g. Guardian) never store HTML by design; their date conflict must be resolved from the API's own date fields, not page text."
NEWS-guardian_api-8461057b6fae,needs_human_review,no_html_stored,,"Check retrieval.adapter in the raw record - API-sourced records (e.g. Guardian) never store HTML by design; their date conflict must be resolved from the API's own date fields, not page text."
NEWS-guardian_api-8fa2522987b6,needs_human_review,no_html_stored,,"Check retrieval.adapter in the raw record - API-sourced records (e.g. Guardian) never store HTML by design; their date conflict must be resolved from the API's own date fields, not page text."
NEWS-guardian_api-92990a98c6af,needs_human_review,no_html_stored,,"Check retrieval.adapter in the raw record - API-sourced records (e.g. Guardian) never store HTML by design; their date conflict must be resolved from the API's own date fields, not page text."
NEWS-guardian_api-92bbdc42de57,needs_human_review,no_html_stored,,"Check retrieval.adapter in the raw record - API-sourced records (e.g. Guardian) never store HTML by design; their date conflict must be resolved from the API's own date fields, not page text."
NEWS-guardian_api-9f6dab170774,needs_human_review,no_html_stored,,"Check retrieval.adapter in the raw record - API-sourced records (e.g. Guardian) never store HTML by design; their date conflict must be resolved from the API's own date fields, not page text."
NEWS-guardian_api-a2ba092cb4bd,needs_human_review,no_html_stored,,"Check retrieval.adapter in the raw record - API-sourced records (e.g. Guardian) never store HTML by design; their date conflict must be resolved from the API's own date fields, not page text."
NEWS-guardian_api-aa1d05faafc0,needs_human_review,no_html_stored,,"Check retrieval.adapter in the raw record - API-sourced records (e.g. Guardian) never store HTML by design; their date conflict must be resolved from the API's own date fields, not page text."
NEWS-guardian_api-aa83f63dddfd,needs_human_review,no_html_stored,,"Check retrieval.adapter in the raw record - API-sourced records (e.g. Guardian) never store HTML by design; their date conflict must be resolved from the API's own date fields, not page text."
NEWS-guardian_api-b27cb61d1f30,needs_human_review,no_html_stored,,"Check retrieval.adapter in the raw record - API-sourced records (e.g. Guardian) never store HTML by design; their date conflict must be resolved from the API's own date fields, not page text."
NEWS-guardian_api-b6e86af183a8,needs_human_review,no_html_stored,,"Check retrieval.adapter in the raw record - API-sourced records (e.g. Guardian) never store HTML by design; their date conflict must be resolved from the API's own date fields, not page text."
NEWS-guardian_api-c8d4d9d37bdc,needs_human_review,no_html_stored,,"Check retrieval.adapter in the raw record - API-sourced records (e.g. Guardian) never store HTML by design; their date conflict must be resolved from the API's own date fields, not page text."
NEWS-guardian_api-cc2d12beb501,needs_human_review,no_html_stored,,"Check retrieval.adapter in the raw record - API-sourced records (e.g. Guardian) never store HTML by design; their date conflict must be resolved from the API's own date fields, not page text."
NEWS-guardian_api-d01b529d3b49,needs_human_review,no_html_stored,,"Check retrieval.adapter in the raw record - API-sourced records (e.g. Guardian) never store HTML by design; their date conflict must be resolved from the API's own date fields, not page text."
NEWS-guardian_api-ddc141762c83,needs_human_review,no_html_stored,,"Check retrieval.adapter in the raw record - API-sourced records (e.g. Guardian) never store HTML by design; their date conflict must be resolved from the API's own date fields, not page text."
NEWS-guardian_api-def1d12db0cd,needs_human_review,no_html_stored,,"Check retrieval.adapter in the raw record - API-sourced records (e.g. Guardian) never store HTML by design; their date conflict must be resolved from the API's own date fields, not page text."
NEWS-guardian_api-e76fbc748b8d,needs_human_review,no_html_stored,,"Check retrieval.adapter in the raw record - API-sourced records (e.g. Guardian) never store HTML by design; their date conflict must be resolved from the API's own date fields, not page text."
NEWS-guardian_api-f3b95c387286,needs_human_review,no_html_stored,,"Check retrieval.adapter in the raw record - API-sourced records (e.g. Guardian) never store HTML by design; their date conflict must be resolved from the API's own date fields, not page text."
NEWS-guardian_api-f9e03fc40606,needs_human_review,no_html_stored,,"Check retrieval.adapter in the raw record - API-sourced records (e.g. Guardian) never store HTML by design; their date conflict must be resolved from the API's own date fields, not page text."
NEWS-guardian_api-fea5c9af0783,needs_human_review,no_html_stored,,"Check retrieval.adapter in the raw record - API-sourced records (e.g. Guardian) never store HTML by design; their date conflict must be resolved from the API's own date fields, not page text."
NEWS-guildford_dragon-1afb60e58ef3,unresolvable_missing_evidence,genuine_gap_no_further_evidence,,"No further date evidence recoverable from stored content. Needs a human to check the live/archived page directly, or remains excluded."
NEWS-guildford_dragon-21051b2f14d8,unresolvable_missing_evidence,genuine_gap_no_further_evidence,,"No further date evidence recoverable from stored content. Needs a human to check the live/archived page directly, or remains excluded."
NEWS-guildford_dragon-23dbe38c4c3f,unresolvable_missing_evidence,genuine_gap_no_further_evidence,,"No further date evidence recoverable from stored content. Needs a human to check the live/archived page directly, or remains excluded."
NEWS-guildford_dragon-87dcdcd1bf80,unresolvable_missing_evidence,genuine_gap_no_further_evidence,,"No further date evidence recoverable from stored content. Needs a human to check the live/archived page directly, or remains excluded."
NEWS-guildford_dragon-96d37d88d0a8,unresolvable_missing_evidence,genuine_gap_no_further_evidence,,"No further date evidence recoverable from stored content. Needs a human to check the live/archived page directly, or remains excluded."
NEWS-guildford_dragon-a5e13a9572d7,unresolvable_missing_evidence,genuine_gap_no_further_evidence,,"No further date evidence recoverable from stored content. Needs a human to check the live/archived page directly, or remains excluded."
NEWS-guildford_dragon-c2e1ab1d0e89,unresolvable_missing_evidence,genuine_gap_no_further_evidence,,"No further date evidence recoverable from stored content. Needs a human to check the live/archived page directly, or remains excluded."
NEWS-guildford_dragon-dce210d89e84,unresolvable_missing_evidence,genuine_gap_no_further_evidence,,"No further date evidence recoverable from stored content. Needs a human to check the live/archived page directly, or remains excluded."
NEWS-guildford_dragon-f60f170b74ef,unresolvable_missing_evidence,genuine_gap_no_further_evidence,,"No further date evidence recoverable from stored content. Needs a human to check the live/archived page directly, or remains excluded."
NEWS-surrey_comet-1798d947e0f3,unresolvable_missing_evidence,genuine_gap_no_further_evidence,,"No further date evidence recoverable from stored content. Needs a human to check the live/archived page directly, or remains excluded."
NEWS-surrey_comet-18e1489bba00,unresolvable_missing_evidence,genuine_gap_no_further_evidence,,"No further date evidence recoverable from stored content. Needs a human to check the live/archived page directly, or remains excluded."
NEWS-surrey_comet-3d48ad826908,unresolvable_missing_evidence,genuine_gap_no_further_evidence,,"No further date evidence recoverable from stored content. Needs a human to check the live/archived page directly, or remains excluded."
NEWS-surrey_comet-40d441243d2f,unresolvable_missing_evidence,genuine_gap_no_further_evidence,,"No further date evidence recoverable from stored content. Needs a human to check the live/archived page directly, or remains excluded."
NEWS-surrey_comet-5c7d33917a64,unresolvable_missing_evidence,genuine_gap_no_further_evidence,,"No further date evidence recoverable from stored content. Needs a human to check the live/archived page directly, or remains excluded."
NEWS-surrey_comet-6864ed232ffa,unresolvable_missing_evidence,genuine_gap_no_further_evidence,,"No further date evidence recoverable from stored content. Needs a human to check the live/archived page directly, or remains excluded."
NEWS-surrey_comet-76c3be83d673,unresolvable_missing_evidence,genuine_gap_no_further_evidence,,"No further date evidence recoverable from stored content. Needs a human to check the live/archived page directly, or remains excluded."
NEWS-surrey_comet-842c9bc30dc1,unresolvable_missing_evidence,genuine_gap_no_further_evidence,,"No further date evidence recoverable from stored content. Needs a human to check the live/archived page directly, or remains excluded."
NEWS-surrey_comet-94e167ab536a,unresolvable_missing_evidence,genuine_gap_no_further_evidence,,"No further date evidence recoverable from stored content. Needs a human to check the live/archived page directly, or remains excluded."
NEWS-surrey_comet-9a83abe6716e,unresolvable_missing_evidence,genuine_gap_no_further_evidence,,"No further date evidence recoverable from stored content. Needs a human to check the live/archived page directly, or remains excluded."
NEWS-surrey_comet-ac15d45573e4,unresolvable_missing_evidence,genuine_gap_no_further_evidence,,"No further date evidence recoverable from stored content. Needs a human to check the live/archived page directly, or remains excluded."
NEWS-surrey_comet-da8e99e5bdd9,unresolvable_missing_evidence,genuine_gap_no_further_evidence,,"No further date evidence recoverable from stored content. Needs a human to check the live/archived page directly, or remains excluded."
NEWS-surrey_comet-f7dc3c7a664e,unresolvable_missing_evidence,genuine_gap_no_further_evidence,,"No further date evidence recoverable from stored content. Needs a human to check the live/archived page directly, or remains excluded."
NEWS-surreylive-0974f27817c4,unresolvable_missing_evidence,genuine_gap_no_further_evidence,,"No further date evidence recoverable from stored content. Needs a human to check the live/archived page directly, or remains excluded."
NEWS-surreylive-099cbd9af449,unresolvable_missing_evidence,genuine_gap_no_further_evidence,,"No further date evidence recoverable from stored content. Needs a human to check the live/archived page directly, or remains excluded."
NEWS-surreylive-09e9739ad559,unresolvable_missing_evidence,genuine_gap_no_further_evidence,,"No further date evidence recoverable from stored content. Needs a human to check the live/archived page directly, or remains excluded."
NEWS-surreylive-0b6fc8ca5a93,unresolvable_missing_evidence,genuine_gap_no_further_evidence,,"No further date evidence recoverable from stored content. Needs a human to check the live/archived page directly, or remains excluded."
NEWS-surreylive-0d68966ce82b,unresolvable_missing_evidence,genuine_gap_no_further_evidence,,"No further date evidence recoverable from stored content. Needs a human to check the live/archived page directly, or remains excluded."
NEWS-surreylive-1a258288a31b,unresolvable_missing_evidence,genuine_gap_no_further_evidence,,"No further date evidence recoverable from stored content. Needs a human to check the live/archived page directly, or remains excluded."
NEWS-surreylive-3948311fb970,unresolvable_missing_evidence,genuine_gap_no_further_evidence,,"No further date evidence recoverable from stored content. Needs a human to check the live/archived page directly, or remains excluded."
NEWS-surreylive-53a085e9e55c,unresolvable_missing_evidence,genuine_gap_no_further_evidence,,"No further date evidence recoverable from stored content. Needs a human to check the live/archived page directly, or remains excluded."
NEWS-surreylive-5bec5b55e2d3,unresolvable_missing_evidence,genuine_gap_no_further_evidence,,"No further date evidence recoverable from stored content. Needs a human to check the live/archived page directly, or remains excluded."
NEWS-surreylive-6613ab8856a2,unresolvable_missing_evidence,genuine_gap_no_further_evidence,,"No further date evidence recoverable from stored content. Needs a human to check the live/archived page directly, or remains excluded."
NEWS-surreylive-6b03bc71690b,unresolvable_missing_evidence,genuine_gap_no_further_evidence,,"No further date evidence recoverable from stored content. Needs a human to check the live/archived page directly, or remains excluded."
NEWS-surreylive-771343ff3263,unresolvable_missing_evidence,genuine_gap_no_further_evidence,,"No further date evidence recoverable from stored content. Needs a human to check the live/archived page directly, or remains excluded."
NEWS-surreylive-96c057d4c99c,unresolvable_missing_evidence,genuine_gap_no_further_evidence,,"No further date evidence recoverable from stored content. Needs a human to check the live/archived page directly, or remains excluded."
NEWS-surreylive-97c02d27f020,unresolvable_missing_evidence,genuine_gap_no_further_evidence,,"No further date evidence recoverable from stored content. Needs a human to check the live/archived page directly, or remains excluded."
NEWS-surreylive-9bbdc1cc7ab3,unresolvable_missing_evidence,genuine_gap_no_further_evidence,,"No further date evidence recoverable from stored content. Needs a human to check the live/archived page directly, or remains excluded."
NEWS-surreylive-a9cde2768310,unresolvable_missing_evidence,genuine_gap_no_further_evidence,,"No further date evidence recoverable from stored content. Needs a human to check the live/archived page directly, or remains excluded."
NEWS-surreylive-ac34a1d8d691,unresolvable_missing_evidence,genuine_gap_no_further_evidence,,"No further date evidence recoverable from stored content. Needs a human to check the live/archived page directly, or remains excluded."
NEWS-surreylive-b4f458b5d941,unresolvable_missing_evidence,genuine_gap_no_further_evidence,,"No further date evidence recoverable from stored content. Needs a human to check the live/archived page directly, or remains excluded."
NEWS-surreylive-b97cce22cdc6,unresolvable_missing_evidence,no_html_stored,,"Check retrieval.adapter in the raw record - API-sourced records (e.g. Guardian) never store HTML by design; their date conflict must be resolved from the API's own date fields, not page text."
NEWS-surreylive-c179ac376c94,unresolvable_missing_evidence,genuine_gap_no_further_evidence,,"No further date evidence recoverable from stored content. Needs a human to check the live/archived page directly, or remains excluded."
NEWS-surreylive-c4ae6e4e0f52,unresolvable_missing_evidence,genuine_gap_no_further_evidence,,"No further date evidence recoverable from stored content. Needs a human to check the live/archived page directly, or remains excluded."
NEWS-surreylive-cd714d027c8c,unresolvable_missing_evidence,genuine_gap_no_further_evidence,,"No further date evidence recoverable from stored content. Needs a human to check the live/archived page directly, or remains excluded."
NEWS-surreylive-d2f889c6d530,unresolvable_missing_evidence,genuine_gap_no_further_evidence,,"No further date evidence recoverable from stored content. Needs a human to check the live/archived page directly, or remains excluded."
NEWS-surreylive-e916b422c1eb,unresolvable_missing_evidence,genuine_gap_no_further_evidence,,"No further date evidence recoverable from stored content. Needs a human to check the live/archived page directly, or remains excluded."
NEWS-surreylive-ec13a5732496,unresolvable_missing_evidence,genuine_gap_no_further_evidence,,"No further date evidence recoverable from stored content. Needs a human to check the live/archived page directly, or remains excluded."
