article_id,election_id,original_confidence,candidate_dates,resolution_status,resolved_date,rule_applied,notes
NEWS-bbc_surrey-365babfc180f,SCC-2013-05,Uncertain,2013-04-30; 2013-05-03,unresolvable_conservative,,unresolvable_conservative,"Conflict is close to, or straddles, the polling-day cutoff or the 180-day window edge - resolving automatically risks an election-leakage error (the BBC 2013 pilot case). Requires manual confirmation before this record can be used. | REVIEW 20260729: 候选日期跨边界且无法用独立证据确定原始发布日期；按保守规则排除。"
NEWS-epsom_ewell_times-af1614b7037a,ESWS-2026-05,Uncertain,2022-03-18; 2026-07-18,unresolvable_conservative,,unresolvable_conservative,"Conflict is close to, or straddles, the polling-day cutoff or the 180-day window edge - resolving automatically risks an election-leakage error (the BBC 2013 pilot case). Requires manual confirmation before this record can be used. | REVIEW 20260729: 候选日期跨边界且无法用独立证据确定原始发布日期；按保守规则排除。"
NEWS-google_dated_search-083f71e0b1d7,SCC-2021-05,Uncertain,2021-01-21; 2026-03-17,unresolvable_conservative,,unresolvable_conservative,"Conflict is close to, or straddles, the polling-day cutoff or the 180-day window edge - resolving automatically risks an election-leakage error (the BBC 2013 pilot case). Requires manual confirmation before this record can be used. | REVIEW 20260729: 候选日期跨边界且无法用独立证据确定原始发布日期；按保守规则排除。"
NEWS-google_dated_search-5f40fa0d864c,SCC-2013-05,Uncertain,2013-03-01; 2014-11-21,resolved_human,2014-11-21,visible_dateline,"Conflict is close to, or straddles, the polling-day cutoff or the 180-day window edge - resolving automatically risks an election-leakage error (the BBC 2013 pilot case). Requires manual confirmation before this record can be used. | REVIEW 20260729: 可见日期为 2014-11-21，且正文包含 2014 年选举与两名 Westminster 议员等事后内容。"
NEWS-google_dated_search-91dc1b60bc85,ESWS-2026-05,Uncertain,2026-04-24; 2026-07-22,resolved_human,2026-04-24,json_ld_metadata,"Conflict is close to, or straddles, the polling-day cutoff or the 180-day window edge - resolving automatically risks an election-leakage error (the BBC 2013 pilot case). Requires manual confirmation before this record can be used. | REVIEW 20260729: JSON-LD 与 OpenGraph 同为 2026-04-24；正文使用投票日前瞻时态。"
NEWS-google_dated_search-d74ccb89495d,SCC-2013-05,Uncertain,2013-04-30; 2013-05-03,unresolvable_conservative,,unresolvable_conservative,"Conflict is close to, or straddles, the polling-day cutoff or the 180-day window edge - resolving automatically risks an election-leakage error (the BBC 2013 pilot case). Requires manual confirmation before this record can be used. | REVIEW 20260729: 候选日期跨边界且无法用独立证据确定原始发布日期；按保守规则排除。"
NEWS-google_dated_search-d8f49961ff75,ESWS-2026-05,Uncertain,2026-04-20; 2026-07-24,resolved_human,2026-04-20,json_ld_metadata,"Conflict is close to, or straddles, the polling-day cutoff or the 180-day window edge - resolving automatically risks an election-leakage error (the BBC 2013 pilot case). Requires manual confirmation before this record can be used. | REVIEW 20260729: JSON-LD 与 OpenGraph 同为 2026-04-20；正文使用投票日前瞻时态。"
NEWS-google_dated_search-f6d7314647aa,ESWS-2026-05,Uncertain,2024-12-09; 2025-05-01; 2025-06-07; 2025-08-26; 2025-09-07; 2025-09-17; 2025-11-10; 2026-02-19; 2026-02-25,unresolvable_conservative,,unresolvable_conservative,"Conflict is close to, or straddles, the polling-day cutoff or the 180-day window edge - resolving automatically risks an election-leakage error (the BBC 2013 pilot case). Requires manual confirmation before this record can be used. | REVIEW 20260729: 候选日期跨边界且无法用独立证据确定原始发布日期；按保守规则排除。"
NEWS-guardian_api-01f8d34e3aaf,SCC-2017-05,Uncertain,2016-11-07; 2016-11-08,resolved_human,2016-11-08,url_date,"Conflict is close to, or straddles, the polling-day cutoff or the 180-day window edge - resolving automatically risks an election-leakage error (the BBC 2013 pilot case). Requires manual confirmation before this record can be used. | REVIEW 20260729: 发布者 URL 路径明确包含 2016-11-08。"
NEWS-guardian_api-06c505caec8a,ESWS-2026-05,Uncertain,2025-11-10; 2025-11-11,resolved_human,2025-11-11,url_date,"Conflict is close to, or straddles, the polling-day cutoff or the 180-day window edge - resolving automatically risks an election-leakage error (the BBC 2013 pilot case). Requires manual confirmation before this record can be used. | REVIEW 20260729: 发布者 URL 路径明确包含 2025-11-11。"
NEWS-guardian_api-0d4244219391,ESWS-2026-05,Uncertain,2025-11-07; 2025-11-08,resolved_human,2025-11-07,url_date,"Conflict is close to, or straddles, the polling-day cutoff or the 180-day window edge - resolving automatically risks an election-leakage error (the BBC 2013 pilot case). Requires manual confirmation before this record can be used. | REVIEW 20260729: 发布者 URL 路径明确包含 2025-11-07。"
NEWS-guardian_api-10e5111ade91,ESWS-2026-05,Uncertain,2025-11-08; 2025-11-09,resolved_human,2025-11-09,url_date,"Conflict is close to, or straddles, the polling-day cutoff or the 180-day window edge - resolving automatically risks an election-leakage error (the BBC 2013 pilot case). Requires manual confirmation before this record can be used. | REVIEW 20260729: 发布者 URL 路径明确包含 2025-11-09。"
NEWS-guardian_api-1434652e244b,SCC-2021-05,Uncertain,2020-11-09; 2020-11-10,resolved_human,2020-11-09,url_date,"Conflict is close to, or straddles, the polling-day cutoff or the 180-day window edge - resolving automatically risks an election-leakage error (the BBC 2013 pilot case). Requires manual confirmation before this record can be used. | REVIEW 20260729: 发布者 URL 路径明确包含 2020-11-09。"
NEWS-guardian_api-16c17fad35a8,SCC-2021-05,Uncertain,2020-11-06; 2020-11-07,resolved_human,2020-11-06,url_date,"Conflict is close to, or straddles, the polling-day cutoff or the 180-day window edge - resolving automatically risks an election-leakage error (the BBC 2013 pilot case). Requires manual confirmation before this record can be used. | REVIEW 20260729: 发布者 URL 路径明确包含 2020-11-06。"
NEWS-guardian_api-188956199184,SCC-2021-05,Uncertain,2020-11-07; 2020-11-08,resolved_human,2020-11-07,url_date,"Conflict is close to, or straddles, the polling-day cutoff or the 180-day window edge - resolving automatically risks an election-leakage error (the BBC 2013 pilot case). Requires manual confirmation before this record can be used. | REVIEW 20260729: 发布者 URL 路径明确包含 2020-11-07。"
NEWS-guardian_api-1a2f5d19d0f0,SCC-2021-05,Uncertain,2021-03-17; 2025-04-22,unresolvable_conservative,,unresolvable_conservative,"Conflict is close to, or straddles, the polling-day cutoff or the 180-day window edge - resolving automatically risks an election-leakage error (the BBC 2013 pilot case). Requires manual confirmation before this record can be used. | REVIEW 20260729: 候选日期跨边界且无法用独立证据确定原始发布日期；按保守规则排除。"
NEWS-guardian_api-1d53397bc3ff,ESWS-2026-05,Uncertain,2025-11-10; 2025-11-11,resolved_human,2025-11-10,url_date,"Conflict is close to, or straddles, the polling-day cutoff or the 180-day window edge - resolving automatically risks an election-leakage error (the BBC 2013 pilot case). Requires manual confirmation before this record can be used. | REVIEW 20260729: 发布者 URL 路径明确包含 2025-11-10。"
NEWS-guardian_api-22aa1f9525ad,ESWS-2026-05,Uncertain,2025-11-09; 2025-11-10,resolved_human,2025-11-09,url_date,"Conflict is close to, or straddles, the polling-day cutoff or the 180-day window edge - resolving automatically risks an election-leakage error (the BBC 2013 pilot case). Requires manual confirmation before this record can be used. | REVIEW 20260729: 发布者 URL 路径明确包含 2025-11-09。"
NEWS-guardian_api-343b2484e252,SCC-2021-05,Uncertain,2020-11-07; 2020-11-09,resolved_human,2020-11-07,url_date,"Conflict is close to, or straddles, the polling-day cutoff or the 180-day window edge - resolving automatically risks an election-leakage error (the BBC 2013 pilot case). Requires manual confirmation before this record can be used. | REVIEW 20260729: 发布者 URL 路径明确包含 2020-11-07。"
NEWS-guardian_api-3ffdfa230536,SCC-2021-05,Uncertain,2021-04-30; 2025-04-22,unresolvable_conservative,,unresolvable_conservative,"Conflict is close to, or straddles, the polling-day cutoff or the 180-day window edge - resolving automatically risks an election-leakage error (the BBC 2013 pilot case). Requires manual confirmation before this record can be used. | REVIEW 20260729: 候选日期跨边界且无法用独立证据确定原始发布日期；按保守规则排除。"
NEWS-guardian_api-41b7788df305,ESWS-2026-05,Uncertain,2025-11-09; 2025-11-10,resolved_human,2025-11-10,url_date,"Conflict is close to, or straddles, the polling-day cutoff or the 180-day window edge - resolving automatically risks an election-leakage error (the BBC 2013 pilot case). Requires manual confirmation before this record can be used. | REVIEW 20260729: 发布者 URL 路径明确包含 2025-11-10。"
NEWS-guardian_api-51c6d244d6cc,ESWS-2026-05,Uncertain,2025-11-07; 2025-11-08,resolved_human,2025-11-07,url_date,"Conflict is close to, or straddles, the polling-day cutoff or the 180-day window edge - resolving automatically risks an election-leakage error (the BBC 2013 pilot case). Requires manual confirmation before this record can be used. | REVIEW 20260729: 发布者 URL 路径明确包含 2025-11-07。"
NEWS-guardian_api-5a9de98bc912,ESWS-2026-05,Uncertain,2025-11-07; 2025-11-08,resolved_human,2025-11-07,url_date,"Conflict is close to, or straddles, the polling-day cutoff or the 180-day window edge - resolving automatically risks an election-leakage error (the BBC 2013 pilot case). Requires manual confirmation before this record can be used. | REVIEW 20260729: 发布者 URL 路径明确包含 2025-11-07。"
NEWS-guardian_api-612d27f238e8,SCC-2021-05,Uncertain,2020-11-09; 2020-11-10,resolved_human,2020-11-09,url_date,"Conflict is close to, or straddles, the polling-day cutoff or the 180-day window edge - resolving automatically risks an election-leakage error (the BBC 2013 pilot case). Requires manual confirmation before this record can be used. | REVIEW 20260729: 发布者 URL 路径明确包含 2020-11-09。"
NEWS-guardian_api-644390eb4534,SCC-2021-05,Uncertain,2021-04-30; 2025-04-22,unresolvable_conservative,,unresolvable_conservative,"Conflict is close to, or straddles, the polling-day cutoff or the 180-day window edge - resolving automatically risks an election-leakage error (the BBC 2013 pilot case). Requires manual confirmation before this record can be used. | REVIEW 20260729: 候选日期跨边界且无法用独立证据确定原始发布日期；按保守规则排除。"
NEWS-guardian_api-730c00f613a7,SCC-2021-05,Uncertain,2020-11-08; 2020-11-09,resolved_human,2020-11-08,url_date,"Conflict is close to, or straddles, the polling-day cutoff or the 180-day window edge - resolving automatically risks an election-leakage error (the BBC 2013 pilot case). Requires manual confirmation before this record can be used. | REVIEW 20260729: 发布者 URL 路径明确包含 2020-11-08。"
NEWS-guardian_api-74a7d3e68c1c,SCC-2017-05,Uncertain,2016-11-04; 2016-11-05,resolved_human,2016-11-04,url_date,"Conflict is close to, or straddles, the polling-day cutoff or the 180-day window edge - resolving automatically risks an election-leakage error (the BBC 2013 pilot case). Requires manual confirmation before this record can be used. | REVIEW 20260729: 发布者 URL 路径明确包含 2016-11-04。"
NEWS-guardian_api-8461057b6fae,ESWS-2026-05,Uncertain,2025-11-07; 2025-11-08,resolved_human,2025-11-07,url_date,"Conflict is close to, or straddles, the polling-day cutoff or the 180-day window edge - resolving automatically risks an election-leakage error (the BBC 2013 pilot case). Requires manual confirmation before this record can be used. | REVIEW 20260729: 发布者 URL 路径明确包含 2025-11-07。"
NEWS-guardian_api-8fa2522987b6,SCC-2021-05,Uncertain,2020-11-09; 2020-11-10,resolved_human,2020-11-09,url_date,"Conflict is close to, or straddles, the polling-day cutoff or the 180-day window edge - resolving automatically risks an election-leakage error (the BBC 2013 pilot case). Requires manual confirmation before this record can be used. | REVIEW 20260729: 发布者 URL 路径明确包含 2020-11-09。"
NEWS-guardian_api-92990a98c6af,SCC-2017-05,Uncertain,2016-11-06; 2016-11-07,resolved_human,2016-11-07,url_date,"Conflict is close to, or straddles, the polling-day cutoff or the 180-day window edge - resolving automatically risks an election-leakage error (the BBC 2013 pilot case). Requires manual confirmation before this record can be used. | REVIEW 20260729: 发布者 URL 路径明确包含 2016-11-07。"
NEWS-guardian_api-92bbdc42de57,SCC-2021-05,Uncertain,2020-11-08; 2020-11-09,resolved_human,2020-11-09,url_date,"Conflict is close to, or straddles, the polling-day cutoff or the 180-day window edge - resolving automatically risks an election-leakage error (the BBC 2013 pilot case). Requires manual confirmation before this record can be used. | REVIEW 20260729: 发布者 URL 路径明确包含 2020-11-09。"
NEWS-guardian_api-9f6dab170774,SCC-2021-05,Uncertain,2021-04-23; 2025-04-22,unresolvable_conservative,,unresolvable_conservative,"Conflict is close to, or straddles, the polling-day cutoff or the 180-day window edge - resolving automatically risks an election-leakage error (the BBC 2013 pilot case). Requires manual confirmation before this record can be used. | REVIEW 20260729: 候选日期跨边界且无法用独立证据确定原始发布日期；按保守规则排除。"
NEWS-guardian_api-a2ba092cb4bd,SCC-2017-05,Uncertain,2016-11-06; 2016-11-07,resolved_human,2016-11-06,url_date,"Conflict is close to, or straddles, the polling-day cutoff or the 180-day window edge - resolving automatically risks an election-leakage error (the BBC 2013 pilot case). Requires manual confirmation before this record can be used. | REVIEW 20260729: 发布者 URL 路径明确包含 2016-11-06。"
NEWS-guardian_api-aa1d05faafc0,SCC-2021-05,Uncertain,2020-11-07; 2020-11-08,resolved_human,2020-11-07,url_date,"Conflict is close to, or straddles, the polling-day cutoff or the 180-day window edge - resolving automatically risks an election-leakage error (the BBC 2013 pilot case). Requires manual confirmation before this record can be used. | REVIEW 20260729: 发布者 URL 路径明确包含 2020-11-07。"
NEWS-guardian_api-aa83f63dddfd,SCC-2021-05,Uncertain,2020-11-09; 2020-11-10,resolved_human,2020-11-10,url_date,"Conflict is close to, or straddles, the polling-day cutoff or the 180-day window edge - resolving automatically risks an election-leakage error (the BBC 2013 pilot case). Requires manual confirmation before this record can be used. | REVIEW 20260729: 发布者 URL 路径明确包含 2020-11-10。"
NEWS-guardian_api-b27cb61d1f30,SCC-2017-05,Uncertain,2016-11-04; 2016-11-06,resolved_human,2016-11-04,url_date,"Conflict is close to, or straddles, the polling-day cutoff or the 180-day window edge - resolving automatically risks an election-leakage error (the BBC 2013 pilot case). Requires manual confirmation before this record can be used. | REVIEW 20260729: 发布者 URL 路径明确包含 2016-11-04。"
NEWS-guardian_api-b6e86af183a8,SCC-2021-05,Uncertain,2020-11-09; 2020-11-10,resolved_human,2020-11-10,url_date,"Conflict is close to, or straddles, the polling-day cutoff or the 180-day window edge - resolving automatically risks an election-leakage error (the BBC 2013 pilot case). Requires manual confirmation before this record can be used. | REVIEW 20260729: 发布者 URL 路径明确包含 2020-11-10。"
NEWS-guardian_api-c8d4d9d37bdc,SCC-2021-05,Uncertain,2020-11-08; 2020-11-09,resolved_human,2020-11-09,url_date,"Conflict is close to, or straddles, the polling-day cutoff or the 180-day window edge - resolving automatically risks an election-leakage error (the BBC 2013 pilot case). Requires manual confirmation before this record can be used. | REVIEW 20260729: 发布者 URL 路径明确包含 2020-11-09。"
NEWS-guardian_api-cc2d12beb501,SCC-2017-05,Uncertain,2016-11-05; 2016-11-06,resolved_human,2016-11-05,url_date,"Conflict is close to, or straddles, the polling-day cutoff or the 180-day window edge - resolving automatically risks an election-leakage error (the BBC 2013 pilot case). Requires manual confirmation before this record can be used. | REVIEW 20260729: 发布者 URL 路径明确包含 2016-11-05。"
NEWS-guardian_api-d01b529d3b49,SCC-2021-05,Uncertain,2020-11-06; 2020-11-07,resolved_human,2020-11-06,url_date,"Conflict is close to, or straddles, the polling-day cutoff or the 180-day window edge - resolving automatically risks an election-leakage error (the BBC 2013 pilot case). Requires manual confirmation before this record can be used. | REVIEW 20260729: 发布者 URL 路径明确包含 2020-11-06。"
NEWS-guardian_api-ddc141762c83,SCC-2017-05,Uncertain,2016-11-04; 2016-11-05,resolved_human,2016-11-04,url_date,"Conflict is close to, or straddles, the polling-day cutoff or the 180-day window edge - resolving automatically risks an election-leakage error (the BBC 2013 pilot case). Requires manual confirmation before this record can be used. | REVIEW 20260729: 发布者 URL 路径明确包含 2016-11-04。"
NEWS-guardian_api-def1d12db0cd,SCC-2021-05,Uncertain,2021-04-30; 2025-04-22,unresolvable_conservative,,unresolvable_conservative,"Conflict is close to, or straddles, the polling-day cutoff or the 180-day window edge - resolving automatically risks an election-leakage error (the BBC 2013 pilot case). Requires manual confirmation before this record can be used. | REVIEW 20260729: 候选日期跨边界且无法用独立证据确定原始发布日期；按保守规则排除。"
NEWS-guardian_api-e76fbc748b8d,SCC-2017-05,Uncertain,2016-11-04; 2016-11-05,resolved_human,2016-11-04,url_date,"Conflict is close to, or straddles, the polling-day cutoff or the 180-day window edge - resolving automatically risks an election-leakage error (the BBC 2013 pilot case). Requires manual confirmation before this record can be used. | REVIEW 20260729: 发布者 URL 路径明确包含 2016-11-04。"
NEWS-guardian_api-f3b95c387286,SCC-2021-05,Uncertain,2020-11-09; 2020-11-10,resolved_human,2020-11-09,url_date,"Conflict is close to, or straddles, the polling-day cutoff or the 180-day window edge - resolving automatically risks an election-leakage error (the BBC 2013 pilot case). Requires manual confirmation before this record can be used. | REVIEW 20260729: 发布者 URL 路径明确包含 2020-11-09。"
NEWS-guardian_api-f9e03fc40606,SCC-2021-05,Uncertain,2020-11-09; 2020-11-10,resolved_human,2020-11-09,url_date,"Conflict is close to, or straddles, the polling-day cutoff or the 180-day window edge - resolving automatically risks an election-leakage error (the BBC 2013 pilot case). Requires manual confirmation before this record can be used. | REVIEW 20260729: 发布者 URL 路径明确包含 2020-11-09。"
NEWS-guardian_api-fea5c9af0783,SCC-2021-05,Uncertain,2020-11-05; 2020-11-07,resolved_human,2020-11-06,url_date,"Conflict is close to, or straddles, the polling-day cutoff or the 180-day window edge - resolving automatically risks an election-leakage error (the BBC 2013 pilot case). Requires manual confirmation before this record can be used. | REVIEW 20260729: 发布者 URL 路径明确包含 2020-11-06。"
