article_id,election_id,source_id,arm,sample_stratum,review_round,deterministic_status,deterministic_note,needs_reform_disambiguation,e4_decision,e5_decision,e6_decision,e8_decision,e4_reason_code,e5_reason_code,e6_reason_code,e8_reason_code,e4_supporting_text,e5_supporting_text,e6_supporting_text,e8_supporting_text,e4_confidence,e5_confidence,e6_confidence,e8_confidence,reviewer_id,original_manual_decision,original_review_timestamp,second_review_required,final_reviewed_decision,correction_reason,final_review_timestamp,reviewer_note,headline,effective_date,day_index_from_polling_day,e4_suggested_hint,article_text_excerpt,article_text_path
NEWS-epsom_ewell_times-03913eed2459,ESWS-2026-05,epsom_ewell_times,local,text:partial|route:site_search|ESWS-2026-05:local,kappa_blind_recheck,pending_human_review,"Clears every mechanically-checkable rule. Still requires the human pass for E4 (result leakage), the L/N relevance test (E5), E6 (Reform disambiguation, if applicable) and E8 (genuine editorial content) before it can count as eligible.",,,,not_applicable,,,,E6-NOT-REFORM-FLAGGED,,,,,,,,,,,,,,,,,,Emily Dalton › Epsom & Ewell Times,2026-04-28,9,read carefully (9 days before polling day - close enough that a dating error could plausibly let leakage through; do not default to E4-CLEAR here),"Surrey’s political map is looking far less predictable than it did five years ago, with Surrey County Council now under no overall control ahead of crucial elections in May 2026. … Read More",data/raw/news/text/NEWS-epsom_ewell_times-03913eed2459.txt
NEWS-google_dated_search-0778ed3ba9e4,ESWS-2026-05,google_dated_search,local,text:missing|route:serpapi|ESWS-2026-05:local,kappa_blind_recheck,pending_human_review,"Clears every mechanically-checkable rule. Still requires the human pass for E4 (result leakage), the L/N relevance test (E5), E6 (Reform disambiguation, if applicable) and E8 (genuine editorial content) before it can count as eligible.",,,,not_applicable,,,,E6-NOT-REFORM-FLAGGED,,,,,,,,,,,,,,,,,,"The 7th May elections are coming 
We begin our campaign by announcing candidates.  
John Payten - Banstead Woodmansterne &amp; Chipstead
Local Elections Matter!!!

  #localelectionsmatter #voteReform #softelection https://t.co/kCR0z9SPhc",2026-04-10,27,"likely E4-CLEAR (27 days before polling day - a genuine result leak would require the DATE itself being wrong, not just a careless read; still confirm by skimming for any reference to a declared result)",(no text stored for this record),
NEWS-google_dated_search-657960f1d419,ESWS-2026-05,google_dated_search,local,route:serpapi|ESWS-2026-05:local,kappa_blind_recheck,pending_human_review,"Clears every mechanically-checkable rule. Still requires the human pass for E4 (result leakage), the L/N relevance test (E5), E6 (Reform disambiguation, if applicable) and E8 (genuine editorial content) before it can count as eligible.",,,,not_applicable,,,,E6-NOT-REFORM-FLAGGED,,,,,,,,,,,,,,,,,,Greens target West Surrey seats in May elections,2026-04-17,20,"likely E4-CLEAR (20 days before polling day - a genuine result leak would require the DATE itself being wrong, not just a careless read; still confirm by skimming for any reference to a declared result)","The Greens are hoping a surge in national support could be reflected locally as they contest seats across West Surrey in the local elections on Thursday, May 7.
They say they are offering “real change from the tired old parties” as they aim to make their presence felt in elections for the new authority.
A total of 78 Green candidates will stand across 43 wards in the West Surrey elections. In all wards in Waverley, Surrey Heath and Guildford, and 10 others, voters will have a full Green slate and can use both their votes for the party.
The party is hoping to build on recent national growth, with more than 900 Green councillors now serving on 194 councils across the country.
Recent national polling has shown the Greens rising to around 21 percent of the vote and, in some surveys, overtaking Labour.
It also currently leads 40 authorities, including Bristol and Mid Suffolk, and says membership has risen to more than 226,000.
Several sitting councillors across West Surrey are standing again, including Steve Williams, Claire Matthes, John Skipper, Alistair Bayliss, Clare Weightman and Steven Ringham.
Mr Williams, the local party spokesperson who is running in the Godalming North ward, said: “I’m delighted to unveil our team of fantastic Green Party candidates ready to represent communities across West Surrey in the council elections on Thursday, May 7.
“We know people are looking for a real change from the tired old parties, and when you vote Green on May 7 you will get hard worki... [truncated, 2148 chars total - full text at data/raw/news/text/NEWS-google_dated_search-657960f1d419.txt]",data/raw/news/text/NEWS-google_dated_search-657960f1d419.txt
NEWS-google_dated_search-7a95dd4d5b7f,ESWS-2026-05,google_dated_search,local,route:serpapi|ESWS-2026-05:local,kappa_blind_recheck,pending_human_review,"Clears every mechanically-checkable rule. Still requires the human pass for E4 (result leakage), the L/N relevance test (E5), E6 (Reform disambiguation, if applicable) and E8 (genuine editorial content) before it can count as eligible.",,,,not_applicable,,,,E6-NOT-REFORM-FLAGGED,,,,,,,,,,,,,,,,,,District Council Election Results - May 2026 - Mole Valley District Council,2026-04-27,10,"likely E4-CLEAR (10 days before polling day - a genuine result leak would require the DATE itself being wrong, not just a careless read; still confirm by skimming for any reference to a declared result)","Home Elections & Voting District Council Election Results – May 2026
The below ward results for Mole Valley will be combined with those from Elmbridge, Epsom & Ewell, Reigate & Banstead and Tandridge to decide which councillors are elected to the new unitary East Surrey Council.
The final results for East Surrey is available on the Future Surrey website .
Hunt, Chris, Ashtead Independents, working with Ashtead Residents and Smith, Andy, Ashtead Independents, working with Ashtead Residents have been elected to represent Ashtead ward on East Surrey Council.
Joseph, Caroline Victoria, Liberal Democrat and Matthews, Andrew Harold, Liberal Democrat have been elected to represent Bookham and Fetcham West ward on East Surrey Council.
Cooksey, Stephen John, Liberal Democrat and Nelson, Bradley Luke, Liberal Democrat have been elected to represent Dorking ward on East Surrey Council.
Magesh, Abhiram, Liberal Democrat and Malcomson, Claire Philomena, Liberal Democrat have been elected to represent Dorking Hills ward on East Surrey Council.
Farrar-Astrop, Jo, Liberal Democrat and van den Bogerd, Dineke, Liberal Democrat have been elected to represent Dorking Rural ward on East Surrey Council.
Thompson, Alan Keith, Liberal Democrat and Waugh, Jolanta, Liberal Democrat have been elected to represent Leatherhead and Fetcham East ward on East Surrey Council.",data/raw/news/text/NEWS-google_dated_search-7a95dd4d5b7f.txt
NEWS-google_dated_search-eef15524394a,ESWS-2026-05,google_dated_search,local,route:serpapi|ESWS-2026-05:local,kappa_blind_recheck,pending_human_review,"Clears every mechanically-checkable rule. Still requires the human pass for E4 (result leakage), the L/N relevance test (E5), E6 (Reform disambiguation, if applicable) and E8 (genuine editorial content) before it can count as eligible.",,,,not_applicable,,,,E6-NOT-REFORM-FLAGGED,,,,,,,,,,,,,,,,,,"Horley West, Salfords & Sidlow – May 7th Election - Reform Party Dorking Horley",2026-04-29,8,read carefully (8 days before polling day - close enough that a dating error could plausibly let leakage through; do not default to E4-CLEAR here),"Andy is a long-serving local councillor, self-employed businessman, and Horley resident who has lived and worked in Horley, Salfords and Sidlow for over 25 years.
He left school at 16 and built a career as a tradesman and small business owner, founding his first flooring business in his early twenties and later running shops locally. He knows first-hand the pressures facing working families and small employers. Alongside this, Andy has spent more than 20 years in public service at the borough and county level, chairing licensing committees and focusing on high streets, community safety, and the everyday issues that matter to residents.
Born in Guildford, William lives on Westvale Park in Horley with his partner and their three young children.
After starting out in IT for a healthcare charity, William retrained and now works as an HGV driver at Gatwick Airport — tough, honest work that gives him daily insight into rising costs, congestion, and the challenges of making ends meet. William is focused on better roads, cleaner public spaces, helping families keep more of what they earn, and ensuring new housing comes with the schools and healthcare facilities that residents need. A local dad using the same services as everyone else, he’s determined to improve quality of life in Horley.
Residents expect decent roads, clean streets, good homes and reliable services.
Reform UK will serve residents, deliver strong services, and make communities proud of their local authority.
Council t... [truncated, 4441 chars total - full text at data/raw/news/text/NEWS-google_dated_search-eef15524394a.txt]",data/raw/news/text/NEWS-google_dated_search-eef15524394a.txt
NEWS-guardian_api-0a2b7642ed1f,ESWS-2026-05,guardian_api,local,reform|ESWS-2026-05:local,kappa_blind_recheck,pending_human_review,"Clears every mechanically-checkable rule. Still requires the human pass for E4 (result leakage), the L/N relevance test (E5), E6 (Reform disambiguation, if applicable) and E8 (genuine editorial content) before it can count as eligible. This record also matched a Reform-related query - E6 manual disambiguation is mandatory before inclusion (protocol requirement, not optional).",yes,,,,,,,,,,,,,,,,,,,,,,,,,Could Lib Dems become the biggest party in English local government?,2026-04-30,7,read carefully (7 days before polling day - close enough that a dating error could plausibly let leakage through; do not default to E4-CLEAR here),"It has been an election buildup dominated by the rise of Reform UK and the Greens, and the contrasting woes of Labour and the Tories. But there is a chance that on 8 May the Liberal Democrats, largely ignored in recent weeks, could wake up as the biggest party in English local government. This is just one of several paradoxes for the party’s leader, Ed Davey, and his team. They are fifth in many national polls, with a rating barely changed from 2024. But Lib Dem bosses are sanguine, convinced that UK politics is now so different, so atomised, to make headline polling almost irrelevant. One senior Lib Dem said: “A lot of people seem to be misreading the way things are going. We think we have some of the answers.” In one sense, the ambitions are familiar. Barring an unexpected change of fortunes, the Lib Dems will increase their total number of councillors for an unprecedented eighth set of local elections in a row. A particularly good night for the party, plus heavy losses for the Conservatives, could result in the Lib Dems overtaking Kemi Badenoch’s party. If Labour fared very badly, there is an outside chance this second place could become first. One party strategist said: “It’s not something we’re necessarily expecting this time – it’s more likely in a year or two. But for all the fuss about Reform, year after year we are quietly making gains. It’s the tortoise and the hare.” Beyond the raw metrics there will be two main gauges of success for the Lib Dems. The first is cons... [truncated, 5537 chars total - full text at data/raw/news/text/NEWS-guardian_api-0a2b7642ed1f.txt]",data/raw/news/text/NEWS-guardian_api-0a2b7642ed1f.txt
NEWS-guardian_api-3e1a289be627,ESWS-2026-05,guardian_api,national,reform|ESWS-2026-05:national,kappa_blind_recheck,pending_human_review,"Clears every mechanically-checkable rule. Still requires the human pass for E4 (result leakage), the L/N relevance test (E5), E6 (Reform disambiguation, if applicable) and E8 (genuine editorial content) before it can count as eligible. This record also matched a Reform-related query - E6 manual disambiguation is mandatory before inclusion (protocol requirement, not optional).",yes,,,,,,,,,,,,,,,,,,,,,,,,,Reform’s ‘Trumpian’ legal threats hint at more aggressive approach to media,2025-11-25,163,"likely E4-CLEAR (163 days before polling day - a genuine result leak would require the DATE itself being wrong, not just a careless read; still confirm by skimming for any reference to a declared result)","“It was Trumpian,” said Mark Mansfield, editor and CEO of Nation.Cymru, a small English-language Welsh news service. “It has perhaps given us a flavour of how a Reform UK government would behave towards the media.” Mansfield is referring to what he described as an attempt by a figure at Nigel Farage’s Reform UK party to “bully” his publication, but he believes a wider lesson might be learned. On 12 November, Nation.Cymru published an article when Reform’s only Welsh parliament member, Laura Anne Jones, was banned from the Senedd chamber for 14 days after using a racial slur to describe Chinese people. The news website named Ed Sumner, now head of communications at Reform, as being one of the recipients of the offensive WhatsApp messages while working for her in August 2023. Sumner’s name had been redacted in a Senedd report on the subject, but as Nation.Cymru had exposed the story – revealing the existence of the WhatsApp messages in the first place a year earlier, and having named Sumner at the time – the news service chose to name him again. On the day of publication, they received a letter from Adam Richardson, a barrister from 4-5 Gray’s Inn Square chambers, who said he was representing Sumner. He accused the news service of “misuse of private information” and “breach of confidence”, as well as breach of the editors’ code. The news service was given two days to take Sumner’s name out of the article, otherwise Richardson said he had been instructed to commence proceedings ... [truncated, 7154 chars total - full text at data/raw/news/text/NEWS-guardian_api-3e1a289be627.txt]",data/raw/news/text/NEWS-guardian_api-3e1a289be627.txt
NEWS-guardian_api-618f23b6319d,ESWS-2026-05,guardian_api,national,reform|ESWS-2026-05:national,kappa_blind_recheck,pending_human_review,"Clears every mechanically-checkable rule. Still requires the human pass for E4 (result leakage), the L/N relevance test (E5), E6 (Reform disambiguation, if applicable) and E8 (genuine editorial content) before it can count as eligible. This record also matched a Reform-related query - E6 manual disambiguation is mandatory before inclusion (protocol requirement, not optional).",yes,,,,,,,,,,,,,,,,,,,,,,,,,‘The City can’t be taken for granted’: how banks won over Rachel Reeves,2025-11-28,160,"likely E4-CLEAR (160 days before polling day - a genuine result leak would require the DATE itself being wrong, not just a careless read; still confirm by skimming for any reference to a declared result)","Over canapés of beef and stilton pie, bone marrow gravy and mushy peas, the financiers at JP Morgan’s New York headquarters held their champagne flutes aloft for a toast: “His majesty the king.” Just days before Rachel Reeves’s budget – amid the chancellor’s efforts to soothe business fears and bond market jitters – Jamie Dimon, the Wall Street banking company’s boss, was hosting a birthday celebration for King Charles at its new $3bn (£2.3bn) Manhattan headquarters. Despite the union jack emblazoned on the skyscraper, the king was not there. Varun Chandra, the prime minister’s envoy, however, was among the 400 guests. Dispatched, according to the Financial Times, to reassure the JP Morgan boss of Labour’s pro-business stance. This week – hours after banks were spared a tax rise in Reeves’s £26bn budget – Dimon unveiled plans to build a 279,000 sq metre (3m sq ft) tower in the Canary Wharf district of London, with a caveat that a “continuing positive business environment in the UK” was required. It is understood that planning issues and long-term considerations are more important for the bank than any one budget. But the episode still highlights how financial services has won a prized status in government, amid ferocious City lobbying to ensure it was one of the few off-limits sectors in Reeves’s smorgasbord tax-raising budget. For months Labour has been rolling out the red carpet for Wall Street and City financiers, amid a far broader campaign to woo bankers and company boss... [truncated, 7484 chars total - full text at data/raw/news/text/NEWS-guardian_api-618f23b6319d.txt]",data/raw/news/text/NEWS-guardian_api-618f23b6319d.txt
NEWS-guardian_api-6af6c539d638,SCC-2021-05,guardian_api,local,SCC-2021-05:local,kappa_blind_recheck,pending_human_review,"Clears every mechanically-checkable rule. Still requires the human pass for E4 (result leakage), the L/N relevance test (E5), E6 (Reform disambiguation, if applicable) and E8 (genuine editorial content) before it can count as eligible.",,,,not_applicable,,,,E6-NOT-REFORM-FLAGGED,,,,,,,,,,,,,,,,,,Michael Bourdeaux obituary,2021-04-16,20,"likely E4-CLEAR (20 days before polling day - a genuine result leak would require the DATE itself being wrong, not just a careless read; still confirm by skimming for any reference to a declared result)","Michael Bourdeaux, who has died aged 87, founded Keston College in Bromley, south-east London, in 1969 as a centre for the study and dissemination of reliable information about religion in communist countries. He described the college in his memoirs as “my concept”, and poured into it his “energy and commitment over a period of 30 years”. It was an organisation that rattled the Soviet authorities; indeed Oleg Gordievsky, the Soviet double agent who once worked for the KGB and escaped to the west in the boot of a car, claimed at a Keston AGM that it was No 2 in the hierarchy of KGB hates, the first being Amnesty International. Why was Keston so disliked? It uncovered unpalatable facts about the true situation of religious believers behind the iron curtain, and it demolished the communist propaganda that there was freedom of conscience in its “brave new world”. The fact that religion persisted undermined party teaching as propounded by leaders such as Nikita Khrushchev, whose 1961 party programme promised that communism would be achieved in 20 years and religion would fade away. In Britain, too, not everyone welcomed Keston: Lambeth Palace, Baptist leaders and the Foreign and Commonwealth Office all shunned it up to the mid-1980s and the advent of Mikhail Gorbachev, because it “rocked the boat” and undermined quiet diplomacy. Yet, while rejecting Soviet misinformation and doublespeak, Bourdeaux also refused to take up an anti-communist crusade: his approach was balanced, even-h... [truncated, 6139 chars total - full text at data/raw/news/text/NEWS-guardian_api-6af6c539d638.txt]",data/raw/news/text/NEWS-guardian_api-6af6c539d638.txt
NEWS-guardian_api-72770f6e1ecd,ESWS-2026-05,guardian_api,national,ESWS-2026-05:national,kappa_blind_recheck,pending_human_review,"Clears every mechanically-checkable rule. Still requires the human pass for E4 (result leakage), the L/N relevance test (E5), E6 (Reform disambiguation, if applicable) and E8 (genuine editorial content) before it can count as eligible.",,,,not_applicable,,,,E6-NOT-REFORM-FLAGGED,,,,,,,,,,,,,,,,,,"Labour movement ‘on the line’ because of Starmer’s mistakes, says union boss – as it happened",2026-01-28,99,"likely E4-CLEAR (99 days before polling day - a genuine result leak would require the DATE itself being wrong, not just a careless read; still confirm by skimming for any reference to a declared result)","Keir Starmer has accused the Reform UK candidate in the Greater Manchester byelection of pursuing the politics of “toxic division” after he refused to disown his claim that UK-born people from minority ethnic backgrounds are not necessarily British. Andrea Egan, the new, leftwing general secretary of Unison, one of the most powerful unions in Labour politics, has claimed that the survival of the labour movement is “on the line” because of the mistakes being made by Keir Starmer. (See 2.11pm.) Centrist ideas are no longer wanted in the Conservative party, Kemi Badenoch has said, arguing that one nation-type Tories or others who have qualms about her rightward direction for the party “need to get out of the way”. For a full list of all the stories covered on the blog today, do scroll through the list of key event headlines near the top of the blog. Pippa Crerar is the Guardian’s political editor, in China covering the PM’s visit. Keir Starmer has said the government has yet to decide whether to allow a Chinese company to suppy turbines for a major windfarm in the North Sea. As Eleni Courea reported last year, the government is in discussions with Green Volt North Sea over whether Mingyang, China’s biggest offshore wind company, should supply the wind turbines. There are concerns in government about a Chinese government having a role in critical infrastructure of this kind. Asked about this plan, Starmer told reporters: No decision has been made in relation to Mingyang. There’s ... [truncated, 41490 chars total - full text at data/raw/news/text/NEWS-guardian_api-72770f6e1ecd.txt]",data/raw/news/text/NEWS-guardian_api-72770f6e1ecd.txt
NEWS-guardian_api-7cf057334d25,SCC-2021-05,guardian_api,national,SCC-2021-05:national,kappa_blind_recheck,pending_human_review,"Clears every mechanically-checkable rule. Still requires the human pass for E4 (result leakage), the L/N relevance test (E5), E6 (Reform disambiguation, if applicable) and E8 (genuine editorial content) before it can count as eligible.",,,,not_applicable,,,,E6-NOT-REFORM-FLAGGED,,,,,,,,,,,,,,,,,,When and how will I get a Covid vaccine in the UK?,2021-01-18,108,"likely E4-CLEAR (108 days before polling day - a genuine result leak would require the DATE itself being wrong, not just a careless read; still confirm by skimming for any reference to a declared result)","When and how will I be able to get a Covid vaccine? The government’s Joint Committee on Vaccination and Immunisation (JCVI) says its priority is to prevent Covid-related deaths and protect health and social care staff and systems. Elderly care home residents and their carers are first on the JCVI’s list because their risk of exposure to the virus is higher and because the risk of death closely correlates with older age. They are followed in priority by anyone else over 80 and frontline health and social care workers. Next come those aged 75 and over, then those aged 70 and over – plus clinically extremely vulnerable individuals. The goal is for everyone in these groups to have been offered a first vaccine dose by 15 February, with second doses to be given up to 12 weeks later. However, Public Health England’s head of immunisation has said that if infection data showed vulnerable groups, such as the over-80s, were well protected by their first shot, then second doses could be delayed to get a first jab to younger people as well. Next in line to be vaccinated is everyone over the age of 65, then those aged 16-64 who are at high risk of serious illness or death from Covid-19 because of underlying health conditions. After this, vaccinators will incrementally work their way down the age groups until everyone over 50 has received a jab. The second group comprises 17 million people across the UK, which would take a further seven weeks to Easter on 4 April if the target of 2m jabs a ... [truncated, 8437 chars total - full text at data/raw/news/text/NEWS-guardian_api-7cf057334d25.txt]",data/raw/news/text/NEWS-guardian_api-7cf057334d25.txt
NEWS-guardian_api-83ef92c038ec,ESWS-2026-05,guardian_api,national,reform|ESWS-2026-05:national,kappa_blind_recheck,pending_human_review,"Clears every mechanically-checkable rule. Still requires the human pass for E4 (result leakage), the L/N relevance test (E5), E6 (Reform disambiguation, if applicable) and E8 (genuine editorial content) before it can count as eligible. This record also matched a Reform-related query - E6 manual disambiguation is mandatory before inclusion (protocol requirement, not optional).",yes,,,,,,,,,,,,,,,,,,,,,,,,,Reform UK claim to have saved £331m at English councils – but do the numbers stack up?,2025-11-24,164,"likely E4-CLEAR (164 days before polling day - a genuine result leak would require the DATE itself being wrong, not just a careless read; still confirm by skimming for any reference to a declared result)","Reform UK has ignored requests to share the evidence for its claim to have saved £331m since it took charge of 10 English councils in May, prompting questions over whether the figure is true. The party has boasted that it had achieved £331m worth of savings at English councils it controls. Warning of a “blob” of vested interests devoted to “ripping off” taxpayers, Richard Tice, the new head of the party’s self-styled ‘Doge’ cost-cutting unit, added: “We’re going to war with these people”. Yet on closer analysis, examples of supposed savings at councils ranging from Durham to its “showcase” Kent appear questionable. In some cases, credit is claimed for initiatives already set in train by predecessors. When the supposed savings initiatives described by Reform are totted up, there is still an unexplained shortfall of £260m. Reform’s press team repeatedly told the Guardian that a full list detailing the £331m in savings had been produced and would be shared. But despite numerous requests since Monday, it has not been provided. Local government experts say it was always going to be a struggle for Reform to identify wasted spending that could be cut without signifiant trade-offs in services. “They are not coming into this at a point where everyone else has sat idly by until now,” said Stuart Hoddinott, associate director of the public services team at the Institute for Government (IfG). There are potential ways of making local government more efficient, he added, but they would mos... [truncated, 9839 chars total - full text at data/raw/news/text/NEWS-guardian_api-83ef92c038ec.txt]",data/raw/news/text/NEWS-guardian_api-83ef92c038ec.txt
NEWS-guardian_api-8895d5bce749,SCC-2013-05,guardian_api,local,SCC-2013-05:local,kappa_blind_recheck,pending_human_review,"Clears every mechanically-checkable rule. Still requires the human pass for E4 (result leakage), the L/N relevance test (E5), E6 (Reform disambiguation, if applicable) and E8 (genuine editorial content) before it can count as eligible.",,,,not_applicable,,,,E6-NOT-REFORM-FLAGGED,,,,,,,,,,,,,,,,,,Oxford Media Convention programme,2012-11-13,170,"likely E4-CLEAR (170 days before polling day - a genuine result leak would require the DATE itself being wrong, not just a careless read; still confirm by skimming for any reference to a declared result)","09.00 Registration and coffee 09.30 Introduction and Welcome James Purnell, chair, IPPR 09.40 Opening Keynote Speech and brief Q&amp;A Ed Vaizey MP, minister for culture, communications and creative industries Chair: James Purnell, chair, IPPR 10.10 Plenary Keynote Panel 1: Regulating Journalism: Is it possible to balance freedom and accountability? Has the Leveson Inquiry and political and industry response to it, left us with system that will command public trust, raise press standards and allow journalism to flourish in the future? Chair: Jon Snow, presenter, Channel 4 News John Horgan, press ombudsman, Press Council for Ireland Lord David Hunt, chairman, Press Complaints Commission Lord David Puttnam Agnes Callamard, executive director, Article 19 Hugh Tomlinson QC 11.15 Coffee break 11.30 -12.30 Plenary Keynote Panel 2: Left out of Leveson: plurality, viability and innovation in a converged media landscape • Many parts of the media industry are under extreme economic pressure, so how can we ensure that we retain a diverse and vibrant sector which is economically viable? • How do we ensure there is a plurality of ownership in the current environment? • Leveson did not go into questions of limiting market share – how should we be governing this issue in the future? • What is the future for traditional media such as print and linear television? • Is there a place of high quality journalism in a converged media world? Chair: Justin Webb David Elstein Robert Shrimsley, managi... [truncated, 3550 chars total - full text at data/raw/news/text/NEWS-guardian_api-8895d5bce749.txt]",data/raw/news/text/NEWS-guardian_api-8895d5bce749.txt
NEWS-guardian_api-8aadc09fa9eb,SCC-2013-05,guardian_api,national,text:missing|SCC-2013-05:national,kappa_blind_recheck,pending_human_review,"Clears every mechanically-checkable rule. Still requires the human pass for E4 (result leakage), the L/N relevance test (E5), E6 (Reform disambiguation, if applicable) and E8 (genuine editorial content) before it can count as eligible.",,,,not_applicable,,,,E6-NOT-REFORM-FLAGGED,,,,,,,,,,,,,,,,,,Ukip leader demands foster children be returned to couple - video,2012-11-25,158,"likely E4-CLEAR (158 days before polling day - a genuine result leak would require the DATE itself being wrong, not just a careless read; still confirm by skimming for any reference to a declared result)",(no text stored for this record),
NEWS-guardian_api-8e547ee6efe6,ESWS-2026-05,guardian_api,local,reform|ESWS-2026-05:local,kappa_blind_recheck,pending_human_review,"Clears every mechanically-checkable rule. Still requires the human pass for E4 (result leakage), the L/N relevance test (E5), E6 (Reform disambiguation, if applicable) and E8 (genuine editorial content) before it can count as eligible. This record also matched a Reform-related query - E6 manual disambiguation is mandatory before inclusion (protocol requirement, not optional).",yes,,,,,,,,,,,,,,,,,,,,,,,,,UK politics: Farage insults female reporter as Braverman says Reform UK wants to scrap Equality Act – as it happened,2026-02-17,79,"likely E4-CLEAR (79 days before polling day - a genuine result leak would require the DATE itself being wrong, not just a careless read; still confirm by skimming for any reference to a declared result)","Nigel Farage has unveiled the first part of Reform UK’s frontbench team, saying it shows that the party is no longer reliant entirely on him – while also warning that he will not tolerate any dissent from his colleagues. Keir Starmer is facing a mass resignation of Labour councillors in one of England’s poorest areas over a “betrayal” of funding for children in care. Unemployment in the UK has risen to 5.2%, the highest level in nearly five years, while wage growth continues to slow, raising the prospect of another cut to interest rates in the spring. A Cheshire council leader is being urged to resign after it emerged he had written a letter backing a new town of 20,000 homes for the area, which led to it being listed on the government’s list of proposed sites and has since sparked a huge backlash. For a full list of all the stories covered on the blog today, do scroll through the list of key event headlines near the top of the blog. Here is John Crace’s sketch of Nigel Farage’s press conference. And here is an extract. Meet the Fockers. The shadow cabinet from hell. Rejects, losers and deadbeats. A freak show. A tribute act. Reform have often been called a one-man band. The Nigel Farage party. So to counter this narrative, Nige took over Church House in Westminster and turned it into a tacky gameshow set. A remake of The Weakest Link. All to parade his new top team. The lucky men and women whose one job is to try not to fall out with one another in the next few years. No cha... [truncated, 47673 chars total - full text at data/raw/news/text/NEWS-guardian_api-8e547ee6efe6.txt]",data/raw/news/text/NEWS-guardian_api-8e547ee6efe6.txt
NEWS-guardian_api-8f8e97810c4d,SCC-2021-05,guardian_api,local,SCC-2021-05:local,kappa_blind_recheck,pending_human_review,"Clears every mechanically-checkable rule. Still requires the human pass for E4 (result leakage), the L/N relevance test (E5), E6 (Reform disambiguation, if applicable) and E8 (genuine editorial content) before it can count as eligible.",,,,not_applicable,,,,E6-NOT-REFORM-FLAGGED,,,,,,,,,,,,,,,,,,Covid rules out Boxing Day hunts and parades amid uncertain future,2020-12-26,131,"likely E4-CLEAR (131 days before polling day - a genuine result leak would require the DATE itself being wrong, not just a careless read; still confirm by skimming for any reference to a declared result)","Traditional Boxing Day hunts across large parts of the UK have been cancelled due to coronavirus restrictions, with those going ahead elsewhere not parading through town centres prior to their yuletide meet this year for the first time in recent history. The centuries-old activity faces an uncertain future after a number of landowners suspended hunting with hounds on their property amid controversy over private video seminars held this summer by hunting’s executive body, which were infiltrated by activist group the Hunt Saboteurs who claimed they discussed how to create a “smokescreen” for illegal hunting. Forestry England, the National Trust, the Lake District national park, United Utilities, Natural Resources Wales and the Malvern Hills Trust all prohibited trail hunting after police launched an investigation into the footage after the revelations by ITV and the Times. Peterborough city council also banned hunting with hounds on its land in a symbolic vote, despite the Countryside Alliance warning it would set “a dangerous precedent” that could help trigger a domino effect imperilling “large numbers of hunts”. The decision came after Nottingham county council made a similar decision last year, with Cheshire West and Chester council’s executive under pressure to follow suit, while the owner of clothing retailer H&amp;M barred hunts from his 19,000 acres of land across Wiltshire, Berkshire and Hampshire after allegations were made recently about the local hunt. The Ministry o... [truncated, 4757 chars total - full text at data/raw/news/text/NEWS-guardian_api-8f8e97810c4d.txt]",data/raw/news/text/NEWS-guardian_api-8f8e97810c4d.txt
NEWS-guardian_api-95d73413bd9b,SCC-2017-05,guardian_api,national,SCC-2017-05:national,kappa_blind_recheck,pending_human_review,"Clears every mechanically-checkable rule. Still requires the human pass for E4 (result leakage), the L/N relevance test (E5), E6 (Reform disambiguation, if applicable) and E8 (genuine editorial content) before it can count as eligible.",,,,not_applicable,,,,E6-NOT-REFORM-FLAGGED,,,,,,,,,,,,,,,,,,Farage: Boris Johnson comments to blame for Trump snubbing UK,2016-11-11,174,"likely E4-CLEAR (174 days before polling day - a genuine result leak would require the DATE itself being wrong, not just a careless read; still confirm by skimming for any reference to a declared result)","Nigel Farage has redoubled his efforts to become irritant-in-chief to British ministers in the wake of Donald Trump’s election by suggesting their earlier criticisms of the president-elect could have meant he delayed speaking to Theresa May. A day after joking in a radio interview about the idea of Trump sexually assaulting May, Farage said disparaging words from Boris Johnson during the election campaign could have played a part in the delay. Trump and May spoke by phone on Thursday afternoon, but not before the winner of the US presidential election had talked to 10 other world leaders. Asked whether this was a worry for the UK, Farage told the Press Association: “Well, you have to face the facts that there are some very senior members of this administration who have said some very rude things about him.” Pressed if the delayed call was connected to this, Farage said: “You’d have to draw your own conclusions on that. But this president is instinctively Anglophile.” Farage criticised the earlier attacks on Trump by the foreign secretary, PA said. When he was still mayor of London, Johnson had condemned Trump for saying parts of the city were “no-go areas” for police, calling him “clearly out of his mind”. Farage is currently in Florida on a private visit. While some reports have said he hopes to see Trump, for whom he was a warm-up speaker at one campaign event, Farage said he has no plans for the two to meet. Speaking to to TalkRadio from Spain on Thursday before flying to ... [truncated, 2024 chars total - full text at data/raw/news/text/NEWS-guardian_api-95d73413bd9b.txt]",data/raw/news/text/NEWS-guardian_api-95d73413bd9b.txt
NEWS-guardian_api-991f8d5613ca,ESWS-2026-05,guardian_api,national,reform|ESWS-2026-05:national,kappa_blind_recheck,pending_human_review,"Clears every mechanically-checkable rule. Still requires the human pass for E4 (result leakage), the L/N relevance test (E5), E6 (Reform disambiguation, if applicable) and E8 (genuine editorial content) before it can count as eligible. This record also matched a Reform-related query - E6 manual disambiguation is mandatory before inclusion (protocol requirement, not optional).",yes,,,,,,,,,,,,,,,,,,,,,,,,,Shabana Mahmood warns Labour MPs ‘dark forces are stirring up anger’ over migration,2025-11-16,172,"likely E4-CLEAR (172 days before polling day - a genuine result leak would require the DATE itself being wrong, not just a careless read; still confirm by skimming for any reference to a declared result)","Shabana Mahmood has warned Labour MPs that “dark forces are stirring up anger” over migration, amid growing alarm among senior party figures over the most sweeping overhaul of refugee rights in a generation. On Monday, Mahmood will announce controversial new laws to overhaul refugee status, which must be reassessed every two years, as well as curbing asylum appeals and toughening the approach to rights to family life. The home secretary warned in an article for the Guardian that anger about illegal migration could turn on second-generation immigrants such as her and rupture community relations. “I know that a country without secure borders is a less safe country for those who look like me,” she said. But the Guardian understands the harshness of Mahmood’s plans has led to significant unease among senior Labour aides and ministers, with at least one on resignation watch. Two said they were particularly concerned about the plans to ramp up deportations of refugee families, including those with children. Charities warned it would risk “another Windrush scandal” and leave refugees in near-permanent limbo, with children liable to be unrooted from schools and adults unable to build careers, and make integration harder. The home secretary will announce three new safe routes for refugees to legally come to the UK from war-torn countries such as Sudan and Eritrea, but even the status of those refugees will be under constant review. Mahmood confirmed on Sunday that refugees would be li... [truncated, 8239 chars total - full text at data/raw/news/text/NEWS-guardian_api-991f8d5613ca.txt]",data/raw/news/text/NEWS-guardian_api-991f8d5613ca.txt
NEWS-guardian_api-9d878eaf6734,ESWS-2026-05,guardian_api,local,reform|ESWS-2026-05:local,kappa_blind_recheck,pending_human_review,"Clears every mechanically-checkable rule. Still requires the human pass for E4 (result leakage), the L/N relevance test (E5), E6 (Reform disambiguation, if applicable) and E8 (genuine editorial content) before it can count as eligible. This record also matched a Reform-related query - E6 manual disambiguation is mandatory before inclusion (protocol requirement, not optional).",yes,,,,,,,,,,,,,,,,,,,,,,,,,UK politics: Reform UK suspends mayoral candidate after he described Jewish security group as ‘cosplayers’ – as it happened,2026-03-24,44,"likely E4-CLEAR (44 days before polling day - a genuine result leak would require the DATE itself being wrong, not just a careless read; still confirm by skimming for any reference to a declared result)","Rachel Reeves has ruled out universal support to deal with any future rise in energy bills, saying any government help would be targeted, and criticised the support offered by Liz Truss’s government as unaffordable and irresponsible. Ministers have said expanding North Sea drilling would put the UK at further risk from volatile fossil fuel markets, amid calls from the Conservatives and some Labour MPs to breach the manifesto pledge of no new oil and gas licences. Reform UK has suspended one of its key mayoral candidates after he described members of a Jewish neighbourhood watch group as “cosplayers” and likened them to “Islamists on horseback”. Ed Davey has accused Reform UK and the Conservatives of importing “Trump-style divisive politics” as he launched the Liberal Democrats’ 7 May local elections campaign, promising the party would focus on “fixing things for your community”. Labour lost significant numbers of white working-class voters to the Greens in Gorton and Denton, the party’s postmortem has concluded, after it came third in the Greater Manchester byelection last month. Defence manufacturers are going bust while others have been left in “paralysis” and “bleeding cash” as they wait for a long-delayed UK military spending plan for the next decade, MPs have heard. Men and boys need as much protection as women and girls from harmful influencers and “the worst parts of the internet”, a group of MPs have told Ofcom as they called for the regulator to give specific guidanc... [truncated, 44610 chars total - full text at data/raw/news/text/NEWS-guardian_api-9d878eaf6734.txt]",data/raw/news/text/NEWS-guardian_api-9d878eaf6734.txt
NEWS-guardian_api-a5417b0cdeb9,SCC-2017-05,guardian_api,national,SCC-2017-05:national,kappa_blind_recheck,pending_human_review,"Clears every mechanically-checkable rule. Still requires the human pass for E4 (result leakage), the L/N relevance test (E5), E6 (Reform disambiguation, if applicable) and E8 (genuine editorial content) before it can count as eligible.",,,,not_applicable,,,,E6-NOT-REFORM-FLAGGED,,,,,,,,,,,,,,,,,,Hunt says four-hour A&E target only meant for urgent cases - as it happened,2017-01-09,115,"likely E4-CLEAR (115 days before polling day - a genuine result leak would require the DATE itself being wrong, not just a careless read; still confirm by skimming for any reference to a declared result)","Jeremy Hunt, the health secretary, has told MPs that up to 30% of people using A&amp;E departments do not need emergency care and that he would like some of them to be directed elsewhere. In a statement to MPs, he also said the four-hour A&amp;E target was only supposed to apply to genuine emergencies - not to people using A&amp;E unnecessary. (See 4.45pm.) He said that, to help some hospitals cope with the current demand, some non-urgent operations may be cancelled and GPs released for urgent care work. (See 4.58pm.) Responding to him for Labour, the shadow health secretary Jonathan Ashworth said: I know La La Land did well at the Golden Globes last night - I didn’t realise the secretary of state was living there. Perhaps that’s where he has been all weekend. Can he now confirm that the NHS is facing a winter crisis and the blame for this lies at the door of No10 Downing Street? Does the secretary of state agree it was a monumental error to ignore the pleas for extra support for social care in the autumn statement a few weeks ago? Will he now support calls to bring forward the extra £700m allocated for 2019? Will he bring that forward now to help social care? Theresa May has suggested the media are responsible for a slump in the value of the pound by wrongly claiming her views about Britain leaving the EU equate to a hard Brexit. Martin McGuinness, Northern Ireland’s deputy first minister, is to resign from office in protest over his power-sharing partner’s handling of a bun... [truncated, 55855 chars total - full text at data/raw/news/text/NEWS-guardian_api-a5417b0cdeb9.txt]",data/raw/news/text/NEWS-guardian_api-a5417b0cdeb9.txt
NEWS-guardian_api-bf26d97344d9,SCC-2013-05,guardian_api,national,SCC-2013-05:national,kappa_blind_recheck,pending_human_review,"Clears every mechanically-checkable rule. Still requires the human pass for E4 (result leakage), the L/N relevance test (E5), E6 (Reform disambiguation, if applicable) and E8 (genuine editorial content) before it can count as eligible.",,,,not_applicable,,,,E6-NOT-REFORM-FLAGGED,,,,,,,,,,,,,,,,,,Councils need to plan for financial future to avoid going over the edge,2012-12-06,147,"likely E4-CLEAR (147 days before polling day - a genuine result leak would require the DATE itself being wrong, not just a careless read; still confirm by skimming for any reference to a declared result)","Grant Thornton's second national review of the financial health of local government, based on a sample of English local authorities, examined all aspects of local authority financial performance: strategic planning, governance, financial controls and key indicators of performance. This included budgeting from 2011-12 right up to 2013-14. Most local authorities in our sample were able to deliver against their 2011-12 budgets thanks to the effective leadership of senior management and elected members. In fact, there has been a slight improvement on previous years. Reserve balances, in particular, have grown, reflecting a better than expected performance in delivering budgets and prudent planning for an uncertain future. With even more challenging financial times to come we would expect local authorities to plan ahead and maintain appropriate reserve levels. It is the right thing to do. However, the quality of strategic financial planning was the exception to this overall trend, with uncertainty beyond March 2013 a problem for councils. Authorities should improve their scenario planning, and the sensitivity analysis underpinning their financial models. We found that confidence for the medium term is understandably lower than a year ago, with the majority of the government's fiscal consolidation plans still to be delivered over the next two-and-a-half years. The chancellor's announcements in this week's autumn statement, which confirmed local authorities will face a funding reduc... [truncated, 2586 chars total - full text at data/raw/news/text/NEWS-guardian_api-bf26d97344d9.txt]",data/raw/news/text/NEWS-guardian_api-bf26d97344d9.txt
NEWS-guardian_api-c06ac8209ebb,SCC-2013-05,guardian_api,local,SCC-2013-05:local,kappa_blind_recheck,pending_human_review,"Clears every mechanically-checkable rule. Still requires the human pass for E4 (result leakage), the L/N relevance test (E5), E6 (Reform disambiguation, if applicable) and E8 (genuine editorial content) before it can count as eligible.",,,,not_applicable,,,,E6-NOT-REFORM-FLAGGED,,,,,,,,,,,,,,,,,,Expert round up: councils and local energy schemes,2013-03-02,61,"likely E4-CLEAR (61 days before polling day - a genuine result leak would require the DATE itself being wrong, not just a careless read; still confirm by skimming for any reference to a declared result)","Matt Hastings is project manager of Cornwall Together, a collective switching scheme conceived by the Eden Project Should councils be leading or supporting local energy schemes? There is a risk that collective purchasing could become political. Energy switching should not be political. It should be about everyone, and if we are to really help those who need it we need to work with each other in a cross-sector approach. The literacy bit is crucial when it comes to promoting projects: That's where the Eden Project came in. As an education charity they have skills around narrative creation. Ultimately, for most people the story of energy is not interesting, so it needs to be written about in an engaging way. Clare Feeney-Johnson is deputy council leader at South Lakeland district council We need to get to the heart of our community: We should engage with real people who have saved money on their energy bills. We ran a series of roadshows last year throughout the district and found face to face meetings with local people really helped them understand and engage with what we are doing. Does the green deal address everyone's needs? My concern over the green deal is that it only addresses the needs of those members of the community that can afford it. People who live either on or just above the fuel poverty line are unlikely, in my view, to add additional debt burden to their fuel bills. Graham Ayling is communities manager at the Energy Saving Trust Communities and local authoritie... [truncated, 4814 chars total - full text at data/raw/news/text/NEWS-guardian_api-c06ac8209ebb.txt]",data/raw/news/text/NEWS-guardian_api-c06ac8209ebb.txt
NEWS-guardian_api-c726af230abd,SCC-2017-05,guardian_api,national,SCC-2017-05:national,kappa_blind_recheck,pending_human_review,"Clears every mechanically-checkable rule. Still requires the human pass for E4 (result leakage), the L/N relevance test (E5), E6 (Reform disambiguation, if applicable) and E8 (genuine editorial content) before it can count as eligible.",,,,not_applicable,,,,E6-NOT-REFORM-FLAGGED,,,,,,,,,,,,,,,,,,Revealed: dozens of children still treated on adult psychiatric wards,2016-11-13,172,"likely E4-CLEAR (172 days before polling day - a genuine result leak would require the DATE itself being wrong, not just a careless read; still confirm by skimming for any reference to a declared result)","Dozens of children and young people with mental health problems are still being treated on wards containing adults with sometimes severe psychiatric problems despite ministers having supposedly outlawed the practice in 2010, the Guardian can reveal. Mental health campaigners condemned the persistence of the problem and said it was completely unacceptable for vulnerable minors to be subjected to what many find a “terrifying” experience. The Liberal Democrat health spokesman Norman Lamb, who had responsibility for mental health care in the coalition government, said putting children on adult wards was scandalous and must be ended at once. Official figures from mental health hospitals collated by NHS Digital, the health service’s statistical arm, show that 47 children and young people aged 17 or under were treated on adult psychiatric wards in July. Of those, 21 were aged 17, another 18 were 16 and the other eight were aged 15 or under. There is particular anxiety that under-16s are still receiving treatment in adult settings as the government made clear six years ago that this should never happen. Gordon Brown’s Labour administration placed the “age-appropriate environment duty” on NHS mental heath trusts in April 2010 in a bid to end a practice that parents, charities, MPs and the children’s commissioner for England had criticised as unpleasant and traumatising for children. “The simple truth is that this has to end completely. It’s scandalous that the practice continues. It i... [truncated, 5412 chars total - full text at data/raw/news/text/NEWS-guardian_api-c726af230abd.txt]",data/raw/news/text/NEWS-guardian_api-c726af230abd.txt
NEWS-guardian_api-d12e8db585f0,ESWS-2026-05,guardian_api,local,ESWS-2026-05:local,kappa_blind_recheck,pending_human_review,"Clears every mechanically-checkable rule. Still requires the human pass for E4 (result leakage), the L/N relevance test (E5), E6 (Reform disambiguation, if applicable) and E8 (genuine editorial content) before it can count as eligible.",,,,not_applicable,,,,E6-NOT-REFORM-FLAGGED,,,,,,,,,,,,,,,,,,Flawed council shake-up plans will not deliver savings | Letters,2026-02-24,72,"likely E4-CLEAR (72 days before polling day - a genuine result leak would require the DATE itself being wrong, not just a careless read; still confirm by skimming for any reference to a declared result)","Polly Toynbee is correct to point out the foolishness of a massive local government reorganisation, given other priorities (Is No 10 seeking its own destruction? Why else would it botch its council plans and hand a victory to Farage?, 18 February). What she does not mention is that this reorganisation will lead to a large increase in inequality. The district councils that are being abolished are rising from the ashes as town and parish councils and, unlike other councils, they can set their own precept and cannot be capped. The largest town councils have budgets of more than £5m and more than 124 parish councils have budgets of over £1m. These councils tend to be in the wealthier suburban and rural areas, and can protect their residents from austerity, unlike residents of large, disadvantaged urban areas. If you live in an area with a parish council, you will have a good library, open spaces and playgrounds will be well maintained, and you will have a thriving youth club. If you do not, your library will have closed and your playground will be covered in glass where the teenagers drink on a Saturday night following the closure of their youth club. The government is giving grants to disadvantaged areas, but they will revert to their previous state within a few years due to a lack of local government funding. Despite the warm words from the chancellor, the cuts continue. David Kennedy Menston, West Yorkshire • The government seems bent on replacing one broken system with anothe... [truncated, 5492 chars total - full text at data/raw/news/text/NEWS-guardian_api-d12e8db585f0.txt]",data/raw/news/text/NEWS-guardian_api-d12e8db585f0.txt
NEWS-guardian_api-d734bd6244d8,SCC-2021-05,guardian_api,local,SCC-2021-05:local,kappa_blind_recheck,pending_human_review,"Clears every mechanically-checkable rule. Still requires the human pass for E4 (result leakage), the L/N relevance test (E5), E6 (Reform disambiguation, if applicable) and E8 (genuine editorial content) before it can count as eligible.",,,,not_applicable,,,,E6-NOT-REFORM-FLAGGED,,,,,,,,,,,,,,,,,,UK coronavirus live: MPs pass new lockdown laws by 524-16 as daily death toll hits second wave high – as it happened,2021-01-06,120,"likely E4-CLEAR (120 days before polling day - a genuine result leak would require the DATE itself being wrong, not just a careless read; still confirm by skimming for any reference to a declared result)","That is all from us tonight folks. To see how your MP voted, visit our interactive If you would like more live updates from the UK and around the world, please follow our continuing coronavirus coverage at our global liveblog. Here is a list of the 16 MPs who voted against the measures, according to the CommonsVotes app. Conservative: 12 Graham Brady, MP for Altrincham and Sale West Philip Davies, MP for Shipley Richard Drax, MP for south Dorset Karl McCartney, MP for Lincoln Stephen McPartland, MP for Stevenage Esther McVey, MP for Tatton Anne Marie Morris, MP for Newton Abbot Andrew Rosindell, MP for Romford Desmond Swayne, MP for New Forest West Robert Syms, MP for Poole Charles Walker, MP for Broxbourne David Warburton, MP for Somerton and Frome DUP: 4 Sammy Wilson, MP for east Antrim Paul Girvan, MP for south Antrim Carla Lockhart, MP for Upper Bann Ian Paisley, MP for north Antrim The division list showed 12 Tory MPs voted against the regulations enabling a third national lockdown in England. They were joined by four DUP MPs opposing the regulations. Business leaders have been thanked for their efforts in helping to keep the country going through the Covid-19 crisis, in a call with the prime minister and chancellor. Alok Sharma, the business secretary, and Liz Truss, the trade secretary, also joined the call alongside Boris Johnson and Rishi Sunak, a spokesperson said. He said Johnson started the conversation with 250 executives by “recognising 2020 has been a tough yea... [truncated, 58513 chars total - full text at data/raw/news/text/NEWS-guardian_api-d734bd6244d8.txt]",data/raw/news/text/NEWS-guardian_api-d734bd6244d8.txt
NEWS-guardian_api-db8e86d23fa5,ESWS-2026-05,guardian_api,local,reform|ESWS-2026-05:local,kappa_blind_recheck,pending_human_review,"Clears every mechanically-checkable rule. Still requires the human pass for E4 (result leakage), the L/N relevance test (E5), E6 (Reform disambiguation, if applicable) and E8 (genuine editorial content) before it can count as eligible. This record also matched a Reform-related query - E6 manual disambiguation is mandatory before inclusion (protocol requirement, not optional).",yes,,,,,,,,,,,,,,,,,,,,,,,,,Ed Davey accuses Reform UK and Tories of importing ‘Trump-style divisive politics’,2026-03-24,44,"likely E4-CLEAR (44 days before polling day - a genuine result leak would require the DATE itself being wrong, not just a careless read; still confirm by skimming for any reference to a declared result)","Ed Davey has accused Reform UK and the Conservatives of importing “Trump-style divisive politics” as he launched the Liberal Democrats’ 7 May local elections campaign, promising the party would focus on “fixing things for your community”. He also raised concerns that energy bill support being considered by the UK government would not include people on middle incomes who he said were being “hammered” by price rises caused by the war on Iran. Davey’s party is hoping to build on its success last year when it beat the Conservatives into third place by winning more than 160 new seats, which were taken almost entirely at their expense. Lib Dem candidates are to focus on tested issues, including cleaning up local rivers polluted by sewage. The other two main planks of their platform for the 7 May election are on improving local health services and cutting energy bills. Calling for a “targeted” government response to those struggling with energy bills, Davey said he was worried Labour was not thinking about people on middle and modest incomes who would struggle with a potential £500 rise in energy bills on top of a rise in mortgage costs and petrol price rises. “So the government’s got to think more widely. Yet no one wants the richest people to get money that they need, and that was a big mistake of Liz Truss, who wasted a lot of money,” he added. At the party’s launch event in the village of East Horsley, Surrey, Davey opened his speech by saying the Tory leader, Kemi Badenoch, had... [truncated, 3159 chars total - full text at data/raw/news/text/NEWS-guardian_api-db8e86d23fa5.txt]",data/raw/news/text/NEWS-guardian_api-db8e86d23fa5.txt
NEWS-guardian_api-de14fda465d9,SCC-2021-05,guardian_api,local,SCC-2021-05:local,kappa_blind_recheck,pending_human_review,"Clears every mechanically-checkable rule. Still requires the human pass for E4 (result leakage), the L/N relevance test (E5), E6 (Reform disambiguation, if applicable) and E8 (genuine editorial content) before it can count as eligible.",,,,not_applicable,,,,E6-NOT-REFORM-FLAGGED,,,,,,,,,,,,,,,,,,"I've been unfairly targeted, says academic at heart of National Trust 'woke' row",2020-12-20,137,"likely E4-CLEAR (137 days before polling day - a genuine result leak would require the DATE itself being wrong, not just a careless read; still confirm by skimming for any reference to a declared result)","The academic at the centre of an escalating row over the National Trust’s efforts to explore links between its properties and colonialism has warned of a “political agenda” to “misrepresent, mischaracterise, malign and intimidate” those involved in the project. Professor Corinne Fowler has drawn comparisons between the vilification of academics, including herself, and attacks by climate-crisis deniers on scientists warning about global heating. She suggested they were a product of social tension. “We are living in times of upheaval, when life feels fragile and uncertain. In this fraught environment, it is easy to incite hatred or disdain by misrepresenting the work and motivations of academics and curators. It is also true that the levels of intolerance and hostilities towards outsiders and those we consider as the ‘other’ have risen in the past few years.” The Common Sense Group of more than 50 Tory MPs was angered by a 115-page interim report entitled Connections between Colonialism and Properties now in the Care of the National Trust, Including Links With Historic Slavery, commissioned by the trust and published in September. Co-edited by Fowler, it highlighted that 93 trust properties, including Clandon Park in Surrey and Hare Hill in Cheshire, were linked to wealth from plantations and the slave trade, while others, such as Bateman’s, Rudyard Kipling’s home in Sussex, were important to understanding Britain’s colonial history. Many of the MPs and several rightwing histor... [truncated, 6000 chars total - full text at data/raw/news/text/NEWS-guardian_api-de14fda465d9.txt]",data/raw/news/text/NEWS-guardian_api-de14fda465d9.txt
NEWS-guardian_api-e186393fdd3f,SCC-2013-05,guardian_api,local,SCC-2013-05:local,kappa_blind_recheck,pending_human_review,"Clears every mechanically-checkable rule. Still requires the human pass for E4 (result leakage), the L/N relevance test (E5), E6 (Reform disambiguation, if applicable) and E8 (genuine editorial content) before it can count as eligible.",,,,not_applicable,,,,E6-NOT-REFORM-FLAGGED,,,,,,,,,,,,,,,,,,"Hugh Muir's diary: The dirtiest modern election? Yes, says Tatchell, I remember it well",2013-02-21,70,"likely E4-CLEAR (70 days before polling day - a genuine result leak would require the DATE itself being wrong, not just a careless read; still confirm by skimming for any reference to a declared result)","• As eyes focus on the Eastleigh byelection, a reminder that these contests weren't always so decorous. Those with long memories recall Bermondsey in 1983, when Peter Tatchell, the Labour candidate, was undone by sharks and homophobes. The 30th anniversary falls on Sunday. The Sun played a leading role, making much of Tatchell's sexuality. But Kelvin MacKenzie, the Sun editor, wasn't the only stomach-churner of the time. Discussed even today is the outrageous leaflet that depicted Tatchell's image wearing pink lipstick next to that of the monarch, with the headline Which Queen Will You Vote For? – the work, most assumed, of the right or far right. Now, Tatchell tells us, he's not sure. One reason is the account of Steve Radford, a Liberal party councillor in Liverpool. When the Lib Dems were formed in 1988, some Liberals held out. Steve was one of them. So what do you know of that leaflet, we asked him. As an activist, he said, he spent time in the 80s at an address used by Liberal activists. The leaflet template was drafted there, alleges Radford. He saw it. ""We had an almighty row. I said that isn't creating a liberal society, and that isn't why I joined the Liberal party."" He has no idea how a template in Merseyside became poisonous leaflets in Bermondsey. And it couldn't have been officially sanctioned. Simon Hughes, the victor, tells us he knew nothing about it. Isn't it for the best that such things don't happen these days? • The prime minister quite deliberately did no... [truncated, 4224 chars total - full text at data/raw/news/text/NEWS-guardian_api-e186393fdd3f.txt]",data/raw/news/text/NEWS-guardian_api-e186393fdd3f.txt
NEWS-guardian_api-f6282807186d,SCC-2017-05,guardian_api,national,SCC-2017-05:national,kappa_blind_recheck,pending_human_review,"Clears every mechanically-checkable rule. Still requires the human pass for E4 (result leakage), the L/N relevance test (E5), E6 (Reform disambiguation, if applicable) and E8 (genuine editorial content) before it can count as eligible.",,,,not_applicable,,,,E6-NOT-REFORM-FLAGGED,,,,,,,,,,,,,,,,,,New manifesto for social care is essential – service users should write it,2016-12-06,149,"likely E4-CLEAR (149 days before polling day - a genuine result leak would require the DATE itself being wrong, not just a careless read; still confirm by skimming for any reference to a declared result)","There seems to be a strong sense in social care that the chancellor’s failure to do anything about its ever-worsening crisis in his autumn statement is the last straw. More powerful voices in the sector than ever before have issued statements highlighting the catastrophic state of social care, including the Care Quality Commission, the Association of Directors of Adult Social Services and the Local Government Association. Yet for many service users and their organisations there’s a feeling that leaders of social care organisations have been failing to speak truth to power. The top-down talk now of the need for a new social movement for social care and for radical reform is likely to feel like too little too late. This is especially true for the many individuals and families struggling with extreme issues and a damaged quality of life; sometimes issues of life and death. But the government’s inaction on social care isn’t surprising in the context of its similar inaction on the mental health crisis, the cruelty and failure of welfare reforms, and the appalling waste demonstrated in evidence-free policies like the troubled families programme. There is a critical point that needs to be acknowledged here. Even with the current widespread recognition of the crisis in social care, that doesn’t mean there will be any kind of fundamental rethinking over its future or its relation to health policy. Nonetheless the need for a “new script for social care” was the rallying cry of a nation... [truncated, 6056 chars total - full text at data/raw/news/text/NEWS-guardian_api-f6282807186d.txt]",data/raw/news/text/NEWS-guardian_api-f6282807186d.txt
NEWS-guardian_api-f79050822815,ESWS-2026-05,guardian_api,national,ESWS-2026-05:national,kappa_blind_recheck,pending_human_review,"Clears every mechanically-checkable rule. Still requires the human pass for E4 (result leakage), the L/N relevance test (E5), E6 (Reform disambiguation, if applicable) and E8 (genuine editorial content) before it can count as eligible.",,,,not_applicable,,,,E6-NOT-REFORM-FLAGGED,,,,,,,,,,,,,,,,,,Labour must stop channelling Reform and unite with progressives. That’s the lesson from Gorton and Denton | Sadiq Khan,2026-03-01,67,"likely E4-CLEAR (67 days before polling day - a genuine result leak would require the DATE itself being wrong, not just a careless read; still confirm by skimming for any reference to a declared result)","There’s no sugar-coating what happened in the byelection in Gorton and Denton – it’s a terrible result for Labour, coming third in a seat we had held for nearly a century. People often exaggerate the significance of byelection results, but this one does speak to a far-reaching change and fracturing in our politics, which cannot be ignored or wished away. A political strategy of taking liberal, progressive voters for granted is clearly flawed. The national Labour party and government doesn’t just need to reflect on this result, but fundamentally rethink its approach. Many people who voted Labour in July 2024 are now angry and frustrated. They are impatient to see the change promised at the last general election, including better public services and a growing economy, and they want a Labour government that shares their values. People need to know what this Labour government really stands for and be able to believe that it still holds true to the core beliefs the party was established to promote – equality, fairness, social justice and internationalism – while governing with economic competence and pragmatism. Keir Starmer and this Labour government have done some extraordinary things that are improving people’s lives up and down the country. This includes getting NHS waiting times down, opening new free breakfast clubs, expanding childcare, scrapping the two-child benefit limit, improving workers’ rights, protecting millions of private renters from exploitation, and getting tra... [truncated, 5341 chars total - full text at data/raw/news/text/NEWS-guardian_api-f79050822815.txt]",data/raw/news/text/NEWS-guardian_api-f79050822815.txt
NEWS-guardian_api-fa6e00d41ad8,SCC-2013-05,guardian_api,local,SCC-2013-05:local,kappa_blind_recheck,pending_human_review,"Clears every mechanically-checkable rule. Still requires the human pass for E4 (result leakage), the L/N relevance test (E5), E6 (Reform disambiguation, if applicable) and E8 (genuine editorial content) before it can count as eligible.",,,,not_applicable,,,,E6-NOT-REFORM-FLAGGED,,,,,,,,,,,,,,,,,,"Letters: Atheism, faith and promoting ethical values",2012-12-19,134,"likely E4-CLEAR (134 days before polling day - a genuine result leak would require the DATE itself being wrong, not just a careless read; still confirm by skimming for any reference to a declared result)","The news from the census that religious observance is in decline offers an important opportunity for the British Humanist Society, as Polly Toynbee notes (Atheists are better for politics than believers. Here's why, 14 December). But it is not to celebrate atheism. Humanism is not simply secularism; its animating purpose is to insist that morality does not need God, but springs from our ability as human beings to reason, to empathise and to make self-determined choices on how we live. This is a fragile view in society at large – it is one of the reasons why (as the census shows) so many people hang on to a religious self-identity even after their faith has gone. But it is more vital than ever, for without it the decline of religion (which has successfully instilled a widespread view that the only source of ethics must be God) risks leading to a decline in universal moral grounding. In a dominant economic culture in which immoral and amoral behaviour are standard – look at bankers' pay and corporate tax evasion – it is vital that children grow up infused by moral thought. In recent years public atheists have focused on attacking religion and its role in public life. But under its new president, Professor Jim Al-Khalili, the BHA has a more important goal: to promote ethical value systems in a society losing religious belief. In doing so they may find themselves in surprising common cause with progressive people of faith. Michael Jacobs Co-editor, The Political Quarterly • Polly... [truncated, 5760 chars total - full text at data/raw/news/text/NEWS-guardian_api-fa6e00d41ad8.txt]",data/raw/news/text/NEWS-guardian_api-fa6e00d41ad8.txt
NEWS-guildford_dragon-388d5b733d68,SCC-2021-05,guildford_dragon,local,SCC-2021-05:local,kappa_blind_recheck,pending_human_review,"Clears every mechanically-checkable rule. Still requires the human pass for E4 (result leakage), the L/N relevance test (E5), E6 (Reform disambiguation, if applicable) and E8 (genuine editorial content) before it can count as eligible.",,,,not_applicable,,,,E6-NOT-REFORM-FLAGGED,,,,,,,,,,,,,,,,,,Surrey County Council Elections – Debate On What Could Affect The Outcome,2021-04-08,28,"likely E4-CLEAR (28 days before polling day - a genuine result leak would require the DATE itself being wrong, not just a careless read; still confirm by skimming for any reference to a declared result)","The Surrey County Council elections on May 6 are less than five weeks away.
The Guildford Dragon NEWS will be covering the election with articles on the candidates and the issues, opinion pieces from the parties standing and, Covid restrictions permitting, live coverage of the election results.
As part of our coverage, we asked Professor Amelia Hadfield, head of the politics department at Surrey University, to talk with Dragon editor, Martin Giles and reporter, Hugh Coakley, about some of the factors that could affect the outcome.
Professor Hadfield with Dragon editor, Martin Giles and reporter, Hugh Coakley discuss the coming 2021 Surrey County Council elections.
Topics included what will decide voters, local or national issues, will the current first past the post voting system favour the incumbent party and how to increase the 30% to 40% local government election turn-out.
In the debate, Hugh Coakley refers to John Redpath as the R4GV candidate for Shalford. In fact, although he was going to stand, the R4GV candidate is now understood to be Cecilia Taylor.
<span style=""display: inline-block; width: 0px; overflow: hidden; line-height: 0;"" data-mce-type=""bookmark"" class=""mce_SELRES_start"">﻿</span>
Your email address will not be published. Required fields are marked *
This website is published by The Guildford Dragon NEWS Contact: Martin Giles mgilesdragon@gmail.com
Log in - Posts - Add New - Powered by WordPress - 
			Designed by Gabfire Themes This website uses cookies to i... [truncated, 3402 chars total - full text at data/raw/news/text/NEWS-guildford_dragon-388d5b733d68.txt]",data/raw/news/text/NEWS-guildford_dragon-388d5b733d68.txt
NEWS-guildford_dragon-40ac34fceac8,SCC-2021-05,guildford_dragon,local,SCC-2021-05:local,kappa_blind_recheck,pending_human_review,"Clears every mechanically-checkable rule. Still requires the human pass for E4 (result leakage), the L/N relevance test (E5), E6 (Reform disambiguation, if applicable) and E8 (genuine editorial content) before it can count as eligible.",,,,not_applicable,,,,E6-NOT-REFORM-FLAGGED,,,,,,,,,,,,,,,,,,Local Politicians Use Social Media and Zoom As Decision On Elections Awaited,2021-01-23,103,"likely E4-CLEAR (103 days before polling day - a genuine result leak would require the DATE itself being wrong, not just a careless read; still confirm by skimming for any reference to a declared result)","Local politicians are turning more and more to social media to keep contact with their residents during the pandemic and in the run-up to PCC and county council elections, currently scheduled, still, for May 6 this year.
A government decision to go ahead is awaited. The PCC election has already been delayed by a year.
In the meantime, local and national parties are having to get their message out to voters without the traditional methods of canvassing as the lockdowns are affecting council meetings, surgeries, meetings with individuals, door knocking and leafletting.
Reliance on social media such as Facebook for picking up voters issues was common before the Covid crisis. But with restrictions looking increasingly likely to be with us more than a year after the government announced the first lockdown in March 2020, using the internet and social media for intelligence gathering and canvassing has been increasingly utilised.
See also The Dragon Says:  Officialdom must beware of using social media
A spokesperson for the Residents for Guildford and Villages (R4GV) said: “We are about to try a series of virtual Listening Posts via Zoom and I’d suggest anyone interested register through our website. The first one is on Monday, February 25 .
Hustings and meeting residents in the street are not possible during the pandemic.
“We have a gazebo ‘Listening Post’ which is a mobile platform for engaging with residents and listening to residents’ views and concerns. That is not possible now... [truncated, 5522 chars total - full text at data/raw/news/text/NEWS-guildford_dragon-40ac34fceac8.txt]",data/raw/news/text/NEWS-guildford_dragon-40ac34fceac8.txt
NEWS-surreylive-4a0c5b29bbd0,SCC-2021-05,surreylive,local,SCC-2021-05:local,kappa_blind_recheck,pending_human_review,"Clears every mechanically-checkable rule. Still requires the human pass for E4 (result leakage), the L/N relevance test (E5), E6 (Reform disambiguation, if applicable) and E8 (genuine editorial content) before it can count as eligible.",,,,not_applicable,,,,E6-NOT-REFORM-FLAGGED,,,,,,,,,,,,,,,,,,Union warns Reigate and Banstead residents to expect refuse pile-up,2021-03-19,48,"likely E4-CLEAR (48 days before polling day - a genuine result leak would require the DATE itself being wrong, not just a careless read; still confirm by skimming for any reference to a declared result)","Union members are in dispute with the council over pay
Get the latest email updates for Surrey with our FREE daily newsletter
Trade union GMB has warned Reigate and Banstead residents to expect their refuse to pile up as they get set to strike.
Last ditch talks between GMB officials, council management and mediators ACAS failed to go ahead on Friday morning (March 19), as the council thought it right to include their other, and larger, recognised union, but GMB did not think that was appropriate.
Refuse collectors based out of the Earlswood depot at Redhill, along with all Reigate and Banstead council staff, have been offered a 1.3 per cent pay rise from April. This has been accepted by Unison, but GMB are seeking 3 per cent in anticipation of increased inflation.
A spokesperson for Reigate and Banstead Borough Council said: “We believe the 1.3% pay award recognises how important the efforts of our key workers have been during this difficult year.
“It is one of the highest being offered across Surrey local authorities and follows a 2.3% pay rise to all staff in April last year.
“However, we must also recognise the scale of the financial challenges facing the country, the council and many of our residents.”
Paul Grafton, GMB Southern regional organiser, said: “They did get a 2.3% rise in April but for the three years before that they suffered a three year pay freeze, whilst other workers were awarded pay rises.
“They worked all the way through the pandemic keeping the borough ... [truncated, 3311 chars total - full text at data/raw/news/text/NEWS-surreylive-4a0c5b29bbd0.txt]",data/raw/news/text/NEWS-surreylive-4a0c5b29bbd0.txt
