article_id_a,article_id_b,source_a,source_b,jaccard,containment,title_sim,seq_ratio,length_ratio,shared_shingles,classification,review_reason,flags,rule_version
NEWS-guardian_api-3edf84cf8042,NEWS-guardian_api-79746de7f7ee,guardian_api,guardian_api,0.2638,0.546,0.0,0.028,0.626,386,manual_review,overlap in the grey zone between editing and independent reporting,,near-dup-v1.0-2026-07-26
NEWS-guardian_api-545b16a2504c,NEWS-guardian_api-bf9b85b690df,guardian_api,guardian_api,0.2717,0.5,0.0625,0.3775,0.7492,357,manual_review,overlap in the grey zone between editing and independent reporting,,near-dup-v1.0-2026-07-26
NEWS-guardian_api-75d0407e7570,NEWS-guardian_api-d8cd60dc846b,guardian_api,guardian_api,0.4196,0.6129,0.0667,0.0675,0.9352,342,manual_review,overlap in the grey zone between editing and independent reporting,,near-dup-v1.0-2026-07-26
NEWS-guardian_api-79746de7f7ee,NEWS-guardian_api-a1af1b6135a1,guardian_api,guardian_api,0.3777,0.685,0.1765,0.038,0.6646,522,manual_review,overlap in the grey zone between editing and independent reporting,,near-dup-v1.0-2026-07-26
NEWS-guardian_api-a160b7854d18,NEWS-guardian_api-c5113a8e36b9,guardian_api,guardian_api,0.316,0.6654,0.0588,0.0315,0.5675,364,manual_review,overlap in the grey zone between editing and independent reporting,,near-dup-v1.0-2026-07-26
NEWS-guildford_dragon-388d5b733d68,NEWS-guildford_dragon-40ac34fceac8,guildford_dragon,guildford_dragon,0.3061,0.5768,1.0,0.549,0.689,473,manual_review,overlap in the grey zone between editing and independent reporting,,near-dup-v1.0-2026-07-26
NEWS-guildford_dragon-388d5b733d68,NEWS-guildford_dragon-8131c9199780,guildford_dragon,guildford_dragon,0.306,0.5768,1.0,0.5545,0.7003,473,manual_review,overlap in the grey zone between editing and independent reporting,,near-dup-v1.0-2026-07-26
NEWS-guildford_dragon-388d5b733d68,NEWS-guildford_dragon-b5de1719712d,guildford_dragon,guildford_dragon,0.2671,0.5768,1.0,0.5555,0.592,473,manual_review,overlap in the grey zone between editing and independent reporting,,near-dup-v1.0-2026-07-26
NEWS-guildford_dragon-388d5b733d68,NEWS-guildford_dragon-c4c267f5f96d,guildford_dragon,guildford_dragon,0.3525,0.5768,1.0,0.5635,0.8404,473,manual_review,overlap in the grey zone between editing and independent reporting,,near-dup-v1.0-2026-07-26
NEWS-guildford_dragon-40ac34fceac8,NEWS-guildford_dragon-8131c9199780,guildford_dragon,guildford_dragon,0.251,0.4015,1.0,0.553,0.9838,481,manual_review,overlap in the grey zone between editing and independent reporting,,near-dup-v1.0-2026-07-26
NEWS-guildford_dragon-40ac34fceac8,NEWS-guildford_dragon-c4c267f5f96d,guildford_dragon,guildford_dragon,0.2817,0.4844,1.0,0.5485,0.8199,482,manual_review,overlap in the grey zone between editing and independent reporting,,near-dup-v1.0-2026-07-26
NEWS-guildford_dragon-8131c9199780,NEWS-guildford_dragon-c4c267f5f96d,guildford_dragon,guildford_dragon,0.2808,0.4834,1.0,0.5535,0.8333,481,manual_review,overlap in the grey zone between editing and independent reporting,,near-dup-v1.0-2026-07-26
