article_id,election_id,canonical_url,refetch_status,pdf_path,date_evidence,note
NEWS-google_dated_search-04a8c7a65b28,ESWS-2026-05,https://www.tandridge.gov.uk/Portals/0/Documents/Your-council/Voting-and-elections/Current%20elections/May%202026/Statement-of-Persons-Nominated-East-Surrey-Council.pdf?ver=wQJp6Yady4MIKCHHZVACqQ%3D%3D,ok,data/raw/news/pdf/NEWS-google_dated_search-04a8c7a65b28.pdf,pdf_metadata_creationDate=2026-04-08; pdf_metadata_modDate=2026-04-10; first_page_text=7th May 2026; first_page_text=10 April 2026,
NEWS-google_dated_search-5f37425836d7,ESWS-2026-05,https://www.lgbce.org.uk/sites/default/files/2024-05/surrey_fr_long_report_-_final.pdf,ok,data/raw/news/pdf/NEWS-google_dated_search-5f37425836d7.pdf,pdf_metadata_creationDate=2024-05-13; pdf_metadata_modDate=2024-05-13,
NEWS-google_dated_search-dbea7e392b72,ESWS-2026-05,https://www.epsom-ewell.gov.uk/sites/default/files/documents/council/elections-and-voting/local-elections/Declaration%20of%20results%20-%20Epsom%20Town%20and%20Downs.pdf,ok,data/raw/news/pdf/NEWS-google_dated_search-dbea7e392b72.pdf,pdf_metadata_creationDate=2026-05-08; pdf_metadata_modDate=2026-05-08; first_page_text=8 May 2026; first_page_text=7 May 2026,
NEWS-google_dated_search-08df95b1bd77,ESWS-2026-05,https://www.reigate-banstead.gov.uk/download/downloads/id/2694/chipstead_hooley_and_woodmansterne.pdf,ok,data/raw/news/pdf/NEWS-google_dated_search-08df95b1bd77.pdf,pdf_metadata_creationDate=2018-01-26; pdf_metadata_modDate=2018-01-26,
NEWS-google_dated_search-2a2d626406a9,ESWS-2026-05,https://www.surreycc.gov.uk/__data/assets/pdf_file/0006/406869/Caterham-Hill-division-proposals.pdf,ok,data/raw/news/pdf/NEWS-google_dated_search-2a2d626406a9.pdf,pdf_metadata_creationDate=2024-10-29; pdf_metadata_modDate=2024-10-29,
NEWS-google_dated_search-442d80562cfd,ESWS-2026-05,https://www.windleshampc.gov.uk/_UserFiles/Files/News/Parish%20Council%20Report%20Sept.%2023.pdf,ok,data/raw/news/pdf/NEWS-google_dated_search-442d80562cfd.pdf,pdf_metadata_creationDate=2023-09-28; pdf_metadata_modDate=2023-09-28,
NEWS-google_dated_search-9e990ac857b9,ESWS-2026-05,"https://www.surreycc.gov.uk/__data/assets/pdf_file/0006/449826/Banstead,-Woodmansterne-and-Chipstead-Plans.pdf",ok,data/raw/news/pdf/NEWS-google_dated_search-9e990ac857b9.pdf,pdf_metadata_creationDate=2025-07-02; pdf_metadata_modDate=2025-07-02,
NEWS-google_dated_search-9edc32766662,ESWS-2026-05,https://www.runnymede.gov.uk/downloads/file/2317/statement-of-persons-nominated,ok,data/raw/news/pdf/NEWS-google_dated_search-9edc32766662.pdf,pdf_metadata_creationDate=2024-04-05; pdf_metadata_modDate=2024-04-05; first_page_text=8 April 2024; first_page_text=2 May 2024,
NEWS-google_dated_search-a7636afef375,ESWS-2026-05,https://www.lgbce.org.uk/sites/default/files/2023-03/epsom_ewell_draft_recommendations_report.pdf,ok,data/raw/news/pdf/NEWS-google_dated_search-a7636afef375.pdf,pdf_metadata_creationDate=2021-10-01; pdf_metadata_modDate=2021-10-01,
NEWS-google_dated_search-afc3bd05adec,ESWS-2026-05,https://www.lgbce.org.uk/sites/default/files/2023-03/epsom_ewell_pr_final.pdf,ok,data/raw/news/pdf/NEWS-google_dated_search-afc3bd05adec.pdf,pdf_metadata_creationDate=2022-02-28; pdf_metadata_modDate=2022-02-28; first_page_text=1 March 2022,
NEWS-google_dated_search-eb477830e1b8,ESWS-2026-05,https://www.akc.org/wp-content/uploads/2026/05/Current-List-of-AKC-Stewards-5-4-26.pdf,ok,data/raw/news/pdf/NEWS-google_dated_search-eb477830e1b8.pdf,pdf_metadata_creationDate=2026-05-04; pdf_metadata_modDate=2026-05-04,
NEWS-google_dated_search-fb4ae8e23873,ESWS-2026-05,https://www.horleysurrey-tc.gov.uk/uploads/documents/minutes/fcbundle030418.pdf,ok,data/raw/news/pdf/NEWS-google_dated_search-fb4ae8e23873.pdf,pdf_metadata_creationDate=2018-05-09,
