wikipedia_heading,official_ward,wikipedia_people_who_voted,wikipedia_turnout_percent,official_total_candidate_votes,official_implied_percent,status
Cobham,Cobham,2667.0,25.85,2667,,validated_exact_count
East Molesey & Esher,East Molesey and Esher,2739.0,28.61,2739,,validated_exact_count
Hersham,Hersham,3300.0,32.8,3300,,validated_exact_count
"Hinchley Wood, Claygate & Oxshott","Hinchley Wood, Claygate and Oxshott",3885.0,32.48,3885,,validated_exact_count
The Dittons,The Dittons,3390.0,29.01,3390,,validated_exact_count
Walton,Walton,2807.0,25.25,2807,,validated_exact_count
Walton South & Oatlands,Walton South & Oatlands,2938.0,26.99,2938,,validated_exact_count
West Molesey,West Molesey,2736.0,27.16,2736,,validated_exact_count
Weybridge,Weybridge,3115.0,27.95,3115,,validated_exact_count
Epsom Town & Downs,Epsom Town & Downs,,33.0,3722,33.17,validated_percent
Epsom West,Epsom West,,29.0,3046,29.6,disagrees_or_missing
Ewell,Ewell,,27.0,3271,27.38,validated_percent
"Ewell Court, Auriol & Cuddington","Ewell Court, Auriol & Cuddington",,28.0,3463,28.82,disagrees_or_missing
West Ewell,West Ewell,,24.0,2802,24.21,validated_percent
Ash,Ash,,28.0,2782,28.04,validated_percent
Guildford East,Guildford East,,36.0,3757,36.06,validated_percent
Guildford North,Guildford North,,27.0,3197,27.48,validated_percent
Guildford South-East,Guildford South-East,,33.0,3503,33.55,disagrees_or_missing
Guildford South-West,Guildford South-West,,29.0,3165,28.9,validated_percent
Guildford West,Guildford West,,20.0,2091,19.95,validated_percent
Horsleys,Horsleys,,36.0,3614,36.77,disagrees_or_missing
Shalford,Shalford,,27.0,2781,26.42,disagrees_or_missing
Shere,Shere,,34.0,3355,34.56,disagrees_or_missing
Worplesdon,Worplesdon,,32.0,3534,32.04,validated_percent
Ashtead,Ashtead,4341.0,38.51,4341,,validated_exact_count
Bookham and Fetcham West,Bookham and Fetcham West,,39.0,4736,39.66,disagrees_or_missing
Dorking Hills,Dorking Hills,,41.0,4430,41.18,validated_percent
Dorking Rural,Dorking Rural,,41.0,4533,41.39,validated_percent
Dorking South and the Holmwoods,Dorking South and the Holmwoods,,38.0,3608,34.62,disagrees_or_missing
Leatherhead and Fetcham East,Leatherhead and Fetcham East,,31.5,3691,31.31,validated_percent
"Banstead, Woodmansterne & Chipstead","Banstead, Woodmansterne & Chipstead",2996.0,26.0,2996,,validated_exact_count
Earlswood and Reigate South,Earlswood and Reigate South,2923.0,28.41,2923,,validated_exact_count
Horley East,Horley East,2281.0,24.72,2281,,validated_exact_count
"Horley West, Salfords and Sidlow","Horley West, Salfords & Sidlow",2477.0,25.72,2477,,validated_exact_count
Merstham and Banstead South,Merstham & Banstead South,2514.0,25.33,2514,,validated_exact_count
Nork and Tattenhams,Nork & Tattenhams,3309.0,28.08,3309,,validated_exact_count
Redhill East,Redhill East,2929.0,28.91,2929,,validated_exact_count
Redhill West and Meadvale,Redhill West & Meadvale,3279.0,32.23,3279,,validated_exact_count
Reigate,Reigate,3231.0,31.01,3231,,validated_exact_count
"Tadworth, Walton and Kingswood","Tadworth, Walton & Kingswood",2832.0,26.73,2832,,validated_exact_count
Addlestone,Addlestone,,26.0,2891,26.02,validated_percent
Chertsey,Chertsey,,28.0,3065,27.73,validated_percent
Egham,Egham,,21.0,1721,20.97,validated_percent
Englefield Green,Englefield Green,,19.5,2223,19.44,validated_percent
"Foxhills, Thorpe and Virginia Water","Foxhills, Thorpe & Virginia Water",,27.0,2908,27.06,validated_percent
Woodham and New Haw,Woodham and New Haw,,28.0,2750,28.1,validated_percent
Ashford,Ashford,2929.0,27.43,2929,,validated_exact_count
Laleham and Shepperton,Laleham and Shepperton,,31.0,3223,30.94,validated_percent
Lower Sunbury & Halliford,Lower Sunbury and Halliford,,29.0,3017,29.31,validated_percent
Staines,Staines,,26.0,2770,26.45,validated_percent
Staines South & Ashford West,Staines South and Ashford West,,28.0,3095,28.34,validated_percent
Stanwell & Stanwell Moor,Stanwell and Stanwell Moor,,24.0,2404,24.39,validated_percent
Sunbury Common & Ashford Common,Sunbury Common & Ashford Common,,22.0,2590,22.48,validated_percent
"Bagshot, Windlesham and Chobham","Bagshot, Windlesham and Chobham",3123.0,28.0,3123,,validated_exact_count
Camberley East,Camberley East,2530.0,23.0,2530,,validated_exact_count
Camberley West,Camberley West,3247.0,28.0,3247,,validated_exact_count
Frimley Green and Mytchett,Frimley Green and Mytchett,2636.0,25.0,2636,,validated_exact_count
Heatherside and Parkside,Heatherside and Parkside,2784.0,26.0,2784,,validated_exact_count
"Lightwater, West End and Bisley","Lightwater, West End and Bisley",3021.0,26.0,3021,,validated_exact_count
Caterham Hill,Caterham Hill,,33.0,3517,32.89,validated_percent
Caterham Valley,Caterham Valley,,30.0,2689,30.06,validated_percent
Godstone,Godstone,,33.0,3039,32.9,validated_percent
Lingfield,Lingfield,,33.0,3868,32.62,validated_percent
Oxted,Oxted,,36.0,4244,35.93,validated_percent
Warlingham,Warlingham,,34.0,3408,33.89,validated_percent
Cranleigh & Ewhurst,Cranleigh & Ewhurst,,33.0,3634,33.74,disagrees_or_missing
Farnham Central,Farnham Central,,30.0,3113,30.35,validated_percent
Farnham North,Farnham North,,31.0,3122,31.28,validated_percent
Farnham South,Farnham South,,34.0,3338,34.13,validated_percent
Godalming North,Godalming North,,31.0,3494,31.06,validated_percent
"Godalming South, Milford & Witley","Godalming South, Milford & Witley",,33.0,3611,32.97,validated_percent
Haslemere,Haslemere,,35.0,3408,35.04,validated_percent
Waverley Eastern Villages,Waverley Eastern Villages,,32.0,3460,32.65,disagrees_or_missing
Waverley Western Villages,Waverley Western Villages,,32.0,3103,32.1,validated_percent
Goldsworth East and Horsell Village,Goldsworth East and Horsell Village,3728.0,33.01,3714,32.88,validated_percent
Knaphill and Goldsworth West,Knaphill and Goldsworth West,3642.0,33.05,3631,32.95,validated_percent
The Byfleets,The Byfleets,2945.0,29.4,2935,29.29,validated_percent
Woking North,Woking North,4062.0,36.87,4041,36.68,validated_percent
Woking South,Woking South,3336.0,30.79,3332,30.76,validated_percent
Woking South East,Woking South East,3198.0,31.42,3186,31.31,validated_percent
Woking South West,Woking South West,2796.0,29.24,2785,29.12,validated_percent
