council,ward,issue,detail
east,Ashtead Ward,party_not_in_standardisation_table,"Ashtead Independent, working with Ashtead Residents"
east,Ashtead Ward,party_not_in_standardisation_table,"Ashtead Independent, working with Ashtead Residents"
east,Ashtead Ward,party_not_in_standardisation_table,The Green Party
east,Ashtead Ward,party_not_in_standardisation_table,Reform UK
east,Ashtead Ward,party_not_in_standardisation_table,The Green Party
east,Ashtead Ward,party_not_in_standardisation_table,Reform UK
east,Ashtead Ward,index_status_not_complete,status=Incomplete (candidate/summary fields present and used regardless; see docstring)
east,"Banstead, Woodmansterne & Chipstead Ward",party_not_in_standardisation_table,Reform UK
east,"Banstead, Woodmansterne & Chipstead Ward",party_not_in_standardisation_table,The Green Party
east,"Banstead, Woodmansterne & Chipstead Ward",party_not_in_standardisation_table,Reform UK
east,"Banstead, Woodmansterne & Chipstead Ward",party_not_in_standardisation_table,The Green Party
east,"Banstead, Woodmansterne & Chipstead Ward",index_status_not_complete,status=Incomplete (candidate/summary fields present and used regardless; see docstring)
east,Bookham & Fetcham West Ward,party_not_in_standardisation_table,The Green Party
east,Bookham & Fetcham West Ward,party_not_in_standardisation_table,The Green Party
east,Bookham & Fetcham West Ward,party_not_in_standardisation_table,Reform UK
east,Bookham & Fetcham West Ward,party_not_in_standardisation_table,Reform UK
east,Bookham & Fetcham West Ward,index_status_not_complete,status=Incomplete (candidate/summary fields present and used regardless; see docstring)
east,Caterham Hill Ward,party_not_in_standardisation_table,The Green Party
east,Caterham Hill Ward,party_not_in_standardisation_table,Reform UK
east,Caterham Hill Ward,party_not_in_standardisation_table,Reform UK
east,Caterham Hill Ward,party_not_in_standardisation_table,The Green Party
east,Caterham Hill Ward,index_status_not_complete,status=Incomplete (candidate/summary fields present and used regardless; see docstring)
east,Caterham Valley Ward,party_not_in_standardisation_table,Reform UK
east,Caterham Valley Ward,party_not_in_standardisation_table,Reform UK
east,Caterham Valley Ward,party_not_in_standardisation_table,The Green Party
east,Caterham Valley Ward,party_not_in_standardisation_table,The Green Party
east,Caterham Valley Ward,index_status_not_complete,status=Incomplete (candidate/summary fields present and used regardless; see docstring)
east,Cobham & Oxshott South Ward,party_not_in_standardisation_table,Reform UK
east,Cobham & Oxshott South Ward,party_not_in_standardisation_table,Reform UK
east,Cobham & Oxshott South Ward,party_not_in_standardisation_table,The Green Party
east,Cobham & Oxshott South Ward,index_status_not_complete,status=Incomplete (candidate/summary fields present and used regardless; see docstring)
east,Dorking Hills Ward,party_not_in_standardisation_table,The Green Party
east,Dorking Hills Ward,party_not_in_standardisation_table,Labour and Co-operative
east,Dorking Hills Ward,party_not_in_standardisation_table,The Green Party
east,Dorking Hills Ward,party_not_in_standardisation_table,Reform UK
east,Dorking Hills Ward,party_not_in_standardisation_table,Reform UK
east,Dorking Hills Ward,index_status_not_complete,status=Incomplete (candidate/summary fields present and used regardless; see docstring)
east,Dorking Rural Ward,party_not_in_standardisation_table,Reform UK
east,Dorking Rural Ward,party_not_in_standardisation_table,The Green Party
east,Dorking Rural Ward,party_not_in_standardisation_table,Reform UK
east,Dorking Rural Ward,party_not_in_standardisation_table,The Green Party
east,Dorking Rural Ward,index_status_not_complete,status=Incomplete (candidate/summary fields present and used regardless; see docstring)
east,Dorking Ward,party_not_in_standardisation_table,The Green Party
east,Dorking Ward,party_not_in_standardisation_table,Social Democratic Party
east,Dorking Ward,party_not_in_standardisation_table,Labour and Co-operative
east,Dorking Ward,party_not_in_standardisation_table,The Green Party
east,Dorking Ward,party_not_in_standardisation_table,Reform UK
east,Dorking Ward,party_not_in_standardisation_table,Reform UK
east,Dorking Ward,index_status_not_complete,status=Incomplete (candidate/summary fields present and used regardless; see docstring)
east,Earlswood & Reigate South Ward,party_not_in_standardisation_table,Reform UK
east,Earlswood & Reigate South Ward,party_not_in_standardisation_table,Reform UK
east,Earlswood & Reigate South Ward,party_not_in_standardisation_table,The Green Party
east,Earlswood & Reigate South Ward,party_not_in_standardisation_table,The Green Party
east,Earlswood & Reigate South Ward,index_status_not_complete,status=Incomplete (candidate/summary fields present and used regardless; see docstring)
east,Epsom Town & Downs Ward,party_not_in_standardisation_table,Reform UK
east,Epsom Town & Downs Ward,party_not_in_standardisation_table,The Green Party
east,Epsom Town & Downs Ward,party_not_in_standardisation_table,Reform UK
east,Epsom Town & Downs Ward,party_not_in_standardisation_table,The Green Party
east,Epsom Town & Downs Ward,index_status_not_complete,status=Incomplete (candidate/summary fields present and used regardless; see docstring)
east,Epsom West Ward,party_not_in_standardisation_table,Reform UK
east,Epsom West Ward,party_not_in_standardisation_table,Reform UK
east,Epsom West Ward,party_not_in_standardisation_table,The Green Party
east,Epsom West Ward,party_not_in_standardisation_table,The Green Party
east,Epsom West Ward,index_status_not_complete,status=Incomplete (candidate/summary fields present and used regardless; see docstring)
east,"Esher, Claygate & Oxshott North Ward",party_not_in_standardisation_table,Reform UK
east,"Esher, Claygate & Oxshott North Ward",party_not_in_standardisation_table,Reform UK
east,"Esher, Claygate & Oxshott North Ward",party_not_in_standardisation_table,The Green Party
east,"Esher, Claygate & Oxshott North Ward",party_not_in_standardisation_table,Social Democratic Party
east,"Esher, Claygate & Oxshott North Ward",party_not_in_standardisation_table,The Green Party
east,"Esher, Claygate & Oxshott North Ward",index_status_not_complete,status=Incomplete (candidate/summary fields present and used regardless; see docstring)
east,"Ewell Court, Auriol & Cuddington Ward",party_not_in_standardisation_table,The Green Party
east,"Ewell Court, Auriol & Cuddington Ward",party_not_in_standardisation_table,Reform UK
east,"Ewell Court, Auriol & Cuddington Ward",party_not_in_standardisation_table,The Green Party
east,"Ewell Court, Auriol & Cuddington Ward",party_not_in_standardisation_table,Reform UK
east,"Ewell Court, Auriol & Cuddington Ward",index_status_not_complete,status=Incomplete (candidate/summary fields present and used regardless; see docstring)
east,"Ewell Village, Stoneleigh & Nonsuch Ward",party_not_in_standardisation_table,Reform UK
east,"Ewell Village, Stoneleigh & Nonsuch Ward",party_not_in_standardisation_table,The Green Party
east,"Ewell Village, Stoneleigh & Nonsuch Ward",party_not_in_standardisation_table,The Green Party
east,"Ewell Village, Stoneleigh & Nonsuch Ward",party_not_in_standardisation_table,Reform UK
east,"Ewell Village, Stoneleigh & Nonsuch Ward",index_status_not_complete,status=Incomplete (candidate/summary fields present and used regardless; see docstring)
east,Godstone Ward,party_not_in_standardisation_table,The Green Party
east,Godstone Ward,party_not_in_standardisation_table,Reform UK
east,Godstone Ward,party_not_in_standardisation_table,Reform UK
east,Godstone Ward,party_not_in_standardisation_table,The Green Party
east,Godstone Ward,index_status_not_complete,status=Incomplete (candidate/summary fields present and used regardless; see docstring)
east,Hersham Ward,party_not_in_standardisation_table,Reform UK
east,Hersham Ward,party_not_in_standardisation_table,Reform UK
east,Hersham Ward,party_not_in_standardisation_table,The Green Party
east,Hersham Ward,party_not_in_standardisation_table,The Green Party
east,Hersham Ward,index_status_not_complete,status=Incomplete (candidate/summary fields present and used regardless; see docstring)
east,Horley East Ward,party_not_in_standardisation_table,Reform UK
east,Horley East Ward,party_not_in_standardisation_table,Reform UK
east,Horley East Ward,party_not_in_standardisation_table,Local Conservatives
east,Horley East Ward,party_not_in_standardisation_table,The Green Party
east,Horley East Ward,party_not_in_standardisation_table,Local Conservatives
east,Horley East Ward,party_not_in_standardisation_table,The Green Party
east,Horley East Ward,index_status_not_complete,status=Incomplete (candidate/summary fields present and used regardless; see docstring)
east,"Horley West, Salfords & Sidlow Ward",party_not_in_standardisation_table,Reform UK
east,"Horley West, Salfords & Sidlow Ward",party_not_in_standardisation_table,Local Conservatives
east,"Horley West, Salfords & Sidlow Ward",party_not_in_standardisation_table,The Green Party
east,"Horley West, Salfords & Sidlow Ward",party_not_in_standardisation_table,The Green Party
east,"Horley West, Salfords & Sidlow Ward",party_not_in_standardisation_table,Local Conservatives
east,"Horley West, Salfords & Sidlow Ward",party_not_in_standardisation_table,Reform UK
east,"Horley West, Salfords & Sidlow Ward",index_status_not_complete,status=Incomplete (candidate/summary fields present and used regardless; see docstring)
east,Leatherhead & Fetcham East Ward,party_not_in_standardisation_table,Labour and Co-operative
east,Leatherhead & Fetcham East Ward,party_not_in_standardisation_table,Reform UK
east,Leatherhead & Fetcham East Ward,party_not_in_standardisation_table,The Green Party
east,Leatherhead & Fetcham East Ward,party_not_in_standardisation_table,The Green Party
east,Leatherhead & Fetcham East Ward,party_not_in_standardisation_table,Reform UK
east,Leatherhead & Fetcham East Ward,index_status_not_complete,status=Incomplete (candidate/summary fields present and used regardless; see docstring)
east,Lingfield Ward,party_not_in_standardisation_table,The Green Party
east,Lingfield Ward,party_not_in_standardisation_table,Reform UK
east,Lingfield Ward,party_not_in_standardisation_table,Reform UK
east,Lingfield Ward,index_status_not_complete,status=Incomplete (candidate/summary fields present and used regardless; see docstring)
east,"Long Ditton, Hinchley Wood & Weston Green Ward",party_not_in_standardisation_table,The Green Party
east,"Long Ditton, Hinchley Wood & Weston Green Ward",party_not_in_standardisation_table,Reform UK
east,"Long Ditton, Hinchley Wood & Weston Green Ward",party_not_in_standardisation_table,Reform UK
east,"Long Ditton, Hinchley Wood & Weston Green Ward",party_not_in_standardisation_table,The Green Party
east,"Long Ditton, Hinchley Wood & Weston Green Ward",party_not_in_standardisation_table,"Hinchley Wood Residents - Weston, Long Ditton"
east,"Long Ditton, Hinchley Wood & Weston Green Ward",party_not_in_standardisation_table,"Hinchley Wood Residents - Weston, Long Ditton"
east,"Long Ditton, Hinchley Wood & Weston Green Ward",index_status_not_complete,status=Incomplete (candidate/summary fields present and used regardless; see docstring)
east,Merstham & Banstead South Ward,party_not_in_standardisation_table,The Green Party
east,Merstham & Banstead South Ward,party_not_in_standardisation_table,Reform UK
east,Merstham & Banstead South Ward,party_not_in_standardisation_table,Reform UK
east,Merstham & Banstead South Ward,party_not_in_standardisation_table,The Green Party
east,Merstham & Banstead South Ward,index_status_not_complete,status=Incomplete (candidate/summary fields present and used regardless; see docstring)
east,Nork & Tattenhams Ward,party_not_in_standardisation_table,The Green Party
east,Nork & Tattenhams Ward,party_not_in_standardisation_table,Reform UK
east,Nork & Tattenhams Ward,party_not_in_standardisation_table,The Green Party
east,Nork & Tattenhams Ward,party_not_in_standardisation_table,Reform UK
east,Nork & Tattenhams Ward,index_status_not_complete,status=Incomplete (candidate/summary fields present and used regardless; see docstring)
east,Oxted Ward,party_not_in_standardisation_table,Heritage Party
east,Oxted Ward,party_not_in_standardisation_table,The Green Party
east,Oxted Ward,party_not_in_standardisation_table,Reform UK
east,Oxted Ward,party_not_in_standardisation_table,The Green Party
east,Oxted Ward,party_not_in_standardisation_table,Reform UK
east,Oxted Ward,index_status_not_complete,status=Incomplete (candidate/summary fields present and used regardless; see docstring)
east,Redhill East & North Earlswood Ward,party_not_in_standardisation_table,Reform UK
east,Redhill East & North Earlswood Ward,party_not_in_standardisation_table,The Green Party
east,Redhill East & North Earlswood Ward,party_not_in_standardisation_table,The Green Party
east,Redhill East & North Earlswood Ward,party_not_in_standardisation_table,Reform UK
east,Redhill East & North Earlswood Ward,index_status_not_complete,status=Incomplete (candidate/summary fields present and used regardless; see docstring)
east,Redhill West & Meadvale Ward,party_not_in_standardisation_table,Reform UK
east,Redhill West & Meadvale Ward,party_not_in_standardisation_table,Labour and Co-operative
east,Redhill West & Meadvale Ward,party_not_in_standardisation_table,The Green Party
east,Redhill West & Meadvale Ward,party_not_in_standardisation_table,Reform UK
east,Redhill West & Meadvale Ward,party_not_in_standardisation_table,The Green Party
east,Redhill West & Meadvale Ward,index_status_not_complete,status=Incomplete (candidate/summary fields present and used regardless; see docstring)
east,Reigate Ward,party_not_in_standardisation_table,Reform UK
east,Reigate Ward,party_not_in_standardisation_table,Reform UK
east,Reigate Ward,party_not_in_standardisation_table,The Green Party
east,Reigate Ward,party_not_in_standardisation_table,The Green Party
east,Reigate Ward,index_status_not_complete,status=Incomplete (candidate/summary fields present and used regardless; see docstring)
east,"Tadworth, Walton & Kingswood Ward",party_not_in_standardisation_table,The Green Party
east,"Tadworth, Walton & Kingswood Ward",party_not_in_standardisation_table,The Green Party
east,"Tadworth, Walton & Kingswood Ward",party_not_in_standardisation_table,Reform UK
east,"Tadworth, Walton & Kingswood Ward",party_not_in_standardisation_table,Reform UK
east,"Tadworth, Walton & Kingswood Ward",party_not_in_standardisation_table,Independent Network
east,"Tadworth, Walton & Kingswood Ward",index_status_not_complete,status=Incomplete (candidate/summary fields present and used regardless; see docstring)
east,Thames Ditton & East Molesey Ward,party_not_in_standardisation_table,Reform UK
east,Thames Ditton & East Molesey Ward,party_not_in_standardisation_table,The Green Party
east,Thames Ditton & East Molesey Ward,party_not_in_standardisation_table,The Green Party
east,Thames Ditton & East Molesey Ward,party_not_in_standardisation_table,Reform UK
east,Thames Ditton & East Molesey Ward,party_not_in_standardisation_table,Thames Ditton Residents' Association
east,Thames Ditton & East Molesey Ward,index_status_not_complete,status=Incomplete (candidate/summary fields present and used regardless; see docstring)
east,Walton South & Oatlands Ward,party_not_in_standardisation_table,Reform UK
east,Walton South & Oatlands Ward,party_not_in_standardisation_table,Reform UK
east,Walton South & Oatlands Ward,party_not_in_standardisation_table,The Green Party
east,Walton South & Oatlands Ward,index_status_not_complete,status=Incomplete (candidate/summary fields present and used regardless; see docstring)
east,Walton Ward,party_not_in_standardisation_table,The Green Party
east,Walton Ward,party_not_in_standardisation_table,Reform UK
east,Walton Ward,party_not_in_standardisation_table,The Green Party
east,Walton Ward,party_not_in_standardisation_table,Reform UK
east,Walton Ward,index_status_not_complete,status=Incomplete (candidate/summary fields present and used regardless; see docstring)
east,Warlingham Ward,party_not_in_standardisation_table,Reform UK
east,Warlingham Ward,party_not_in_standardisation_table,Reform UK
east,Warlingham Ward,party_not_in_standardisation_table,The Green Party
east,Warlingham Ward,index_status_not_complete,status=Incomplete (candidate/summary fields present and used regardless; see docstring)
east,West Ewell Ward,party_not_in_standardisation_table,The Green Party
east,West Ewell Ward,party_not_in_standardisation_table,The Green Party
east,West Ewell Ward,party_not_in_standardisation_table,Reform UK
east,West Ewell Ward,party_not_in_standardisation_table,Reform UK
east,West Ewell Ward,index_status_not_complete,status=Incomplete (candidate/summary fields present and used regardless; see docstring)
east,West Molesey Ward,party_not_in_standardisation_table,The Green Party
east,West Molesey Ward,party_not_in_standardisation_table,The Green Party
east,West Molesey Ward,party_not_in_standardisation_table,Reform UK
east,West Molesey Ward,party_not_in_standardisation_table,Reform UK
east,West Molesey Ward,index_status_not_complete,status=Incomplete (candidate/summary fields present and used regardless; see docstring)
east,Weybridge Ward,party_not_in_standardisation_table,The Green Party
east,Weybridge Ward,party_not_in_standardisation_table,Reform UK
east,Weybridge Ward,party_not_in_standardisation_table,Labour and Co-operative
east,Weybridge Ward,party_not_in_standardisation_table,Reform UK
east,Weybridge Ward,party_not_in_standardisation_table,Weybridge Independents
east,Weybridge Ward,party_not_in_standardisation_table,The Green Party
east,Weybridge Ward,index_status_not_complete,status=Incomplete (candidate/summary fields present and used regardless; see docstring)
west,Addlestone Ward,party_not_in_standardisation_table,Labour and Co-operative
west,Addlestone Ward,party_not_in_standardisation_table,Labour and Co-operative
west,Addlestone Ward,party_not_in_standardisation_table,The Green Party
west,Addlestone Ward,party_not_in_standardisation_table,Reform UK
west,Addlestone Ward,party_not_in_standardisation_table,The Green Party
west,Addlestone Ward,party_not_in_standardisation_table,Reform UK
west,Addlestone Ward,index_status_not_complete,status=Incomplete (candidate/summary fields present and used regardless; see docstring)
west,Ash Ward,party_not_in_standardisation_table,The Green Party
west,Ash Ward,party_not_in_standardisation_table,The Green Party
west,Ash Ward,party_not_in_standardisation_table,Reform UK
west,Ash Ward,party_not_in_standardisation_table,Reform UK
west,Ash Ward,index_status_not_complete,status=Incomplete (candidate/summary fields present and used regardless; see docstring)
west,Ashford Ward,party_not_in_standardisation_table,Reform UK
west,Ashford Ward,party_not_in_standardisation_table,The Green Party
west,Ashford Ward,party_not_in_standardisation_table,Reform UK
west,Ashford Ward,index_status_not_complete,status=Incomplete (candidate/summary fields present and used regardless; see docstring)
west,"Bagshot, Windlesham & Chobham Ward",party_not_in_standardisation_table,The Green Party
west,"Bagshot, Windlesham & Chobham Ward",party_not_in_standardisation_table,The Green Party
west,"Bagshot, Windlesham & Chobham Ward",party_not_in_standardisation_table,Reform UK
west,"Bagshot, Windlesham & Chobham Ward",party_not_in_standardisation_table,Reform UK
west,"Bagshot, Windlesham & Chobham Ward",index_status_not_complete,status=Incomplete (candidate/summary fields present and used regardless; see docstring)
west,Camberley East Ward,party_not_in_standardisation_table,Reform UK
west,Camberley East Ward,party_not_in_standardisation_table,The Green Party
west,Camberley East Ward,party_not_in_standardisation_table,The Green Party
west,Camberley East Ward,party_not_in_standardisation_table,Reform UK
west,Camberley East Ward,index_status_not_complete,status=Incomplete (candidate/summary fields present and used regardless; see docstring)
west,Camberley West & Frimley Ward,party_not_in_standardisation_table,Reform UK
west,Camberley West & Frimley Ward,party_not_in_standardisation_table,Reform UK
west,Camberley West & Frimley Ward,party_not_in_standardisation_table,The Green Party
west,Camberley West & Frimley Ward,party_not_in_standardisation_table,The Green Party
west,Camberley West & Frimley Ward,index_status_not_complete,status=Incomplete (candidate/summary fields present and used regardless; see docstring)
west,Chertsey Ward,party_not_in_standardisation_table,Reform UK
west,Chertsey Ward,party_not_in_standardisation_table,The Green Party
west,Chertsey Ward,party_not_in_standardisation_table,The Green Party
west,Chertsey Ward,party_not_in_standardisation_table,Reform UK
west,Chertsey Ward,index_status_not_complete,status=Incomplete (candidate/summary fields present and used regardless; see docstring)
west,Cranleigh & Ewhurst Ward,party_not_in_standardisation_table,Reform UK
west,Cranleigh & Ewhurst Ward,party_not_in_standardisation_table,Reform UK
west,Cranleigh & Ewhurst Ward,party_not_in_standardisation_table,The Green Party
west,Cranleigh & Ewhurst Ward,party_not_in_standardisation_table,The Green Party
west,Cranleigh & Ewhurst Ward,index_status_not_complete,status=Incomplete (candidate/summary fields present and used regardless; see docstring)
west,Egham Ward,party_not_in_standardisation_table,Labour and Co-operative
west,Egham Ward,party_not_in_standardisation_table,The Green Party
west,Egham Ward,party_not_in_standardisation_table,Reform UK
west,Egham Ward,party_not_in_standardisation_table,Labour and Co-operative
west,Egham Ward,party_not_in_standardisation_table,Reform UK
west,Egham Ward,index_status_not_complete,status=Incomplete (candidate/summary fields present and used regardless; see docstring)
west,Englefield Green & Virginia Water Ward,party_not_in_standardisation_table,Labour and Co-operative
west,Englefield Green & Virginia Water Ward,party_not_in_standardisation_table,Reform UK
west,Englefield Green & Virginia Water Ward,party_not_in_standardisation_table,Reform UK
west,Englefield Green & Virginia Water Ward,party_not_in_standardisation_table,Labour and Co-operative
west,Englefield Green & Virginia Water Ward,party_not_in_standardisation_table,The Green Party
west,Englefield Green & Virginia Water Ward,party_not_in_standardisation_table,The Green Party
west,Englefield Green & Virginia Water Ward,index_status_not_complete,status=Incomplete (candidate/summary fields present and used regardless; see docstring)
west,Farnham Central Ward,party_not_in_standardisation_table,The Green Party
west,Farnham Central Ward,party_not_in_standardisation_table,The Green Party
west,Farnham Central Ward,party_not_in_standardisation_table,Reform UK
west,Farnham Central Ward,party_not_in_standardisation_table,Reform UK
west,Farnham Central Ward,index_status_not_complete,status=Incomplete (candidate/summary fields present and used regardless; see docstring)
west,Farnham North Ward,party_not_in_standardisation_table,The Green Party
west,Farnham North Ward,party_not_in_standardisation_table,Reform UK
west,Farnham North Ward,party_not_in_standardisation_table,Trade Unionist and Socialist Coalition
west,Farnham North Ward,party_not_in_standardisation_table,Reform UK
west,Farnham North Ward,party_not_in_standardisation_table,The Green Party
west,Farnham North Ward,index_status_not_complete,status=Incomplete (candidate/summary fields present and used regardless; see docstring)
west,Farnham South Ward,party_not_in_standardisation_table,Reform UK
west,Farnham South Ward,party_not_in_standardisation_table,The Green Party
west,Farnham South Ward,party_not_in_standardisation_table,Reform UK
west,Farnham South Ward,party_not_in_standardisation_table,The Green Party
west,Farnham South Ward,index_status_not_complete,status=Incomplete (candidate/summary fields present and used regardless; see docstring)
west,Frimley Green & Mytchett Ward,party_not_in_standardisation_table,The Green Party
west,Frimley Green & Mytchett Ward,party_not_in_standardisation_table,Reform UK
west,Frimley Green & Mytchett Ward,party_not_in_standardisation_table,The Green Party
west,Frimley Green & Mytchett Ward,party_not_in_standardisation_table,Reform UK
west,Frimley Green & Mytchett Ward,index_status_not_complete,status=Incomplete (candidate/summary fields present and used regardless; see docstring)
west,Godalming North Ward,party_not_in_standardisation_table,The Green Party
west,Godalming North Ward,party_not_in_standardisation_table,Reform UK
west,Godalming North Ward,party_not_in_standardisation_table,Reform UK
west,Godalming North Ward,party_not_in_standardisation_table,The Green Party
west,Godalming North Ward,index_status_not_complete,status=Incomplete (candidate/summary fields present and used regardless; see docstring)
west,"Godalming South, Milford & Witley Ward",party_not_in_standardisation_table,Reform UK
west,"Godalming South, Milford & Witley Ward",party_not_in_standardisation_table,Reform UK
west,"Godalming South, Milford & Witley Ward",party_not_in_standardisation_table,The Green Party
west,"Godalming South, Milford & Witley Ward",party_not_in_standardisation_table,The Green Party
west,"Godalming South, Milford & Witley Ward",index_status_not_complete,status=Incomplete (candidate/summary fields present and used regardless; see docstring)
west,Goldsworth East & Horsell Village Ward,party_not_in_standardisation_table,Reform UK
west,Goldsworth East & Horsell Village Ward,party_not_in_standardisation_table,The Green Party
west,Goldsworth East & Horsell Village Ward,party_not_in_standardisation_table,Reform UK
west,Goldsworth East & Horsell Village Ward,index_status_not_complete,status=Incomplete (candidate/summary fields present and used regardless; see docstring)
west,Guildford East Ward,party_not_in_standardisation_table,Reform UK
west,Guildford East Ward,party_not_in_standardisation_table,The Green Party
west,Guildford East Ward,party_not_in_standardisation_table,The Green Party
west,Guildford East Ward,party_not_in_standardisation_table,Reform UK
west,Guildford East Ward,index_status_not_complete,status=Incomplete (candidate/summary fields present and used regardless; see docstring)
west,Guildford North Ward,party_not_in_standardisation_table,Reform UK
west,Guildford North Ward,party_not_in_standardisation_table,Labour and Co-operative
west,Guildford North Ward,party_not_in_standardisation_table,Reform UK
west,Guildford North Ward,party_not_in_standardisation_table,The Green Party
west,Guildford North Ward,party_not_in_standardisation_table,The Green Party
west,Guildford North Ward,index_status_not_complete,status=Incomplete (candidate/summary fields present and used regardless; see docstring)
west,Guildford South East Ward,party_not_in_standardisation_table,The Green Party
west,Guildford South East Ward,party_not_in_standardisation_table,Reform UK
west,Guildford South East Ward,party_not_in_standardisation_table,The Green Party
west,Guildford South East Ward,party_not_in_standardisation_table,Reform UK
west,Guildford South East Ward,index_status_not_complete,status=Incomplete (candidate/summary fields present and used regardless; see docstring)
west,Guildford South West Ward,party_not_in_standardisation_table,Reform UK
west,Guildford South West Ward,party_not_in_standardisation_table,The Green Party
west,Guildford South West Ward,party_not_in_standardisation_table,Reform UK
west,Guildford South West Ward,party_not_in_standardisation_table,The Green Party
west,Guildford South West Ward,index_status_not_complete,status=Incomplete (candidate/summary fields present and used regardless; see docstring)
west,Guildford West Ward,party_not_in_standardisation_table,Reform UK
west,Guildford West Ward,party_not_in_standardisation_table,The Green Party
west,Guildford West Ward,party_not_in_standardisation_table,The Green Party
west,Guildford West Ward,party_not_in_standardisation_table,"The Peace Party - Non-violence, Justice, Environment"
west,Guildford West Ward,party_not_in_standardisation_table,Reform UK
west,Guildford West Ward,index_status_not_complete,status=Incomplete (candidate/summary fields present and used regardless; see docstring)
west,Haslemere Ward,party_not_in_standardisation_table,The Green Party
west,Haslemere Ward,party_not_in_standardisation_table,Reform UK
west,Haslemere Ward,party_not_in_standardisation_table,The Green Party
west,Haslemere Ward,party_not_in_standardisation_table,Reform UK
west,Haslemere Ward,index_status_not_complete,status=Incomplete (candidate/summary fields present and used regardless; see docstring)
west,Heatherside & Parkside Ward,party_not_in_standardisation_table,The Green Party
west,Heatherside & Parkside Ward,party_not_in_standardisation_table,The Green Party
west,Heatherside & Parkside Ward,party_not_in_standardisation_table,Reform UK
west,Heatherside & Parkside Ward,party_not_in_standardisation_table,Reform UK
west,Heatherside & Parkside Ward,index_status_not_complete,status=Incomplete (candidate/summary fields present and used regardless; see docstring)
west,Horsleys Ward,party_not_in_standardisation_table,Residents for Guildford and Villages
west,Horsleys Ward,party_not_in_standardisation_table,Residents for Guildford and Villages
west,Horsleys Ward,party_not_in_standardisation_table,The Green Party
west,Horsleys Ward,party_not_in_standardisation_table,Reform UK
west,Horsleys Ward,party_not_in_standardisation_table,The Green Party
west,Horsleys Ward,party_not_in_standardisation_table,Reform UK
west,Horsleys Ward,index_status_not_complete,status=Incomplete (candidate/summary fields present and used regardless; see docstring)
west,Knaphill & Goldsworth West Ward,party_not_in_standardisation_table,Reform UK
west,Knaphill & Goldsworth West Ward,party_not_in_standardisation_table,Reform UK
west,Knaphill & Goldsworth West Ward,party_not_in_standardisation_table,The Green Party
west,Knaphill & Goldsworth West Ward,index_status_not_complete,status=Incomplete (candidate/summary fields present and used regardless; see docstring)
west,Laleham & Shepperton Ward,party_not_in_standardisation_table,Reform UK
west,Laleham & Shepperton Ward,party_not_in_standardisation_table,Reform UK
west,Laleham & Shepperton Ward,party_not_in_standardisation_table,The Green Party
west,Laleham & Shepperton Ward,party_not_in_standardisation_table,The Green Party
west,Laleham & Shepperton Ward,index_status_not_complete,status=Incomplete (candidate/summary fields present and used regardless; see docstring)
west,"Lightwater, West End & Bisley Ward",party_not_in_standardisation_table,The Green Party
west,"Lightwater, West End & Bisley Ward",party_not_in_standardisation_table,Reform UK
west,"Lightwater, West End & Bisley Ward",party_not_in_standardisation_table,Reform UK
west,"Lightwater, West End & Bisley Ward",party_not_in_standardisation_table,The Green Party
west,"Lightwater, West End & Bisley Ward",index_status_not_complete,status=Incomplete (candidate/summary fields present and used regardless; see docstring)
west,Lower Sunbury & Halliford Ward,party_not_in_standardisation_table,The Green Party
west,Lower Sunbury & Halliford Ward,party_not_in_standardisation_table,Reform UK
west,Lower Sunbury & Halliford Ward,party_not_in_standardisation_table,Reform UK
west,Lower Sunbury & Halliford Ward,party_not_in_standardisation_table,The Green Party
west,Lower Sunbury & Halliford Ward,index_status_not_complete,status=Incomplete (candidate/summary fields present and used regardless; see docstring)
west,Shalford Ward,party_not_in_standardisation_table,The Green Party
west,Shalford Ward,party_not_in_standardisation_table,The Green Party
west,Shalford Ward,party_not_in_standardisation_table,Reform UK
west,Shalford Ward,party_not_in_standardisation_table,Reform UK
west,Shalford Ward,index_status_not_complete,status=Incomplete (candidate/summary fields present and used regardless; see docstring)
west,Shere Ward,party_not_in_standardisation_table,The Green Party
west,Shere Ward,party_not_in_standardisation_table,Reform UK
west,Shere Ward,party_not_in_standardisation_table,Reform UK
west,Shere Ward,party_not_in_standardisation_table,Labour and Co-operative
west,Shere Ward,party_not_in_standardisation_table,The Green Party
west,Shere Ward,index_status_not_complete,status=Incomplete (candidate/summary fields present and used regardless; see docstring)
west,Staines South & Ashford West Ward,party_not_in_standardisation_table,The Green Party
west,Staines South & Ashford West Ward,party_not_in_standardisation_table,Reform UK
west,Staines South & Ashford West Ward,party_not_in_standardisation_table,Reform UK
west,Staines South & Ashford West Ward,index_status_not_complete,status=Incomplete (candidate/summary fields present and used regardless; see docstring)
west,Staines Ward,party_not_in_standardisation_table,The Green Party
west,Staines Ward,party_not_in_standardisation_table,Reform UK
west,Staines Ward,party_not_in_standardisation_table,The Green Party
west,Staines Ward,party_not_in_standardisation_table,Reform UK
west,Staines Ward,index_status_not_complete,status=Incomplete (candidate/summary fields present and used regardless; see docstring)
west,"Stanwell, Stanwell Moor & Ashford North Ward",party_not_in_standardisation_table,The Green Party
west,"Stanwell, Stanwell Moor & Ashford North Ward",party_not_in_standardisation_table,Reform UK
west,"Stanwell, Stanwell Moor & Ashford North Ward",party_not_in_standardisation_table,The Green Party
west,"Stanwell, Stanwell Moor & Ashford North Ward",party_not_in_standardisation_table,Reform UK
west,"Stanwell, Stanwell Moor & Ashford North Ward",index_status_not_complete,status=Incomplete (candidate/summary fields present and used regardless; see docstring)
west,Sunbury Common & Ashford Common Ward,party_not_in_standardisation_table,Reform UK
west,Sunbury Common & Ashford Common Ward,party_not_in_standardisation_table,The Green Party
west,Sunbury Common & Ashford Common Ward,party_not_in_standardisation_table,Trade Unionist and Socialist Coalition
west,Sunbury Common & Ashford Common Ward,party_not_in_standardisation_table,Trade Unionist and Socialist Coalition
west,Sunbury Common & Ashford Common Ward,party_not_in_standardisation_table,Reform UK
west,Sunbury Common & Ashford Common Ward,index_status_not_complete,status=Incomplete (candidate/summary fields present and used regardless; see docstring)
west,The Byfleets Ward,party_not_in_standardisation_table,Reform UK
west,The Byfleets Ward,party_not_in_standardisation_table,Reform UK
west,The Byfleets Ward,index_status_not_complete,status=Incomplete (candidate/summary fields present and used regardless; see docstring)
west,"Thorpe, Longcross & Ottershaw Ward",party_not_in_standardisation_table,Reform UK
west,"Thorpe, Longcross & Ottershaw Ward",party_not_in_standardisation_table,The Green Party
west,"Thorpe, Longcross & Ottershaw Ward",party_not_in_standardisation_table,Reform UK
west,"Thorpe, Longcross & Ottershaw Ward",party_not_in_standardisation_table,The Green Party
west,"Thorpe, Longcross & Ottershaw Ward",index_status_not_complete,status=Incomplete (candidate/summary fields present and used regardless; see docstring)
west,Waverley Eastern Villages Ward,party_not_in_standardisation_table,Reform UK
west,Waverley Eastern Villages Ward,party_not_in_standardisation_table,Reform UK
west,Waverley Eastern Villages Ward,party_not_in_standardisation_table,The Green Party
west,Waverley Eastern Villages Ward,party_not_in_standardisation_table,The Green Party
west,Waverley Eastern Villages Ward,index_status_not_complete,status=Incomplete (candidate/summary fields present and used regardless; see docstring)
west,Waverley Western Villages Ward,party_not_in_standardisation_table,Reform UK
west,Waverley Western Villages Ward,party_not_in_standardisation_table,The Green Party
west,Waverley Western Villages Ward,party_not_in_standardisation_table,Reform UK
west,Waverley Western Villages Ward,party_not_in_standardisation_table,The Green Party
west,Waverley Western Villages Ward,index_status_not_complete,status=Incomplete (candidate/summary fields present and used regardless; see docstring)
west,Woking North Ward,party_not_in_standardisation_table,Reform UK
west,Woking North Ward,party_not_in_standardisation_table,Heritage Party
west,Woking North Ward,party_not_in_standardisation_table,Reform UK
west,Woking North Ward,index_status_not_complete,status=Incomplete (candidate/summary fields present and used regardless; see docstring)
west,Woking South East Ward,party_not_in_standardisation_table,The Green Party
west,Woking South East Ward,party_not_in_standardisation_table,Reform UK
west,Woking South East Ward,party_not_in_standardisation_table,Reform UK
west,Woking South East Ward,index_status_not_complete,status=Incomplete (candidate/summary fields present and used regardless; see docstring)
west,Woking South Ward,party_not_in_standardisation_table,Reform UK
west,Woking South Ward,party_not_in_standardisation_table,The Green Party
west,Woking South Ward,party_not_in_standardisation_table,Reform UK
west,Woking South Ward,party_not_in_standardisation_table,The Green Party
west,Woking South Ward,party_not_in_standardisation_table,Heritage Party
west,Woking South Ward,index_status_not_complete,status=Incomplete (candidate/summary fields present and used regardless; see docstring)
west,Woking South West Ward,party_not_in_standardisation_table,Reform UK
west,Woking South West Ward,party_not_in_standardisation_table,Reform UK
west,Woking South West Ward,party_not_in_standardisation_table,The Green Party
west,Woking South West Ward,party_not_in_standardisation_table,The Green Party
west,Woking South West Ward,party_not_in_standardisation_table,Heritage Party
west,Woking South West Ward,index_status_not_complete,status=Incomplete (candidate/summary fields present and used regardless; see docstring)
west,Woodham & New Haw Ward,party_not_in_standardisation_table,Reform UK
west,Woodham & New Haw Ward,party_not_in_standardisation_table,The Green Party
west,Woodham & New Haw Ward,party_not_in_standardisation_table,Reform UK
west,Woodham & New Haw Ward,index_status_not_complete,status=Incomplete (candidate/summary fields present and used regardless; see docstring)
west,Worplesdon Ward,party_not_in_standardisation_table,The Green Party
west,Worplesdon Ward,party_not_in_standardisation_table,Reform UK
west,Worplesdon Ward,party_not_in_standardisation_table,The Green Party
west,Worplesdon Ward,party_not_in_standardisation_table,Reform UK
west,Worplesdon Ward,index_status_not_complete,status=Incomplete (candidate/summary fields present and used regardless; see docstring)
