year,council,ward,winning_party,winner_share,second_party,margin,n_parties,turnout
2021,Elmbridge Borough Council,Claygate,Liberal Democrats,60.4,Conservative,24.9,3,2786.0
2021,Elmbridge Borough Council,Cobham & Downside,Conservative,64.5,Liberal Democrats,42.9,5,2215.0
2021,Elmbridge Borough Council,Esher,Esher Residents' Association,52.4,Conservative,16.2,4,2750.0
2021,Elmbridge Borough Council,Hersham Village,Conservative,52.3,Liberal Democrats,20.8,3,2496.0
2021,Elmbridge Borough Council,Hinchley Wood & Weston Green,Hinchley Wood Residents' Association,59.2,Conservative,39.3,4,2900.0
2021,Elmbridge Borough Council,Long Ditton,Liberal Democrats,52.9,Conservative,20.8,5,2527.0
2021,Elmbridge Borough Council,Molesey East,Molesey Residents' Association,34.8,Conservative,4.2,6,2937.0
2021,Elmbridge Borough Council,Molesey West,Molesey Residents' Association,49.4,Conservative,27.4,4,2584.0
2021,Elmbridge Borough Council,Oatlands & Burwood Park,Conservative,59.3,Liberal Democrats,27.8,3,2475.0
2021,Elmbridge Borough Council,Oxshott & Stoke D'Abernon,Conservative,69.2,Liberal Democrats,44.3,3,2758.0
2021,Elmbridge Borough Council,Thames Ditton,Thames Ditton & Weston Green Residents' Association,56.0,Liberal Democrats,39.2,5,2923.0
2021,Elmbridge Borough Council,Walton Central,The Walton Society,46.8,Conservative,19.0,4,2495.0
2021,Elmbridge Borough Council,Walton North,Conservative,38.5,Liberal Democrats,13.9,4,2009.0
2021,Elmbridge Borough Council,Walton South,Conservative,51.1,Liberal Democrats,10.8,3,2713.0
2021,Elmbridge Borough Council,Weybridge Riverside,Liberal Democrats,49.9,Conservative,11.0,3,2486.0
2021,Elmbridge Borough Council,Weybridge St. George's Hill,Weybridge & St. George's Independents,44.6,Conservative,3.5,4,2607.0
2021,Mole Valley District Council,Ashtead Common,Ashtead Independent,63.3,Conservative,44.3,4,1377.0
2021,Mole Valley District Council,Ashtead Park,Ashtead Independent,54.7,Conservative,27.0,5,1456.0
2021,Mole Valley District Council,Ashtead Village,Ashtead Independent,58.7,Conservative,37.4,5,2071.0
2021,Mole Valley District Council,Bookham North,Conservative,49.5,Liberal Democrats,9.2,5,2320.0
2021,Mole Valley District Council,Bookham South,Conservative,47.0,Liberal Democrats,3.3,5,2375.0
2021,Mole Valley District Council,Dorking North,Liberal Democrats,59.6,Conservative,38.6,4,1575.0
2021,Mole Valley District Council,Dorking South,Liberal Democrats,55.9,Conservative,30.6,4,2598.0
2021,Mole Valley District Council,Fetcham East,Conservative,60.6,Liberal Democrats,35.1,4,1451.0
2021,Mole Valley District Council,Fetcham West,Liberal Democrats,58.2,Conservative,18.9,3,1581.0
2021,Mole Valley District Council,Holmwoods,Liberal Democrats,50.6,Conservative,13.6,4,1790.0
2021,Mole Valley District Council,Leatherhead North,Liberal Democrats,47.1,Conservative,5.6,3,1881.0
2021,Mole Valley District Council,Leatherhead South,Conservative,56.5,Liberal Democrats,31.4,4,1551.0
2021,Mole Valley District Council,Westcott,Conservative,61.8,Liberal Democrats,37.9,5,916.0
2021,Reigate and Banstead Borough Council,Banstead Village,Conservative,68.5,Green,56.3,4,2528.0
2021,Reigate and Banstead Borough Council,"Chipstead, Kingswood and Woodansterne",Conservative,72.2,Green,56.8,3,2902.0
2021,Reigate and Banstead Borough Council,Earlswood and Whitebushes,Green,53.7,Conservative,21.4,3,
2021,Reigate and Banstead Borough Council,"Hooley, Merstham and Netherne",Conservative,44.0,Labour,20.9,4,
2021,Reigate and Banstead Borough Council,Horley Central and South,Conservative,57.6,Labour,31.3,3,2398.0
2021,Reigate and Banstead Borough Council,Horley East and Salfords,Conservative,46.3,Green,13.2,3,
2021,Reigate and Banstead Borough Council,Horley West and Sidlow,Conservative,58.8,Labour Co-op,31.7,3,2262.0
2021,Reigate and Banstead Borough Council,"Lower Kingswood, Tadworth and Walton",Conservative,67.8,Liberal Democrats,55.1,4,2975.0
2021,Reigate and Banstead Borough Council,Meadvale and St. John's,Liberal Democrats,43.0,Conservative,4.4,4,2853.0
2021,Reigate and Banstead Borough Council,Nork,Nork RA,69.4,Conservative,48.1,4,2751.0
2021,Reigate and Banstead Borough Council,Redhill East,Green,64.8,Conservative,41.2,3,2358.0
2021,Reigate and Banstead Borough Council,Redhill West and Wray Common,Conservative,42.6,Green,22.9,4,2685.0
2021,Reigate and Banstead Borough Council,Reigate,Conservative,49.2,Liberal Democrats,28.2,4,3209.0
2021,Reigate and Banstead Borough Council,South Park and Woodhatch,Green,52.3,Conservative,16.1,3,2518.0
2021,Reigate and Banstead Borough Council,Tattenham Corner and Preston,Tattenham RA,57.4,Conservative,33.9,5,2135.0
2021,Runnymede Borough Council,Addlestone North,Conservative,46.9,Green,23.6,5,1354.0
2021,Runnymede Borough Council,Addlestone South,Conservative,57.6,Labour Co-op,30.8,3,1310.0
2021,Runnymede Borough Council,Chertsey Riverside,Conservative,54.7,Labour Co-op,31.4,4,1310.0
2021,Runnymede Borough Council,Chertsey St. Ann's,Conservative,52.6,Labour Co-op,33.9,4,1470.0
2021,Runnymede Borough Council,Egham Hythe,Conservative,42.6,Labour Co-op,1.7,3,1643.0
2021,Runnymede Borough Council,Egham Town,RIRG,52.9,Conservative,31.4,4,1748.0
2021,Runnymede Borough Council,Englefield Green West,Conservative,47.7,Labour,26.7,4,1164.0
2021,Runnymede Borough Council,"Longcross, Lyne and Chertsey South",Liberal Democrats,45.7,Conservative,5.2,3,1051.0
2021,Runnymede Borough Council,New Haw,Conservative,56.4,Liberal Democrats,12.8,2,1504.0
2021,Runnymede Borough Council,Ottershaw,Independent,45.0,Conservative,9.5,4,1910.0
2021,Runnymede Borough Council,Thorpe,RIRG,51.0,Conservative,17.2,4,1766.0
2021,Runnymede Borough Council,Virginia Water,Conservative,42.1,Independent,17.7,4,1695.0
2021,Runnymede Borough Council,Woodham and Rowtown,Conservative,59.5,Independent,43.9,4,1875.0
2021,Surrey County Council,Addlestone,Conservative,50.1,Labour,31.1,6,3547.0
2021,Surrey County Council,Ash,Liberal Democrats,55.8,Conservative,19.2,3,3650.0
2021,Surrey County Council,Ashford,Independent,37.1,Conservative,4.6,5,
2021,Surrey County Council,Ashtead,Ashtead Independent,59.1,Conservative,36.9,5,
2021,Surrey County Council,"Bagshot, Windlesham and Chobham",Conservative,36.5,Independent,6.9,5,4474.0
2021,Surrey County Council,"Banstead, Woodmansterne and Chipstead",Conservative,68.8,Labour,52.8,3,4087.0
2021,Surrey County Council,Bookham and Fetcham West,Conservative,47.8,Liberal Democrats,5.0,5,6080.0
2021,Surrey County Council,Camberley East,Conservative,56.9,Liberal Democrats,29.8,3,3542.0
2021,Surrey County Council,Camberley West,Conservative,49.2,Liberal Democrats,16.3,4,3782.0
2021,Surrey County Council,Caterham Hill,Conservative,43.6,Liberal Democrats,2.1,4,
2021,Surrey County Council,Caterham Valley,Liberal Democrats,50.2,Conservative,11.5,3,
2021,Surrey County Council,Chertsey,Conservative,60.4,Labour,39.2,3,3485.0
2021,Surrey County Council,Cobham,Conservative,65.6,Liberal Democrats,38.2,3,3967.0
2021,Surrey County Council,Cranleigh and Ewhurst,Liberal Democrats,46.5,Conservative,2.4,4,
2021,Surrey County Council,Dorking Hills,Liberal Democrats,58.6,Conservative,29.0,4,
2021,Surrey County Council,Dorking Rural,Conservative,49.2,Liberal Democrats,11.3,4,
2021,Surrey County Council,Dorking South and the Holmwoods,Liberal Democrats,54.7,Conservative,25.5,4,
2021,Surrey County Council,Earlswood and Reigate South,Green,44.6,Conservative,3.2,3,3896.0
2021,Surrey County Council,East Molesey and Esher,Conservative,54.2,Liberal Democrats,23.5,4,4651.0
2021,Surrey County Council,Egham,Labour Co-op,39.3,Conservative,3.3,4,2799.0
2021,Surrey County Council,Englefield Green,Conservative,36.0,Runnymede Independent Residents' Group,4.5,5,3256.0
2021,Surrey County Council,Epsom Town and Downs,Residents Association,28.7,Conservative,0.1,6,4997.0
2021,Surrey County Council,Epsom West,Conservative,32.8,Labour,7.5,4,4632.0
2021,Surrey County Council,Ewell,Residents Association,62.1,Conservative,43.8,5,4344.0
2021,Surrey County Council,"Ewell Court, Auriol and Cuddington",Residents Association,66.4,Conservative,52.4,5,4477.0
2021,Surrey County Council,Farnham Central,Farnham Residents,67.3,Conservative,44.8,3,
2021,Surrey County Council,Farnham North,Farnham Residents,55.8,Conservative,36.8,4,
2021,Surrey County Council,Farnham South,Farnham Residents,40.5,Conservative,4.0,4,
2021,Surrey County Council,"Foxhills, Thorpe and Virginia Water",Conservative,49.3,Independent,23.5,4,4257.0
2021,Surrey County Council,Frimley Green and Mytchett,Conservative,61.7,Liberal Democrats,30.5,3,4087.0
2021,Surrey County Council,Godalming North,Liberal Democrats,59.6,Conservative,29.7,3,
2021,Surrey County Council,"Godalming South, Milford and Witley",Liberal Democrats,58.8,Conservative,22.3,3,
2021,Surrey County Council,Godstone,Independent,39.2,Conservative,5.4,5,
2021,Surrey County Council,Goldsworth East and Horsell Village,Liberal Democrats,46.7,Conservative,4.0,3,4866.0
2021,Surrey County Council,Guildford East,Liberal Democrats,32.3,R4GV,1.8,4,4657.0
2021,Surrey County Council,Guildford North,Liberal Democrats,44.2,Conservative,8.8,3,3628.0
2021,Surrey County Council,Guildford South-East,R4GV,37.7,Conservative,6.8,4,4639.0
2021,Surrey County Council,Guildford South-West,Liberal Democrats,47.2,Conservative,27.2,4,4260.0
2021,Surrey County Council,Guildford West,Liberal Democrats,42.6,Conservative,15.2,4,2393.0
2021,Surrey County Council,Haslemere,Liberal Democrats,50.0,Conservative,7.0,3,
2021,Surrey County Council,Heatherside and Parkside,Conservative,48.6,Liberal Democrats,4.1,4,4269.0
2021,Surrey County Council,Hersham,Conservative,59.0,Liberal Democrats,31.9,3,4109.0
2021,Surrey County Council,"Hinchley Wood, Claygate and Oxshott",Conservative,46.9,Liberal Democrats,2.6,4,5880.0
2021,Surrey County Council,Horley East,Conservative,57.0,Labour,34.0,3,3570.0
2021,Surrey County Council,"Horley West, Salfords and Sidlow",Conservative,65.8,Labour,31.6,2,3466.0
2021,Surrey County Council,Horsleys,R4GV,47.8,Conservative,10.4,4,4634.0
2021,Surrey County Council,Knaphill and Goldsworth West,Conservative,47.0,Independent,24.9,6,4499.0
2021,Surrey County Council,Laleham and Shepperton,Conservative,59.9,Green,41.7,5,
2021,Surrey County Council,Leatherhead and Fetcham East,Conservative,53.9,Liberal Democrats,27.0,4,
2021,Surrey County Council,"Lightwater, West End and Bisley",Conservative,43.8,Liberal Democrats,11.8,7,4427.0
2021,Surrey County Council,Lingfield,Conservative,49.2,Independent,24.8,6,
2021,Surrey County Council,Lower Sunbury and Halliford,Conservative,40.5,Liberal Democrats,0.7,4,
2021,Surrey County Council,Merstham and Banstead South,Conservative,56.7,Labour,35.9,4,3617.0
2021,Surrey County Council,Nork and Tattenhams,Nork and Tattenhams Residents` Associations,63.8,Conservative,42.8,5,4332.0
2021,Surrey County Council,Oxted,Conservative,51.7,Independent,32.0,4,
2021,Surrey County Council,Redhill East,Green,65.3,Conservative,44.3,4,4017.0
2021,Surrey County Council,Redhill West and Meadvale,Conservative,43.4,Liberal Democrats,10.5,4,3974.0
2021,Surrey County Council,Reigate,Conservative,46.1,Liberal Democrats,22.4,4,4651.0
2021,Surrey County Council,Shalford,Conservative,56.0,R4GV,32.4,4,4302.0
2021,Surrey County Council,Shere,Conservative,37.2,GGG,1.8,4,4346.0
2021,Surrey County Council,Staines,Conservative,33.0,Independent,6.7,4,
2021,Surrey County Council,Staines South and Ashford West,Conservative,50.1,Liberal Democrats,16.8,4,
2021,Surrey County Council,Stanwell and Stanwell Moor,Labour,46.3,Conservative,6.6,4,
2021,Surrey County Council,Sunbury Common and Ashford Common,Conservative,46.6,Liberal Democrats,27.8,6,
2021,Surrey County Council,"Tadworth, Walton and Kingswood",Conservative,69.8,Labour,58.9,4,4118.0
2021,Surrey County Council,The Byfleets,Independent,54.2,Conservative,24.4,4,3752.0
2021,Surrey County Council,The Dittons,Dittons and Weston Green Residents,49.7,Liberal Democrats,27.3,5,5523.0
2021,Surrey County Council,Walton,Conservative,48.1,Liberal Democrats,13.5,3,4181.0
2021,Surrey County Council,Walton South and Oatlands,Conservative,53.6,Liberal Democrats,17.0,3,4617.0
2021,Surrey County Council,Warlingham,Conservative,58.2,Liberal Democrats,29.8,4,
2021,Surrey County Council,Waverley Eastern Villages,Conservative,61.8,Green,33.3,3,
2021,Surrey County Council,Waverley Western Villages,Conservative,57.8,Liberal Democrats,32.8,5,
2021,Surrey County Council,West Ewell,Residents Association,48.3,Conservative,29.2,5,3684.0
2021,Surrey County Council,West Molesey,The Molesey Residents Association,47.4,Conservative,21.8,4,4055.0
2021,Surrey County Council,Weybridge,Conservative,49.7,Liberal Democrats,16.1,4,4798.0
2021,Surrey County Council,Woking North,Conservative,47.8,Labour,3.3,4,4503.0
2021,Surrey County Council,Woking South,Liberal Democrats,58.0,Conservative,32.5,5,4759.0
2021,Surrey County Council,Woking South East,Conservative,50.5,Liberal Democrats,14.4,4,4474.0
2021,Surrey County Council,Woking South West,Conservative,45.6,Liberal Democrats,12.2,5,3799.0
2021,Surrey County Council,Woodham and New Haw,Conservative,60.6,Liberal Democrats,37.3,3,3392.0
2021,Surrey County Council,Worplesdon,Conservative,59.8,R4GV,43.2,4,4307.0
2021,Tandridge District Council,Bletchingley & Nutfield,Conservative,43.3,Independent,11.1,4,1888.0
2021,Tandridge District Council,"Burstow, Horne & Outwood",Independent,43.5,Conservative,1.6,4,1705.0
2021,Tandridge District Council,Chaldon,Conservative,62.2,Liberal Democrats,24.4,2,1470.0
2021,Tandridge District Council,Godstone,Independent,61.5,Conservative,36.4,4,1802.0
2021,Tandridge District Council,Harestone,Conservative,40.4,Liberal Democrats,1.7,4,1452.0
2021,Tandridge District Council,Oxted North & Tandridge,Oxted & Limpsfield Residents' Group,77.2,Conservative,63.1,4,2316.0
2021,Tandridge District Council,Oxted South,Oxted & Limpsfield Residents' Group,50.4,Conservative,16.3,4,2086.0
2021,Tandridge District Council,Portley,Liberal Democrats,54.8,Conservative,18.0,3,1258.0
2021,Tandridge District Council,Queen's Park (2),Conservative,48.0,Liberal Democrats,6.6,3,1595.0
2021,Tandridge District Council,Valley (2),Liberal Democrats,59.0,Conservative,34.2,4,1081.0
2021,Tandridge District Council,"Warlingham East, Chelsham & Farleigh",Independent,64.3,Conservative,36.5,3,1806.0
2021,Tandridge District Council,Warlingham West,Conservative,60.7,Liberal Democrats,26.9,3,1210.0
2021,Tandridge District Council,Westway,Conservative,40.2,Liberal Democrats,1.2,4,1231.0
2021,Tandridge District Council,Whyteleafe,Liberal Democrats,47.8,Conservative,9.6,3,1105.0
2021,Tandridge District Council,Woldingham,Conservative,69.5,Liberal Democrats,50.2,3,694.0
2021,Woking Borough Council,Byfleet and West Byfleet,Conservative,42.7,Independent,9.6,4,3073.0
2021,Woking Borough Council,Canalside,Labour,50.3,Conservative,16.2,4,2747.0
2021,Woking Borough Council,Goldsworth Park,Liberal Democrats,52.8,Conservative,15.1,3,2540.0
2021,Woking Borough Council,Heathlands,Conservative,47.9,Liberal Democrats,8.3,4,3096.0
2021,Woking Borough Council,Hoe Valley,Liberal Democrats,60.0,Conservative,35.8,5,2427.0
2021,Woking Borough Council,Horsell,Liberal Democrats,54.2,Conservative,8.4,2,3761.0
2021,Woking Borough Council,Knaphill,Conservative,50.8,Independent,18.7,5,3364.0
2021,Woking Borough Council,Mount Hermon,Liberal Democrats,49.4,Conservative,14.5,4,3275.0
2021,Woking Borough Council,Pyrford,Conservative,39.5,Liberal Democrats,10.5,5,3565.0
2021,Woking Borough Council,St. John's,Liberal Democrats,46.5,Conservative,6.9,4,2863.0
2022,Elmbridge Borough Council,Claygate,Liberal Democrats,64.3,Conservative,35.4,3,2645.0
2022,Elmbridge Borough Council,Cobham and Downside,Liberal Democrats,48.0,Conservative,0.5,3,2437.0
2022,Elmbridge Borough Council,Esher,Residents,45.8,Conservative,7.3,4,2746.0
2022,Elmbridge Borough Council,Hersham Village,Liberal Democrats,45.1,Conservative,0.8,3,2486.0
2022,Elmbridge Borough Council,Hinchley Wood & Weston Green,Residents,64.1,Liberal Democrats,41.5,3,2604.0
2022,Elmbridge Borough Council,Long Ditton,Liberal Democrats,73.5,Conservative,47.0,2,2411.0
2022,Elmbridge Borough Council,Molesey East,Conservative,36.4,Liberal Democrats,0.2,5,3093.0
2022,Elmbridge Borough Council,Molesey West,Residents,42.7,Conservative,18.0,4,2260.0
2022,Elmbridge Borough Council,Oatlands & Burwood Park,Conservative,50.1,Liberal Democrats,7.4,3,2338.0
2022,Elmbridge Borough Council,Oxshott & Stoke D'Abernon,Conservative,56.4,Liberal Democrats,12.8,2,2621.0
2022,Elmbridge Borough Council,Thames Ditton,Residents,59.3,Liberal Democrats,32.0,3,2747.0
2022,Elmbridge Borough Council,Walton Central,Residents,31.5,Conservative,5.1,5,2418.0
2022,Elmbridge Borough Council,Walton North,Liberal Democrats,55.7,Conservative,20.8,3,2255.0
2022,Elmbridge Borough Council,Walton South,Liberal Democrats,55.2,Conservative,17.2,4,3027.0
2022,Elmbridge Borough Council,Weybridge Riverside,Liberal Democrats,52.4,Conservative,13.3,3,2290.0
2022,Elmbridge Borough Council,Weybridge St. George's Hill,Conservative,51.5,Residents,15.6,3,2533.0
2022,Mole Valley District Council,Ashtead Common,Ashtead Ind.,61.1,Conservative,46.2,4,1356.0
2022,Mole Valley District Council,Ashtead Park,Ashtead Ind.,64.1,Conservative,38.2,3,1414.0
2022,Mole Valley District Council,Ashtead Village,Ashtead Ind.,62.9,Conservative,46.7,4,1976.0
2022,Mole Valley District Council,Bookham North,Liberal Democrats,60.6,Conservative,27.1,3,2344.0
2022,Mole Valley District Council,Bookham South,Liberal Democrats,61.1,Conservative,28.5,3,2204.0
2022,Mole Valley District Council,"Brockham, Betchworth and Buckland",Conservative,57.7,Liberal Democrats,26.6,4,1679.0
2022,Mole Valley District Council,"Capel, Leigh and Newdigate",Liberal Democrats,48.7,Conservative,4.2,3,1659.0
2022,Mole Valley District Council,Dorking North,Liberal Democrats,56.9,Green,35.6,4,1549.0
2022,Mole Valley District Council,Dorking South,Liberal Democrats,61.4,Conservative,43.2,4,2452.0
2022,Mole Valley District Council,Fetcham East,Conservative,58.7,Liberal Democrats,25.5,3,1327.0
2022,Mole Valley District Council,Fetcham West,Liberal Democrats,65.8,Conservative,31.6,2,1574.0
2022,Mole Valley District Council,Holmwoods,Liberal Democrats,60.2,Conservative,27.2,3,1657.0
2022,Mole Valley District Council,Leatherhead North,Liberal Democrats,54.3,Conservative,22.5,4,1818.0
2022,Mole Valley District Council,Leatherhead South,Conservative,46.7,Liberal Democrats,9.6,4,1451.0
2022,Reigate and Banstead Borough Council,Banstead Village,Conservative,46.5,Independent,26.5,5,2449.0
2022,Reigate and Banstead Borough Council,"Chipstead, Kingswood and Woodansterne",Conservative,62.1,Green,41.0,3,2517.0
2022,Reigate and Banstead Borough Council,Earlswood and Whitebushes,Green,65.3,Conservative,45.0,3,2456.0
2022,Reigate and Banstead Borough Council,"Hooley, Merstham and Netherne",Conservative,35.1,Labour,8.2,4,2729.0
2022,Reigate and Banstead Borough Council,Horley Central and South,Conservative,48.1,Labour,18.2,4,2289.0
2022,Reigate and Banstead Borough Council,Horley East and Salfords,Green,41.7,Conservative,1.0,3,2518.0
2022,Reigate and Banstead Borough Council,Horley West and Sidlow,Conservative,48.2,Labour,12.5,3,2238.0
2022,Reigate and Banstead Borough Council,Meadvale and St. John's,Liberal Democrats,56.4,Conservative,29.3,3,2808.0
2022,Reigate and Banstead Borough Council,Nork,Nork RA,60.7,Conservative,37.9,4,2510.0
2022,Reigate and Banstead Borough Council,Redhill East,Green,64.1,Conservative,46.6,4,2206.0
2022,Reigate and Banstead Borough Council,Redhill West and Wray Common,Conservative,33.3,Labour,5.9,4,2605.0
2022,Reigate and Banstead Borough Council,Reigate,Conservative,34.8,Liberal Democrats,10.9,5,3052.0
2022,Reigate and Banstead Borough Council,South Park and Woodhatch,Green,56.7,Conservative,30.5,4,2256.0
2022,Reigate and Banstead Borough Council,Tattenham Corner and Preston,Tattenham RA,60.0,Conservative,40.1,4,2073.0
2022,Runnymede Borough Council,Addlestone North,Green,40.6,Conservative,3.4,4,1294.0
2022,Runnymede Borough Council,Addlestone South,Conservative,44.3,Labour Co-op,19.7,4,1376.0
2022,Runnymede Borough Council,Chertsey Riverside,Conservative,39.1,Labour Co-op,11.7,4,1216.0
2022,Runnymede Borough Council,Chertsey St. Ann's,Conservative,34.3,Independent,1.6,4,1464.0
2022,Runnymede Borough Council,Egham Hythe,Labour Co-op,57.8,Conservative,15.6,2,1432.0
2022,Runnymede Borough Council,Egham Town,RIRG,55.4,Conservative,36.7,5,1490.0
2022,Runnymede Borough Council,Englefield Green East,Independent,45.9,Conservative,18.8,4,802.0
2022,Runnymede Borough Council,Englefield Green West,Labour Co-op,36.8,Conservative,1.8,3,1094.0
2022,Runnymede Borough Council,"Longcross, Lyne and Chertsey South",Liberal Democrats,68.8,Conservative,37.6,2,955.0
2022,Runnymede Borough Council,New Haw,Conservative,48.1,Liberal Democrats,0.6,3,1374.0
2022,Runnymede Borough Council,Ottershaw,Independent,55.6,Conservative,30.5,4,1704.0
2022,Runnymede Borough Council,Thorpe,RIRG,53.1,Conservative,25.1,4,1503.0
2022,Runnymede Borough Council,Virginia Water,Conservative,56.7,Liberal Democrats,20.7,3,1588.0
2022,Runnymede Borough Council,Woodham and Rowtown,Conservative,55.1,Liberal Democrats,26.4,3,1705.0
2022,Tandridge District Council,Bletchingley and Nutfield,Independent,40.9,Conservative,11.8,5,1742.0
2022,Tandridge District Council,"Burstow, Horne & Outwood",Independent,48.1,Conservative,17.5,5,1510.0
2022,Tandridge District Council,Dormansland & Felcourt,Independent,49.3,Conservative,12.7,4,1192.0
2022,Tandridge District Council,Godstone,Independent,61.9,Conservative,41.1,4,1609.0
2022,Tandridge District Council,Harestone,Liberal Democrats,55.2,Conservative,15.1,3,1313.0
2022,Tandridge District Council,Limpsfield,Residents,65.4,Conservative,44.9,4,1300.0
2022,Tandridge District Council,Lingfield & Crowhurst,Independent,44.0,Conservative,1.1,4,1271.0
2022,Tandridge District Council,Oxted North & Tandridge,Residents,78.5,Conservative,66.1,4,1999.0
2022,Tandridge District Council,Oxted South,Residents,67.1,Conservative,53.1,4,1814.0
2022,Tandridge District Council,Queens Park,Liberal Democrats,44.9,Conservative,0.3,3,1093.0
2022,Tandridge District Council,"Warlingham East, Chelsham & Farleigh",Liberal Democrats,45.0,Conservative,12.4,4,1590.0
2022,Tandridge District Council,Warlingham West,Conservative,45.7,Independent,19.9,4,1060.0
2022,Tandridge District Council,Westway,Liberal Democrats,50.7,Conservative,18.0,3,972.0
2022,Tandridge District Council,Whyteleafe,Liberal Democrats,48.5,Conservative,12.5,3,1020.0
2022,Woking Borough Council,Byfleet and West Byfleet,Independent,52.4,Conservative,26.4,3,3238.0
2022,Woking Borough Council,Canalside,Labour,48.4,Conservative,13.8,3,2726.0
2022,Woking Borough Council,Goldsworth Park,Liberal Democrats,66.4,Conservative,32.8,2,2497.0
2022,Woking Borough Council,Heathlands,Liberal Democrats,49.2,Conservative,13.7,4,3067.0
2022,Woking Borough Council,Hoe Valley,Liberal Democrats,63.8,Conservative,43.3,4,2365.0
2022,Woking Borough Council,Horsell,Liberal Democrats,61.8,Conservative,30.1,3,3717.0
2022,Woking Borough Council,Knaphill,Independent,48.1,Conservative,13.0,3,2918.0
2022,Woking Borough Council,Mount Hermon,Liberal Democrats,64.5,Conservative,38.9,4,3068.0
2022,Woking Borough Council,Pyrford,Liberal Democrats,53.2,Conservative,18.2,4,3296.0
2022,Woking Borough Council,St Johns,Liberal Democrats,60.4,Conservative,32.0,4,2858.0
2023,Elmbridge Borough Council,Claygate,Liberal Democrats,70.1,Conservative,44.5,3,2469.0
2023,Elmbridge Borough Council,Cobham and Downside,Liberal Democrats,49.2,Conservative,6.1,5,2546.0
2023,Elmbridge Borough Council,Esher,Residents,51.3,Conservative,12.3,3,2537.0
2023,Elmbridge Borough Council,Hersham Village,Liberal Democrats,46.6,Conservative,2.3,3,2787.0
2023,Elmbridge Borough Council,Hinchley Wood and Weston Green,Residents,61.9,Liberal Democrats,41.9,4,2589.0
2023,Elmbridge Borough Council,Long Ditton,Liberal Democrats,70.6,Conservative,48.0,3,2083.0
2023,Elmbridge Borough Council,Molesey East,Liberal Democrats,42.6,Residents,10.9,4,2900.0
2023,Elmbridge Borough Council,Molesey West,Residents,43.0,Liberal Democrats,10.5,4,2155.0
2023,Elmbridge Borough Council,Oatlands and Burwood Park,Conservative,51.3,Liberal Democrats,11.0,4,2516.0
2023,Elmbridge Borough Council,Oxshott and Stoke d'Abernon,Conservative,60.5,Liberal Democrats,25.9,4,2599.0
2023,Elmbridge Borough Council,Thames Ditton,Residents,58.2,Liberal Democrats,34.2,5,2684.0
2023,Elmbridge Borough Council,Walton Central,Liberal Democrats,39.5,Residents,3.9,4,2602.0
2023,Elmbridge Borough Council,Walton North,Liberal Democrats,55.1,Conservative,19.2,3,2171.0
2023,Elmbridge Borough Council,Walton South,Liberal Democrats,50.1,Conservative,9.0,4,2947.0
2023,Elmbridge Borough Council,Weybridge Riverside,Liberal Democrats,52.9,Conservative,16.4,3,2068.0
2023,Elmbridge Borough Council,Weybridge St George's Hill,Residents,48.8,Conservative,10.1,3,2346.0
2023,Epsom and Ewell Borough Council,Auriol (2 Seats),Residents Association,72.6,Conservative,59.6,4,1038.0
2023,Epsom and Ewell Borough Council,College (3 Seats),Liberal Democrats,45.8,Residents Association,24.4,4,2319.0
2023,Epsom and Ewell Borough Council,Court (3 Seats),Labour,53.1,Residents Association,31.9,4,1271.0
2023,Epsom and Ewell Borough Council,Cuddington (3 Seats),Residents Association,61.5,Labour,47.1,4,1511.0
2023,Epsom and Ewell Borough Council,Ewell Court (2 Seats),Residents Association,70.4,Conservative,57.5,4,1156.0
2023,Epsom and Ewell Borough Council,Ewell Village (2 Seats),Residents Association,48.9,Labour,33.2,5,1022.0
2023,Epsom and Ewell Borough Council,Horton (2 Seats),Conservative,49.7,Labour,25.6,4,1448.0
2023,Epsom and Ewell Borough Council,Nonsuch (3 Seats),Residents Association,45.6,Conservative,26.1,5,1757.0
2023,Epsom and Ewell Borough Council,Ruxley (2 Seats),Residents Association,46.0,Labour,26.0,5,819.0
2023,Epsom and Ewell Borough Council,Stamford (2 Seats),Liberal Democrats,25.0,Residents Association,0.5,5,1567.0
2023,Epsom and Ewell Borough Council,Stoneleigh (2 Seats),Residents Association,69.6,Conservative,55.1,4,1148.0
2023,Epsom and Ewell Borough Council,Town (3 Seats),Residents Association,33.9,Labour,6.5,5,1515.0
2023,Epsom and Ewell Borough Council,West Ewell (3 Seats),Residents Association,34.1,Labour,13.3,5,1545.0
2023,Epsom and Ewell Borough Council,Woodcote and Langley Vale (3 Seats),Residents Association,52.0,Conservative,22.2,4,1676.0
2023,Guildford Borough Council,Ash South,R4GV,47.7,Liberal Democrats,13.1,3,1429.0
2023,Guildford Borough Council,Ash Vale,Liberal Democrats,67.4,Conservative,34.8,2,1761.0
2023,Guildford Borough Council,Ash Wharf,Liberal Democrats,41.1,Conservative,13.2,4,1437.0
2023,Guildford Borough Council,Bellfields and Slyfield,Labour,35.2,Conservative,9.1,4,1084.0
2023,Guildford Borough Council,Burpham,Liberal Democrats,41.3,Conservative,15.3,4,2337.0
2023,Guildford Borough Council,Castle,R4GV,29.7,Conservative,0.8,5,3293.0
2023,Guildford Borough Council,Clandon and Horsley,R4GV,58.6,Conservative,38.5,4,3124.0
2023,Guildford Borough Council,Effingham,Liberal Democrats,64.8,Conservative,34.9,3,811.0
2023,Guildford Borough Council,Merrow,Liberal Democrats,29.9,R4GV,7.3,5,3203.0
2023,Guildford Borough Council,Normandy and Pirbright,Conservative,47.7,Liberal Democrats,30.3,5,1616.0
2023,Guildford Borough Council,Onslow,Liberal Democrats,51.5,Conservative,32.1,5,2196.0
2023,Guildford Borough Council,Pilgrims,Conservative,52.9,R4GV,30.2,4,1469.0
2023,Guildford Borough Council,Send and Lovelace,GGG,41.7,R4GV,19.8,5,2105.0
2023,Guildford Borough Council,Shalford,Liberal Democrats,47.1,Conservative,23.4,4,1883.0
2023,Guildford Borough Council,St Nicolas,Liberal Democrats,46.2,Conservative,23.7,4,1124.0
2023,Guildford Borough Council,Stoke,Liberal Democrats,27.9,Green,5.2,5,1923.0
2023,Guildford Borough Council,Stoughton North,Liberal Democrats,46.3,Conservative,20.2,4,1593.0
2023,Guildford Borough Council,Stoughton South,Liberal Democrats,39.9,Labour,14.5,5,1628.0
2023,Guildford Borough Council,Tillingbourne,Liberal Democrats,40.2,Conservative,1.0,4,1803.0
2023,Guildford Borough Council,Westborough,Liberal Democrats,37.5,Labour,5.7,4,1308.0
2023,Guildford Borough Council,Worplesdon,Conservative,39.0,R4GV,8.4,4,2615.0
2023,Mole Valley District Council,Ashtead Lanes & Common,Ashtead Ind.,61.8,Liberal Democrats,43.4,4,2481.0
2023,Mole Valley District Council,Ashtead Park,Ashtead Ind.,43.4,Independent,18.7,6,2292.0
2023,Mole Valley District Council,Bookham East & Eastwick Park,Liberal Democrats,55.8,Conservative,20.6,4,2598.0
2023,Mole Valley District Council,Bookham West,Liberal Democrats,58.6,Conservative,28.4,3,2184.0
2023,Mole Valley District Council,"Brockham, Betchworth, Buckland, Box Hill & Headley",Liberal Democrats,43.3,Conservative,2.8,4,2289.0
2023,Mole Valley District Council,"Capel, Leigh, Newdigate & Charlwood",Liberal Democrats,39.6,Conservative,8.7,4,2101.0
2023,Mole Valley District Council,Dorking North,Liberal Democrats,47.6,Green,19.1,4,2409.0
2023,Mole Valley District Council,Dorking South,Liberal Democrats,60.3,Green,39.7,3,2161.0
2023,Mole Valley District Council,Fetcham,Liberal Democrats,53.8,Conservative,21.6,4,2427.0
2023,Mole Valley District Council,Holmwoods & Beare Green,Liberal Democrats,49.7,Conservative,18.9,4,1806.0
2023,Mole Valley District Council,Leatherhead North,Liberal Democrats,52.0,Conservative,24.2,3,1217.0
2023,Mole Valley District Council,Leatherhead South,Liberal Democrats,41.4,Conservative,4.7,4,1940.0
2023,Mole Valley District Council,"Mickleham, Westcott & Okewood",Liberal Democrats,50.8,Conservative,17.7,3,2191.0
2023,Reigate and Banstead Borough Council,Banstead Village,Conservative,62.4,Labour,46.8,4,2160.0
2023,Reigate and Banstead Borough Council,"Chipstead, Kingswood and Woodmansterne",Conservative,62.8,Green,49.7,4,2353.0
2023,Reigate and Banstead Borough Council,Earlswood and Whitebushes,Green,58.4,Conservative,36.6,4,2327.0
2023,Reigate and Banstead Borough Council,"Hooley, Merstham and Netherne",Green,37.4,Conservative,8.5,4,2482.0
2023,Reigate and Banstead Borough Council,Horley Central and South,Conservative,39.9,Labour,13.3,5,2107.0
2023,Reigate and Banstead Borough Council,Horley East and Salfords,Green,42.1,Conservative,6.8,4,2420.0
2023,Reigate and Banstead Borough Council,Horley West and Sidlow,Conservative,40.0,Labour,6.8,4,2341.0
2023,Reigate and Banstead Borough Council,"Lower Kingswood, Tadworth and Walton",Conservative,62.6,Liberal Democrats,42.7,3,2584.0
2023,Reigate and Banstead Borough Council,Meadvale and St. John’s,Liberal Democrats,45.0,Conservative,17.5,4,2688.0
2023,Reigate and Banstead Borough Council,Nork,Residents,56.8,Conservative,30.8,5,2366.0
2023,Reigate and Banstead Borough Council,Redhill East,Green,71.0,Conservative,56.7,4,2118.0
2023,Reigate and Banstead Borough Council,Redhill West and Wray Common,Labour,35.8,Conservative,1.2,4,2497.0
2023,Reigate and Banstead Borough Council,Reigate,Conservative,44.2,Liberal Democrats,14.0,4,2848.0
2023,Reigate and Banstead Borough Council,South Park and Woodhatch,Conservative,46.1,Green,6.4,4,2372.0
2023,Reigate and Banstead Borough Council,Tattenham Corner and Preston,Residents,63.4,Conservative,48.5,5,1950.0
2023,Runnymede Borough Council,Addlestone North,Green,39.7,Conservative,2.2,4,1374.0
2023,Runnymede Borough Council,Addlestone South,Conservative,41.7,Labour Co-op,5.4,4,1459.0
2023,Runnymede Borough Council,Chertsey Riverside,Conservative,41.9,Labour Co-op,3.4,4,1349.0
2023,Runnymede Borough Council,Chertsey St. Ann's,Conservative,45.1,Labour Co-op,8.6,4,1434.0
2023,Runnymede Borough Council,Egham Hythe,Labour Co-op,49.8,Conservative,8.3,4,1503.0
2023,Runnymede Borough Council,Egham Town,RIRG,64.6,Labour,49.7,4,1434.0
2023,Runnymede Borough Council,Englefield Green East,Independent,54.5,Conservative,31.3,4,811.0
2023,Runnymede Borough Council,Englefield Green West,Labour,53.9,Conservative,7.8,2,1138.0
2023,Runnymede Borough Council,"Longcross, Lyne and Chertsey South",Liberal Democrats,73.2,Conservative,46.4,2,941.0
2023,Runnymede Borough Council,New Haw,Liberal Democrats,64.7,Conservative,34.1,4,1754.0
2023,Runnymede Borough Council,Ottershaw,Independent,45.4,Conservative,19.2,5,1643.0
2023,Runnymede Borough Council,Thorpe,RIRG,53.5,Conservative,24.9,4,1383.0
2023,Runnymede Borough Council,Virginia Water,Conservative,47.5,Liberal Democrats,8.6,5,1661.0
2023,Runnymede Borough Council,Woodham and Rowtown,Conservative,55.5,Liberal Democrats,35.1,4,1663.0
2023,Spelthorne Borough Council,Ashford Common,Conservative,30.9,Independent,0.4,4,1929.0
2023,Spelthorne Borough Council,Ashford East,Independent,40.2,Conservative,11.2,4,1958.0
2023,Spelthorne Borough Council,Ashford North & Stanwell South,Labour,39.6,Conservative,11.8,4,1687.0
2023,Spelthorne Borough Council,Ashford Town,Independent,28.9,Conservative,2.8,4,2046.0
2023,Spelthorne Borough Council,Halliford & Sunbury West,Liberal Democrats,56.8,Conservative,29.4,3,1610.0
2023,Spelthorne Borough Council,Laleham & Shepperton Green,Conservative,34.7,Green,10.0,6,1892.0
2023,Spelthorne Borough Council,Riverside & Laleham,Independent,40.1,Liberal Democrats,5.7,3,2128.0
2023,Spelthorne Borough Council,Shepperton Town,Conservative,33.7,Green,14.1,5,2082.0
2023,Spelthorne Borough Council,Staines,Green,35.5,Independent,8.1,4,2139.0
2023,Spelthorne Borough Council,Staines South,Liberal Democrats,49.3,Labour,16.9,3,1649.0
2023,Spelthorne Borough Council,Stanwell North,Labour,56.0,Conservative,12.0,2,1528.0
2023,Spelthorne Borough Council,Sunbury Common,Liberal Democrats,42.4,Independent,11.3,4,1562.0
2023,Spelthorne Borough Council,Sunbury East,Liberal Democrats,38.2,Conservative,3.6,3,2083.0
2023,Surrey Heath Borough Council,Bagshot,Conservative,46.0,Liberal Democrats,16.5,4,1924.0
2023,Surrey Heath Borough Council,Bisley and West End,Liberal Democrats,49.3,Conservative,21.0,3,2281.0
2023,Surrey Heath Borough Council,Frimley,Liberal Democrats,60.5,Conservative,21.0,2,1286.0
2023,Surrey Heath Borough Council,Frimley Green,Liberal Democrats,60.5,Conservative,21.0,2,1842.0
2023,Surrey Heath Borough Council,Heatherside,Liberal Democrats,66.1,Conservative,32.2,2,2471.0
2023,Surrey Heath Borough Council,Lightwater,Liberal Democrats,48.1,Conservative,8.9,4,2270.0
2023,Surrey Heath Borough Council,Mytchett and Deepcut,Liberal Democrats,57.0,Conservative,14.0,2,1814.0
2023,Surrey Heath Borough Council,Old Dean,Conservative,58.9,Labour,17.8,2,957.0
2023,Surrey Heath Borough Council,Parkside,Liberal Democrats,56.2,Conservative,12.4,2,1534.0
2023,Surrey Heath Borough Council,St Michael's,Labour,57.6,Conservative,15.2,2,1210.0
2023,Surrey Heath Borough Council,St Paul's,Conservative,48.6,Liberal Democrats,2.8,3,1472.0
2023,Surrey Heath Borough Council,Town,Liberal Democrats,60.7,Conservative,21.4,2,1184.0
2023,Surrey Heath Borough Council,Watchetts,Liberal Democrats,60.9,Conservative,21.8,2,1400.0
2023,Surrey Heath Borough Council,Windlesham and Chobham,Independent,41.6,Conservative,15.9,4,1982.0
2023,Tandridge District Council,Bletchingley and Nutfield,Independent,38.0,Liberal Democrats,12.0,4,1564.0
2023,Tandridge District Council,"Burstow, Horne and Outwood",Independent,51.8,Conservative,27.6,5,1399.0
2023,Tandridge District Council,Chaldon,Conservative,66.2,Liberal Democrats,43.4,4,583.0
2023,Tandridge District Council,Dormansland and Felcourt,Independent,41.6,Conservative,3.2,4,1096.0
2023,Tandridge District Council,Felbridge,Independent,39.5,Conservative,4.5,4,625.0
2023,Tandridge District Council,Godstone,Independent,62.9,Conservative,45.2,4,1366.0
2023,Tandridge District Council,Limpsfield,OLRG,75.9,Conservative,62.6,4,1244.0
2023,Tandridge District Council,Lingfield and Crowhurst,Conservative,38.3,Independent,0.3,4,1245.0
2023,Tandridge District Council,Oxted North and Tandridge,OLRG,74.8,Conservative,62.7,5,1833.0
2023,Tandridge District Council,Oxted South,OLRG,64.9,Conservative,52.6,5,1693.0
2023,Tandridge District Council,Portley,Liberal Democrats,59.0,Conservative,32.0,3,937.0
2023,Tandridge District Council,Tatsfield and Titsey,Independent,68.3,Conservative,45.5,3,543.0
2023,Tandridge District Council,Valley,Liberal Democrats,73.9,Conservative,56.8,3,925.0
2023,Tandridge District Council,"Warlingham East, Chelsham and Farleigh",Liberal Democrats,46.2,Conservative,13.4,5,1392.0
2023,Waverley Borough Council,"Alfold, Dunsfold & Hascombe",Conservative,44.0,Liberal Democrats,15.0,4,948.0
2023,Waverley Borough Council,Bramley & Wonersh,Conservative,42.6,Liberal Democrats,15.2,4,2901.0
2023,Waverley Borough Council,Chiddingfold,Liberal Democrats,75.1,Conservative,50.2,2,889.0
2023,Waverley Borough Council,Cranleigh East,Liberal Democrats,59.7,Conservative,30.3,3,2112.0
2023,Waverley Borough Council,Cranleigh West,Liberal Democrats,55.3,Conservative,21.3,5,1852.0
2023,Waverley Borough Council,Elstead & Peper Harow,Liberal Democrats,60.9,Conservative,21.8,2,1065.0
2023,Waverley Borough Council,Ewhurst & Ellens Green,Liberal Democrats,51.2,Conservative,9.4,4,902.0
2023,Waverley Borough Council,Farnham Bourne,Conservative,44.2,Farnham Residents,8.8,3,1529.0
2023,Waverley Borough Council,Farnham Castle,Farnham Residents,50.2,Labour Co-op,15.5,3,1109.0
2023,Waverley Borough Council,Farnham Firgrove,Farnham Residents,55.1,Labour,25.7,3,1428.0
2023,Waverley Borough Council,Farnham Heath End,Farnham Residents,58.5,Labour,33.3,3,1357.0
2023,Waverley Borough Council,Farnham Moor Park,Farnham Residents,47.3,Liberal Democrats,13.7,3,1340.0
2023,Waverley Borough Council,Farnham North West,Farnham Residents,58.2,Green,35.4,3,981.0
2023,Waverley Borough Council,Farnham Rowledge,Farnham Residents,53.8,Conservative,28.2,3,1521.0
2023,Waverley Borough Council,Farnham Weybourne,Farnham Residents,46.6,Liberal Democrats,6.6,3,1085.0
2023,Waverley Borough Council,Godalming Binscombe & Charterhouse,Liberal Democrats,29.3,Green,2.1,4,2494.0
2023,Waverley Borough Council,Godalming Central & Ockford,Liberal Democrats,70.6,Conservative,41.2,2,1256.0
2023,Waverley Borough Council,Godalming Farncombe & Catteshall,Liberal Democrats,47.4,Labour,15.7,3,1535.0
2023,Waverley Borough Council,Godalming Holloway,Conservative,30.2,Liberal Democrats,0.0,4,2030.0
2023,Waverley Borough Council,Haselmere West,Liberal Democrats,64.3,Conservative,42.3,3,1247.0
2023,Waverley Borough Council,Haslemere East,Liberal Democrats,34.1,Conservative,4.1,4,2375.0
2023,Waverley Borough Council,Hindhead & Beacon Hill,Liberal Democrats,55.1,Conservative,10.2,2,1432.0
2023,Waverley Borough Council,Western Commons,Independent,45.3,Conservative,17.8,3,1479.0
2023,Waverley Borough Council,Witley & Milford,Independent,30.3,Liberal Democrats,6.1,4,2490.0
2023,Woking Borough Council,Byfleet and West Byfleet,Independent,58.7,Conservative,38.1,5,2824.0
2023,Woking Borough Council,Canalside,Labour,48.8,Liberal Democrats,25.0,4,2342.0
2023,Woking Borough Council,Goldsworth Park,Liberal Democrats,57.4,Conservative,31.9,4,2340.0
2023,Woking Borough Council,Heathlands,Liberal Democrats,55.6,Conservative,22.5,5,3111.0
2023,Woking Borough Council,Hoe Valley,Liberal Democrats,67.9,Conservative,52.0,4,2185.0
2023,Woking Borough Council,Horsell,Liberal Democrats,63.4,Conservative,37.0,4,3380.0
2023,Woking Borough Council,Knaphill,Liberal Democrats,39.2,Conservative,13.2,5,2937.0
2023,Woking Borough Council,Mount Hermon,Liberal Democrats,58.9,Conservative,35.1,5,2906.0
2023,Woking Borough Council,Pyrford,Liberal Democrats,58.0,Conservative,28.5,4,2972.0
2023,Woking Borough Council,St John's,Liberal Democrats,63.7,Conservative,42.9,5,2581.0
2024,Elmbridge Borough Council,Claygate,Independent,39.9,Liberal Democrats,6.4,5,2559.0
2024,Elmbridge Borough Council,Cobham & Downside,Conservative,49.9,Liberal Democrats,11.9,4,4118.0
2024,Elmbridge Borough Council,Cobham and Downside,Conservative,45.8,Liberal Democrats,5.5,5,2205.0
2024,Elmbridge Borough Council,Esher,Residents,46.5,Conservative,10.9,4,2371.0
2024,Elmbridge Borough Council,Hersham Village,Liberal Democrats,49.3,Conservative,5.1,3,2737.0
2024,Elmbridge Borough Council,Hinchley Wood and Weston Green,Residents,63.0,Liberal Democrats,45.8,4,2583.0
2024,Elmbridge Borough Council,Long Ditton,Liberal Democrats,69.5,Conservative,47.2,3,2149.0
2024,Elmbridge Borough Council,Molesey East,Liberal Democrats,48.1,Conservative,12.4,4,2684.0
2024,Elmbridge Borough Council,Molesey West,Residents,44.7,Liberal Democrats,12.2,4,2311.0
2024,Elmbridge Borough Council,Oatlands and Burwood Park,Conservative,48.3,Liberal Democrats,5.0,4,2607.0
2024,Elmbridge Borough Council,Oxshott and Stoke d'Abernon,Conservative,59.3,Liberal Democrats,29.1,5,2324.0
2024,Elmbridge Borough Council,Thames Ditton,Residents,50.8,Liberal Democrats,20.7,4,2644.0
2024,Elmbridge Borough Council,Walton Central,Liberal Democrats,43.6,Residents,10.1,4,2417.0
2024,Elmbridge Borough Council,Walton North,Liberal Democrats,62.8,Conservative,37.6,3,1919.0
2024,Elmbridge Borough Council,Walton South,Liberal Democrats,51.6,Conservative,13.7,4,2692.0
2024,Elmbridge Borough Council,Weybridge Riverside,Liberal Democrats,60.4,Conservative,30.8,3,2023.0
2024,Elmbridge Borough Council,Weybridge St George's Hill,Residents,53.0,Conservative,23.7,4,2404.0
2024,Elmbridge Borough Council,Weybridge St. George's Hill,Conservative,46.0,Residents,0.8,3,1322.0
2024,Mole Valley District Council,Ashstead Park,Ashstead Ind.,53.3,Liberal Democrats,35.1,5,
2024,Mole Valley District Council,Ashtead Lanes & Common,Ashstead Ind.,58.9,Liberal Democrats,40.5,5,
2024,Mole Valley District Council,Bookham East & Eastwick Park,Liberal Democrats,62.6,Conservative,32.1,4,
2024,Mole Valley District Council,Bookham West,Liberal Democrats,60.6,Conservative,32.9,4,
2024,Mole Valley District Council,"Brockham, Betchworth, Buckland, Box Hill & Headley",Liberal Democrats,50.2,Conservative,20.8,4,
2024,Mole Valley District Council,"Capel, Leigh, Newdigate & Charlwood",Liberal Democrats,42.8,Conservative,9.9,4,
2024,Mole Valley District Council,Dorking North,Liberal Democrats,49.6,Green,24.2,4,
2024,Mole Valley District Council,Dorking South,Liberal Democrats,58.8,Conservative,42.5,4,
2024,Mole Valley District Council,Fetcham,Liberal Democrats,58.3,Conservative,27.0,4,
2024,Mole Valley District Council,Holmwoods & Beare Green,Liberal Democrats,45.4,Conservative,15.4,5,
2024,Mole Valley District Council,Leatherhead North,Liberal Democrats,51.9,Conservative,26.6,4,
2024,Mole Valley District Council,Leatherhead South,Liberal Democrats,49.0,Conservative,12.9,4,
2024,Mole Valley District Council,"Mickleham, Westcott & Okewood",Liberal Democrats,57.0,Conservative,27.2,4,
2024,Reigate and Banstead Borough Council,Banstead Village,Conservative,60.7,Labour,42.0,4,2257.0
2024,Reigate and Banstead Borough Council,"Chipstead, Kingswood & Woodmansterne",Conservative,65.0,Labour,52.0,4,2590.0
2024,Reigate and Banstead Borough Council,Earlswood & Whitebushes,Green,60.4,Conservative,42.8,4,2381.0
2024,Reigate and Banstead Borough Council,"Hooley, Merstham & Netherne",Green,38.4,Conservative,14.3,5,2650.0
2024,Reigate and Banstead Borough Council,Horley Central & South,Conservative,33.3,Green,7.9,4,2367.0
2024,Reigate and Banstead Borough Council,Horley East & Salfords,Green,42.9,Conservative,8.8,4,2560.0
2024,Reigate and Banstead Borough Council,Horley West & Sidlow,Liberal Democrats,40.2,Conservative,12.4,4,2720.0
2024,Reigate and Banstead Borough Council,"Lower Kingswood, Tadworth & Walton",Independent,39.9,Conservative,3.4,5,2856.0
2024,Reigate and Banstead Borough Council,Meadvale & St. John's,Liberal Democrats,36.6,Conservative,7.7,4,2663.0
2024,Reigate and Banstead Borough Council,Nork,Residents,65.4,Conservative,46.8,5,2438.0
2024,Reigate and Banstead Borough Council,Redhill East,Green,62.8,Labour,46.6,4,2314.0
2024,Reigate and Banstead Borough Council,Redhill West & Wray Common,Labour,41.1,Conservative,10.0,4,2618.0
2024,Reigate and Banstead Borough Council,Reigate,Conservative,36.1,Liberal Democrats,2.8,4,3054.0
2024,Reigate and Banstead Borough Council,South Park & Woodhatch,Green,50.6,Conservative,29.8,5,2345.0
2024,Reigate and Banstead Borough Council,Tattenham Corner & Preston,Residents,60.4,Conservative,44.8,5,2213.0
2024,Runnymede Borough Council,Addlestone North,Green,39.8,Conservative,14.0,5,1245.0
2024,Runnymede Borough Council,Addlestone South,Conservative,42.0,Labour Co-op,0.6,3,1441.0
2024,Runnymede Borough Council,Chertsey Riverside,Labour Co-op,45.9,Conservative,8.1,4,1423.0
2024,Runnymede Borough Council,Chertsey St. Ann's,Labour Co-op,47.2,Conservative,12.5,4,1385.0
2024,Runnymede Borough Council,Egham Hythe,Labour Co-op,50.6,Conservative,9.0,3,1410.0
2024,Runnymede Borough Council,Egham Town,RIRG,50.6,Conservative,29.7,5,1453.0
2024,Runnymede Borough Council,Englefield Green West,Labour,32.9,Conservative,3.4,4,1125.0
2024,Runnymede Borough Council,"Longcross, Lyne and Chertsey South",Liberal Democrats,70.0,Conservative,40.0,2,921.0
2024,Runnymede Borough Council,New Haw,Liberal Democrats,72.7,Conservative,52.1,4,1683.0
2024,Runnymede Borough Council,Ottershaw,Independent,46.1,Conservative,21.7,5,1576.0
2024,Runnymede Borough Council,Thorpe,RIRG,47.4,Conservative,12.4,4,1403.0
2024,Runnymede Borough Council,Virginia Water,Liberal Democrats,50.8,Conservative,6.9,3,1591.0
2024,Runnymede Borough Council,Woodham and Rowtown,Conservative,45.1,Liberal Democrats,23.8,5,1664.0
2024,Tandridge District Council,Bletchingley & Nutfield,Independent,22.8,Bletchingley & Nutfield Residents,4.4,7,1601.0
2024,Tandridge District Council,"Burstow, Horne & Outwood","Burstow, Horne & Outwood Residents",47.3,Conservative,26.6,5,1420.0
2024,Tandridge District Council,Chaldon,Conservative,65.8,Liberal Democrats,45.5,3,558.0
2024,Tandridge District Council,Dormansland & Felbridge,Conservative,27.5,Dormansland & Felbridge Residents,1.9,6,1643.0
2024,Tandridge District Council,Godstone,Godstone Residents,71.8,Labour,57.7,3,1462.0
2024,Tandridge District Council,Harestone,Liberal Democrats,53.9,Conservative,17.7,3,1267.0
2024,Tandridge District Council,Limpsfield,OLRG,80.4,Conservative,69.4,3,1280.0
2024,Tandridge District Council,Lingfield & Crowhurst,Lingfield & Crowhurst Residents,34.8,Independent,7.3,5,1588.0
2024,Tandridge District Council,Oxted North,OLRG,73.6,Conservative,64.9,5,1964.0
2024,Tandridge District Council,Oxted South,OLRG,68.7,Labour,52.1,3,1571.0
2024,Tandridge District Council,Portley & Queens Park,Liberal Democrats,34.1,Conservative,5.8,4,1694.0
2024,Tandridge District Council,Tatsfield & Titsey,Independent,70.0,Conservative,48.6,3,604.0
2024,Tandridge District Council,Valley,Liberal Democrats,51.5,Caterham Residents,26.7,4,1064.0
2024,Tandridge District Council,"Warlingham East, Chelsham & Farleigh",Independent,41.5,Liberal Democrats,16.8,4,1656.0
2024,Tandridge District Council,Warlingham West,Conservative,49.5,Liberal Democrats,21.9,4,1177.0
2024,Tandridge District Council,Westway,Liberal Democrats,42.9,Conservative,13.7,3,1444.0
2024,Tandridge District Council,Whyteleafe,Whyteleafe Residents,43.2,Liberal Democrats,12.5,5,944.0
2024,Tandridge District Council,Woldingham,Independent,70.8,Conservative,53.0,4,674.0
2024,Woking Borough Council,Byfleet and West Byfleet,Independent,44.7,Conservative,10.4,4,3096.0
2024,Woking Borough Council,Canalside,Liberal Democrats,42.2,Labour,1.0,4,2901.0
2024,Woking Borough Council,Goldsworth Park,Liberal Democrats,68.5,Conservative,52.0,3,2196.0
2024,Woking Borough Council,Heathlands,Liberal Democrats,51.4,Conservative,22.5,6,2886.0
2024,Woking Borough Council,Hoe Valley,Liberal Democrats,71.3,Conservative,55.0,3,2251.0
2024,Woking Borough Council,Horsell,Liberal Democrats,66.7,Conservative,44.9,5,3265.0
2024,Woking Borough Council,Knaphill,Liberal Democrats,46.8,Conservative,6.5,3,3120.0
2024,Woking Borough Council,Mount Hermon,Liberal Democrats,61.5,Conservative,41.4,6,2849.0
2024,Woking Borough Council,Pyrford,Liberal Democrats,51.0,Conservative,12.8,3,3004.0
2024,Woking Borough Council,St John's,Liberal Democrats,66.9,Conservative,49.5,4,2564.0
