source_id,source_name,source_type,arm,geographic_coverage,url,retrieval_method,available_years,archive_availability,paywall_status,known_limitations,verification_status
newsapi_org,NewsAPI.org Everything endpoint,news_api,both,uk-national,https://newsapi.org/v2/everything,api,2026-06-12 onwards on current free tier; deeper history only on paid tiers,full_api_archive,subscription_service,Current key rejects all four election windows (tested 2026-07-14); 2013 window predates the service on any tier; aggregator indexes little Surrey-specific local press (confirmed in supervision meeting),verified
guardian_api,Guardian Open Platform (Content API),news_api,national,uk-national,https://open-platform.theguardian.com/,api,1999-2026 per provider documentation,full_api_archive,none,Single national outlet with a known editorial profile; national arm must note single-source concentration when only Guardian covers a window; working key already used in this repository (src/fetch_guardian.py),reported
surreylive,SurreyLive (getsurrey.co.uk),local_newspaper,local,surrey-county,https://www.getsurrey.co.uk/,site_search,c.2012-2026 via live site plus Wayback; verify per window,wayback_captures,none,Rebranded from Get Surrey c.2018 so older URLs and section structure differ; site search has no date filter so Google date-restricted search and Wayback CDX are the practical routes for historic windows,pending
bbc_surrey,BBC News Surrey,broadcaster,local,surrey-county,https://www.bbc.co.uk/news/england/surrey,google_date_search,2012-2026 expected; verify per window,wayback_captures,none,No public date-filtered search on bbc.co.uk; robots restrictions must be respected; index pages heavily rotated so Wayback capture density determines historic reach,pending
woking_news_mail,Woking News & Mail,local_newspaper,local,borough-district,https://www.wokingnewsandmail.co.uk/,site_search,web presence thin before mid-2010s; print continuously; verify,physical_only,none,Weekly title; early windows (2013 especially) likely reachable only through print/microfilm holdings at Surrey History Centre,pending
farnham_herald,Farnham Herald,local_newspaper,local,borough-district,https://www.farnhamherald.com/,site_search,web coverage depth unverified; print continuously,paid_archive,metered,Covers the Waverley area only so relevant to a subset of sampled divisions; publisher archive access and paywall behaviour to be tested,pending
guildford_dragon,The Guildford Dragon NEWS,hyperlocal_news_site,local,borough-district,https://guildford-dragon.com/,site_search,c.2011-2026; verify capture density for 2013 window,wayback_captures,none,Hyperlocal to Guildford borough; small editorial team so volume is low; strong local-politics focus makes it high-value where it applies,pending
epsom_ewell_times,Epsom & Ewell Times,hyperlocal_news_site,local,borough-district,https://epsomandewelltimes.com/,site_search,c.2022-2026 only,live_site_only,none,Site launched long after the 2013/2017/2021 windows so it can serve the 2026 election only; treat any pre-launch 'coverage' hit as a mis-dated page,pending
surrey_comet,Surrey Comet,local_newspaper,local,borough-district,https://www.surreycomet.co.uk/,site_search,web coverage depth unverified,wayback_captures,metered,Newsquest title centred on Kingston edge of Surrey; overlap with sampled divisions may be small; Newsquest site search supports date sorting but not reliable date filtering,pending
google_dated_search,Google date-restricted discovery via Serper,search_tool,support,uk-national,https://www.google.com/,serper,n/a,n/a,n/a,"Discovery route only - never the source of record. Result counts can change, so the append-only search log records the URLs actually harvested. Google's date restriction can reflect crawl rather than publication date; downstream date resolution never treats it as publication evidence. The frozen run used the Serper adapter after Google CSE proved unavailable to new projects; the protocol changelog records the route substitution.",verified
wayback_machine,Internet Archive Wayback Machine (CDX + captures),web_archive,support,uk-national,https://web.archive.org/,wayback_cdx,2012-2026 subject to per-site capture density,wayback_captures,none,Approved fallback for pages that are dead or altered; capture density for small Surrey weeklies may be sparse in 2012-2013; capture timestamp is not publication date and must never be used as one (eligibility rule E7),pending
british_newspaper_archive,British Newspaper Archive,newspaper_archive,support,uk-national,https://www.britishnewspaperarchive.co.uk/,archive_subscription,recent decades sparse due to rights restrictions; verify title-by-title,paid_archive,hard,Strong for historical titles but post-2000 holdings are limited by copyright agreements; may contribute little for 2012-2026 windows - audit before relying on it; page images not redistributable,pending
surrey_history_centre,Surrey History Centre / Surrey Libraries newspaper back issues,newspaper_archive,support,surrey-county,https://www.surreycc.gov.uk/culture-and-leisure/history-centre/researchers/guides/newspaper-back-issues,physical_archive,print runs of Surrey weeklies to near-present on microfilm,physical_only,none,In-person consultation; slow per-article cost so reserved for targeted gap-filling (principally the 2013 window) after digital routes are exhausted; extraction is manual transcription with citation,pending
