column,block,kept,stage,reason,training_observations,association,duplicate_of
baseline__candidates_predicted,baseline,True,selected,"rank correlation 0.015 with target__party_vote_share, not redundant with a stronger column in its block",3418,0.014738257139269274,
baseline__predicted_party_vote_share,baseline,True,selected,"rank correlation 0.502 with target__party_vote_share, not redundant with a stronger column in its block",459,0.5015135742518947,
coverage__14_to_8_days__not_applicable_indicator,coverage,True,selected,"rank correlation 0.012 with target__party_vote_share, not redundant with a stronger column in its block",610,0.011763797228496239,
coverage__14_to_8_days__stage_m_records_pending,coverage,True,selected,"rank correlation 0.000 with target__party_vote_share, not redundant with a stronger column in its block",610,0.0,
coverage__14_to_8_days__state_rows,coverage,True,selected,"rank correlation 0.222 with target__party_vote_share, not redundant with a stronger column in its block",3418,0.22162073417529884,
baseline__model_id,baseline,False,all_empty,no value on any training row,0,,
baseline__prediction_provenance,baseline,False,all_empty,no value on any training row,0,,
baseline__split_id,baseline,False,all_empty,no value on any training row,0,,
coverage__14_to_8_days__coverage_confidence,coverage,False,constant,"one distinct value, so no contrast to learn from",29,,
coverage__14_to_8_days__coverage_status,coverage,False,all_empty,no value on any training row,0,,
coverage__14_to_8_days__evidence_items_satisfied,coverage,False,constant,"one distinct value, so no contrast to learn from",610,,
coverage__14_to_8_days__evidence_items_total,coverage,False,constant,"one distinct value, so no contrast to learn from",610,,
coverage__14_to_8_days__insufficient_coverage_indicator,coverage,False,constant,"one distinct value, so no contrast to learn from",610,,
coverage__14_to_8_days__news_observed_indicator,coverage,False,constant,"one distinct value, so no contrast to learn from",610,,
coverage__14_to_8_days__pending_stage_indicator,coverage,False,redundant,correlates at or above 0.95 with coverage__14_to_8_days__not_applicable_indicator,0,,coverage__14_to_8_days__not_applicable_indicator
coverage__14_to_8_days__source_unavailable_indicator,coverage,False,duplicate,identical training values to coverage__14_to_8_days__pending_stage_indicator,610,,coverage__14_to_8_days__pending_stage_indicator
coverage__14_to_8_days__unresolved_processing_indicator,coverage,False,duplicate,identical training values to coverage__14_to_8_days__pending_stage_indicator,610,,coverage__14_to_8_days__pending_stage_indicator
coverage__14_to_8_days__zero_news_indicator,coverage,False,constant,"one distinct value, so no contrast to learn from",610,,
coverage__180_to_91_days__coverage_confidence,coverage,False,constant,"one distinct value, so no contrast to learn from",29,,
coverage__180_to_91_days__coverage_status,coverage,False,all_empty,no value on any training row,0,,
coverage__180_to_91_days__evidence_items_satisfied,coverage,False,constant,"one distinct value, so no contrast to learn from",610,,
coverage__180_to_91_days__evidence_items_total,coverage,False,constant,"one distinct value, so no contrast to learn from",610,,
coverage__180_to_91_days__insufficient_coverage_indicator,coverage,False,constant,"one distinct value, so no contrast to learn from",610,,
coverage__180_to_91_days__news_observed_indicator,coverage,False,constant,"one distinct value, so no contrast to learn from",610,,
coverage__180_to_91_days__not_applicable_indicator,coverage,False,duplicate,identical training values to coverage__14_to_8_days__not_applicable_indicator,610,,coverage__14_to_8_days__not_applicable_indicator
coverage__180_to_91_days__pending_stage_indicator,coverage,False,duplicate,identical training values to coverage__14_to_8_days__pending_stage_indicator,610,,coverage__14_to_8_days__pending_stage_indicator
coverage__180_to_91_days__source_unavailable_indicator,coverage,False,duplicate,identical training values to coverage__14_to_8_days__pending_stage_indicator,610,,coverage__14_to_8_days__pending_stage_indicator
coverage__180_to_91_days__stage_m_records_pending,coverage,False,duplicate,identical training values to coverage__14_to_8_days__stage_m_records_pending,610,,coverage__14_to_8_days__stage_m_records_pending
coverage__180_to_91_days__state_rows,coverage,False,duplicate,identical training values to coverage__14_to_8_days__state_rows,3418,,coverage__14_to_8_days__state_rows
coverage__180_to_91_days__unresolved_processing_indicator,coverage,False,duplicate,identical training values to coverage__14_to_8_days__pending_stage_indicator,610,,coverage__14_to_8_days__pending_stage_indicator
coverage__180_to_91_days__zero_news_indicator,coverage,False,constant,"one distinct value, so no contrast to learn from",610,,
coverage__30_to_15_days__coverage_confidence,coverage,False,constant,"one distinct value, so no contrast to learn from",29,,
coverage__30_to_15_days__coverage_status,coverage,False,all_empty,no value on any training row,0,,
coverage__30_to_15_days__evidence_items_satisfied,coverage,False,constant,"one distinct value, so no contrast to learn from",610,,
coverage__30_to_15_days__evidence_items_total,coverage,False,constant,"one distinct value, so no contrast to learn from",610,,
coverage__30_to_15_days__insufficient_coverage_indicator,coverage,False,constant,"one distinct value, so no contrast to learn from",610,,
coverage__30_to_15_days__news_observed_indicator,coverage,False,constant,"one distinct value, so no contrast to learn from",610,,
coverage__30_to_15_days__not_applicable_indicator,coverage,False,duplicate,identical training values to coverage__14_to_8_days__not_applicable_indicator,610,,coverage__14_to_8_days__not_applicable_indicator
coverage__30_to_15_days__pending_stage_indicator,coverage,False,duplicate,identical training values to coverage__14_to_8_days__pending_stage_indicator,610,,coverage__14_to_8_days__pending_stage_indicator
coverage__30_to_15_days__source_unavailable_indicator,coverage,False,duplicate,identical training values to coverage__14_to_8_days__pending_stage_indicator,610,,coverage__14_to_8_days__pending_stage_indicator
coverage__30_to_15_days__stage_m_records_pending,coverage,False,duplicate,identical training values to coverage__14_to_8_days__stage_m_records_pending,610,,coverage__14_to_8_days__stage_m_records_pending
coverage__30_to_15_days__state_rows,coverage,False,duplicate,identical training values to coverage__14_to_8_days__state_rows,3418,,coverage__14_to_8_days__state_rows
coverage__30_to_15_days__unresolved_processing_indicator,coverage,False,duplicate,identical training values to coverage__14_to_8_days__pending_stage_indicator,610,,coverage__14_to_8_days__pending_stage_indicator
coverage__30_to_15_days__zero_news_indicator,coverage,False,constant,"one distinct value, so no contrast to learn from",610,,
coverage__7_to_4_days__coverage_confidence,coverage,False,constant,"one distinct value, so no contrast to learn from",29,,
coverage__7_to_4_days__coverage_status,coverage,False,all_empty,no value on any training row,0,,
coverage__7_to_4_days__evidence_items_satisfied,coverage,False,constant,"one distinct value, so no contrast to learn from",610,,
coverage__7_to_4_days__evidence_items_total,coverage,False,constant,"one distinct value, so no contrast to learn from",610,,
coverage__7_to_4_days__insufficient_coverage_indicator,coverage,False,constant,"one distinct value, so no contrast to learn from",610,,
coverage__7_to_4_days__news_observed_indicator,coverage,False,constant,"one distinct value, so no contrast to learn from",610,,
coverage__7_to_4_days__not_applicable_indicator,coverage,False,duplicate,identical training values to coverage__14_to_8_days__not_applicable_indicator,610,,coverage__14_to_8_days__not_applicable_indicator
coverage__7_to_4_days__pending_stage_indicator,coverage,False,duplicate,identical training values to coverage__14_to_8_days__pending_stage_indicator,610,,coverage__14_to_8_days__pending_stage_indicator
coverage__7_to_4_days__source_unavailable_indicator,coverage,False,duplicate,identical training values to coverage__14_to_8_days__pending_stage_indicator,610,,coverage__14_to_8_days__pending_stage_indicator
coverage__7_to_4_days__stage_m_records_pending,coverage,False,duplicate,identical training values to coverage__14_to_8_days__stage_m_records_pending,610,,coverage__14_to_8_days__stage_m_records_pending
coverage__7_to_4_days__state_rows,coverage,False,duplicate,identical training values to coverage__14_to_8_days__state_rows,3418,,coverage__14_to_8_days__state_rows
coverage__7_to_4_days__unresolved_processing_indicator,coverage,False,duplicate,identical training values to coverage__14_to_8_days__pending_stage_indicator,610,,coverage__14_to_8_days__pending_stage_indicator
coverage__7_to_4_days__zero_news_indicator,coverage,False,constant,"one distinct value, so no contrast to learn from",610,,
coverage__90_to_31_days__coverage_confidence,coverage,False,constant,"one distinct value, so no contrast to learn from",29,,
coverage__90_to_31_days__coverage_status,coverage,False,all_empty,no value on any training row,0,,
coverage__90_to_31_days__evidence_items_satisfied,coverage,False,constant,"one distinct value, so no contrast to learn from",610,,
coverage__90_to_31_days__evidence_items_total,coverage,False,constant,"one distinct value, so no contrast to learn from",610,,
coverage__90_to_31_days__insufficient_coverage_indicator,coverage,False,constant,"one distinct value, so no contrast to learn from",610,,
coverage__90_to_31_days__news_observed_indicator,coverage,False,constant,"one distinct value, so no contrast to learn from",610,,
coverage__90_to_31_days__not_applicable_indicator,coverage,False,duplicate,identical training values to coverage__14_to_8_days__not_applicable_indicator,610,,coverage__14_to_8_days__not_applicable_indicator
coverage__90_to_31_days__pending_stage_indicator,coverage,False,duplicate,identical training values to coverage__14_to_8_days__pending_stage_indicator,610,,coverage__14_to_8_days__pending_stage_indicator
coverage__90_to_31_days__source_unavailable_indicator,coverage,False,duplicate,identical training values to coverage__14_to_8_days__pending_stage_indicator,610,,coverage__14_to_8_days__pending_stage_indicator
coverage__90_to_31_days__stage_m_records_pending,coverage,False,duplicate,identical training values to coverage__14_to_8_days__stage_m_records_pending,610,,coverage__14_to_8_days__stage_m_records_pending
coverage__90_to_31_days__state_rows,coverage,False,duplicate,identical training values to coverage__14_to_8_days__state_rows,3418,,coverage__14_to_8_days__state_rows
coverage__90_to_31_days__unresolved_processing_indicator,coverage,False,duplicate,identical training values to coverage__14_to_8_days__pending_stage_indicator,610,,coverage__14_to_8_days__pending_stage_indicator
coverage__90_to_31_days__zero_news_indicator,coverage,False,constant,"one distinct value, so no contrast to learn from",610,,
coverage__final_72_hours__coverage_confidence,coverage,False,constant,"one distinct value, so no contrast to learn from",29,,
coverage__final_72_hours__coverage_status,coverage,False,all_empty,no value on any training row,0,,
coverage__final_72_hours__evidence_items_satisfied,coverage,False,constant,"one distinct value, so no contrast to learn from",610,,
coverage__final_72_hours__evidence_items_total,coverage,False,constant,"one distinct value, so no contrast to learn from",610,,
coverage__final_72_hours__insufficient_coverage_indicator,coverage,False,constant,"one distinct value, so no contrast to learn from",610,,
coverage__final_72_hours__news_observed_indicator,coverage,False,constant,"one distinct value, so no contrast to learn from",610,,
coverage__final_72_hours__not_applicable_indicator,coverage,False,duplicate,identical training values to coverage__14_to_8_days__not_applicable_indicator,610,,coverage__14_to_8_days__not_applicable_indicator
coverage__final_72_hours__pending_stage_indicator,coverage,False,duplicate,identical training values to coverage__14_to_8_days__pending_stage_indicator,610,,coverage__14_to_8_days__pending_stage_indicator
coverage__final_72_hours__source_unavailable_indicator,coverage,False,duplicate,identical training values to coverage__14_to_8_days__pending_stage_indicator,610,,coverage__14_to_8_days__pending_stage_indicator
coverage__final_72_hours__stage_m_records_pending,coverage,False,duplicate,identical training values to coverage__14_to_8_days__stage_m_records_pending,610,,coverage__14_to_8_days__stage_m_records_pending
coverage__final_72_hours__state_rows,coverage,False,duplicate,identical training values to coverage__14_to_8_days__state_rows,3418,,coverage__14_to_8_days__state_rows
coverage__final_72_hours__unresolved_processing_indicator,coverage,False,duplicate,identical training values to coverage__14_to_8_days__pending_stage_indicator,610,,coverage__14_to_8_days__pending_stage_indicator
coverage__final_72_hours__zero_news_indicator,coverage,False,constant,"one distinct value, so no contrast to learn from",610,,
coverage__information_available_at_14_days__coverage_confidence,coverage,False,constant,"one distinct value, so no contrast to learn from",29,,
coverage__information_available_at_14_days__coverage_status,coverage,False,all_empty,no value on any training row,0,,
coverage__information_available_at_14_days__evidence_items_satisfied,coverage,False,constant,"one distinct value, so no contrast to learn from",610,,
coverage__information_available_at_14_days__evidence_items_total,coverage,False,constant,"one distinct value, so no contrast to learn from",610,,
coverage__information_available_at_14_days__insufficient_coverage_indicator,coverage,False,constant,"one distinct value, so no contrast to learn from",610,,
coverage__information_available_at_14_days__news_observed_indicator,coverage,False,constant,"one distinct value, so no contrast to learn from",610,,
coverage__information_available_at_14_days__not_applicable_indicator,coverage,False,duplicate,identical training values to coverage__14_to_8_days__not_applicable_indicator,610,,coverage__14_to_8_days__not_applicable_indicator
coverage__information_available_at_14_days__pending_stage_indicator,coverage,False,duplicate,identical training values to coverage__14_to_8_days__pending_stage_indicator,610,,coverage__14_to_8_days__pending_stage_indicator
coverage__information_available_at_14_days__source_unavailable_indicator,coverage,False,duplicate,identical training values to coverage__14_to_8_days__pending_stage_indicator,610,,coverage__14_to_8_days__pending_stage_indicator
coverage__information_available_at_14_days__stage_m_records_pending,coverage,False,duplicate,identical training values to coverage__14_to_8_days__stage_m_records_pending,610,,coverage__14_to_8_days__stage_m_records_pending
coverage__information_available_at_14_days__state_rows,coverage,False,duplicate,identical training values to coverage__14_to_8_days__state_rows,3418,,coverage__14_to_8_days__state_rows
coverage__information_available_at_14_days__unresolved_processing_indicator,coverage,False,duplicate,identical training values to coverage__14_to_8_days__pending_stage_indicator,610,,coverage__14_to_8_days__pending_stage_indicator
coverage__information_available_at_14_days__zero_news_indicator,coverage,False,constant,"one distinct value, so no contrast to learn from",610,,
coverage__information_available_at_180_days__coverage_confidence,coverage,False,constant,"one distinct value, so no contrast to learn from",29,,
coverage__information_available_at_180_days__coverage_status,coverage,False,all_empty,no value on any training row,0,,
coverage__information_available_at_180_days__evidence_items_satisfied,coverage,False,constant,"one distinct value, so no contrast to learn from",610,,
coverage__information_available_at_180_days__evidence_items_total,coverage,False,constant,"one distinct value, so no contrast to learn from",610,,
coverage__information_available_at_180_days__insufficient_coverage_indicator,coverage,False,constant,"one distinct value, so no contrast to learn from",610,,
coverage__information_available_at_180_days__news_observed_indicator,coverage,False,constant,"one distinct value, so no contrast to learn from",610,,
coverage__information_available_at_180_days__not_applicable_indicator,coverage,False,duplicate,identical training values to coverage__14_to_8_days__not_applicable_indicator,610,,coverage__14_to_8_days__not_applicable_indicator
coverage__information_available_at_180_days__pending_stage_indicator,coverage,False,duplicate,identical training values to coverage__14_to_8_days__pending_stage_indicator,610,,coverage__14_to_8_days__pending_stage_indicator
coverage__information_available_at_180_days__source_unavailable_indicator,coverage,False,duplicate,identical training values to coverage__14_to_8_days__pending_stage_indicator,610,,coverage__14_to_8_days__pending_stage_indicator
coverage__information_available_at_180_days__stage_m_records_pending,coverage,False,duplicate,identical training values to coverage__14_to_8_days__stage_m_records_pending,610,,coverage__14_to_8_days__stage_m_records_pending
coverage__information_available_at_180_days__state_rows,coverage,False,duplicate,identical training values to coverage__14_to_8_days__state_rows,3418,,coverage__14_to_8_days__state_rows
coverage__information_available_at_180_days__unresolved_processing_indicator,coverage,False,duplicate,identical training values to coverage__14_to_8_days__pending_stage_indicator,610,,coverage__14_to_8_days__pending_stage_indicator
coverage__information_available_at_180_days__zero_news_indicator,coverage,False,constant,"one distinct value, so no contrast to learn from",610,,
coverage__information_available_at_30_days__coverage_confidence,coverage,False,constant,"one distinct value, so no contrast to learn from",29,,
coverage__information_available_at_30_days__coverage_status,coverage,False,all_empty,no value on any training row,0,,
coverage__information_available_at_30_days__evidence_items_satisfied,coverage,False,constant,"one distinct value, so no contrast to learn from",610,,
coverage__information_available_at_30_days__evidence_items_total,coverage,False,constant,"one distinct value, so no contrast to learn from",610,,
coverage__information_available_at_30_days__insufficient_coverage_indicator,coverage,False,constant,"one distinct value, so no contrast to learn from",610,,
coverage__information_available_at_30_days__news_observed_indicator,coverage,False,constant,"one distinct value, so no contrast to learn from",610,,
coverage__information_available_at_30_days__not_applicable_indicator,coverage,False,duplicate,identical training values to coverage__14_to_8_days__not_applicable_indicator,610,,coverage__14_to_8_days__not_applicable_indicator
coverage__information_available_at_30_days__pending_stage_indicator,coverage,False,duplicate,identical training values to coverage__14_to_8_days__pending_stage_indicator,610,,coverage__14_to_8_days__pending_stage_indicator
coverage__information_available_at_30_days__source_unavailable_indicator,coverage,False,duplicate,identical training values to coverage__14_to_8_days__pending_stage_indicator,610,,coverage__14_to_8_days__pending_stage_indicator
coverage__information_available_at_30_days__stage_m_records_pending,coverage,False,duplicate,identical training values to coverage__14_to_8_days__stage_m_records_pending,610,,coverage__14_to_8_days__stage_m_records_pending
coverage__information_available_at_30_days__state_rows,coverage,False,duplicate,identical training values to coverage__14_to_8_days__state_rows,3418,,coverage__14_to_8_days__state_rows
coverage__information_available_at_30_days__unresolved_processing_indicator,coverage,False,duplicate,identical training values to coverage__14_to_8_days__pending_stage_indicator,610,,coverage__14_to_8_days__pending_stage_indicator
coverage__information_available_at_30_days__zero_news_indicator,coverage,False,constant,"one distinct value, so no contrast to learn from",610,,
coverage__information_available_at_3_days__coverage_confidence,coverage,False,constant,"one distinct value, so no contrast to learn from",29,,
coverage__information_available_at_3_days__coverage_status,coverage,False,all_empty,no value on any training row,0,,
coverage__information_available_at_3_days__evidence_items_satisfied,coverage,False,constant,"one distinct value, so no contrast to learn from",610,,
coverage__information_available_at_3_days__evidence_items_total,coverage,False,constant,"one distinct value, so no contrast to learn from",610,,
coverage__information_available_at_3_days__insufficient_coverage_indicator,coverage,False,constant,"one distinct value, so no contrast to learn from",610,,
coverage__information_available_at_3_days__news_observed_indicator,coverage,False,constant,"one distinct value, so no contrast to learn from",610,,
coverage__information_available_at_3_days__not_applicable_indicator,coverage,False,duplicate,identical training values to coverage__14_to_8_days__not_applicable_indicator,610,,coverage__14_to_8_days__not_applicable_indicator
coverage__information_available_at_3_days__pending_stage_indicator,coverage,False,duplicate,identical training values to coverage__14_to_8_days__pending_stage_indicator,610,,coverage__14_to_8_days__pending_stage_indicator
coverage__information_available_at_3_days__source_unavailable_indicator,coverage,False,duplicate,identical training values to coverage__14_to_8_days__pending_stage_indicator,610,,coverage__14_to_8_days__pending_stage_indicator
coverage__information_available_at_3_days__stage_m_records_pending,coverage,False,duplicate,identical training values to coverage__14_to_8_days__stage_m_records_pending,610,,coverage__14_to_8_days__stage_m_records_pending
coverage__information_available_at_3_days__state_rows,coverage,False,duplicate,identical training values to coverage__14_to_8_days__state_rows,3418,,coverage__14_to_8_days__state_rows
coverage__information_available_at_3_days__unresolved_processing_indicator,coverage,False,duplicate,identical training values to coverage__14_to_8_days__pending_stage_indicator,610,,coverage__14_to_8_days__pending_stage_indicator
coverage__information_available_at_3_days__zero_news_indicator,coverage,False,constant,"one distinct value, so no contrast to learn from",610,,
coverage__information_available_at_7_days__coverage_confidence,coverage,False,constant,"one distinct value, so no contrast to learn from",29,,
coverage__information_available_at_7_days__coverage_status,coverage,False,all_empty,no value on any training row,0,,
coverage__information_available_at_7_days__evidence_items_satisfied,coverage,False,constant,"one distinct value, so no contrast to learn from",610,,
coverage__information_available_at_7_days__evidence_items_total,coverage,False,constant,"one distinct value, so no contrast to learn from",610,,
coverage__information_available_at_7_days__insufficient_coverage_indicator,coverage,False,constant,"one distinct value, so no contrast to learn from",610,,
coverage__information_available_at_7_days__news_observed_indicator,coverage,False,constant,"one distinct value, so no contrast to learn from",610,,
coverage__information_available_at_7_days__not_applicable_indicator,coverage,False,duplicate,identical training values to coverage__14_to_8_days__not_applicable_indicator,610,,coverage__14_to_8_days__not_applicable_indicator
coverage__information_available_at_7_days__pending_stage_indicator,coverage,False,duplicate,identical training values to coverage__14_to_8_days__pending_stage_indicator,610,,coverage__14_to_8_days__pending_stage_indicator
coverage__information_available_at_7_days__source_unavailable_indicator,coverage,False,duplicate,identical training values to coverage__14_to_8_days__pending_stage_indicator,610,,coverage__14_to_8_days__pending_stage_indicator
coverage__information_available_at_7_days__stage_m_records_pending,coverage,False,duplicate,identical training values to coverage__14_to_8_days__stage_m_records_pending,610,,coverage__14_to_8_days__stage_m_records_pending
coverage__information_available_at_7_days__state_rows,coverage,False,duplicate,identical training values to coverage__14_to_8_days__state_rows,3418,,coverage__14_to_8_days__state_rows
coverage__information_available_at_7_days__unresolved_processing_indicator,coverage,False,duplicate,identical training values to coverage__14_to_8_days__pending_stage_indicator,610,,coverage__14_to_8_days__pending_stage_indicator
coverage__information_available_at_7_days__zero_news_indicator,coverage,False,constant,"one distinct value, so no contrast to learn from",610,,
coverage__information_available_at_90_days__coverage_confidence,coverage,False,constant,"one distinct value, so no contrast to learn from",29,,
coverage__information_available_at_90_days__coverage_status,coverage,False,all_empty,no value on any training row,0,,
coverage__information_available_at_90_days__evidence_items_satisfied,coverage,False,constant,"one distinct value, so no contrast to learn from",610,,
coverage__information_available_at_90_days__evidence_items_total,coverage,False,constant,"one distinct value, so no contrast to learn from",610,,
coverage__information_available_at_90_days__insufficient_coverage_indicator,coverage,False,constant,"one distinct value, so no contrast to learn from",610,,
coverage__information_available_at_90_days__news_observed_indicator,coverage,False,constant,"one distinct value, so no contrast to learn from",610,,
coverage__information_available_at_90_days__not_applicable_indicator,coverage,False,duplicate,identical training values to coverage__14_to_8_days__not_applicable_indicator,610,,coverage__14_to_8_days__not_applicable_indicator
coverage__information_available_at_90_days__pending_stage_indicator,coverage,False,duplicate,identical training values to coverage__14_to_8_days__pending_stage_indicator,610,,coverage__14_to_8_days__pending_stage_indicator
coverage__information_available_at_90_days__source_unavailable_indicator,coverage,False,duplicate,identical training values to coverage__14_to_8_days__pending_stage_indicator,610,,coverage__14_to_8_days__pending_stage_indicator
coverage__information_available_at_90_days__stage_m_records_pending,coverage,False,duplicate,identical training values to coverage__14_to_8_days__stage_m_records_pending,610,,coverage__14_to_8_days__stage_m_records_pending
coverage__information_available_at_90_days__state_rows,coverage,False,duplicate,identical training values to coverage__14_to_8_days__state_rows,3418,,coverage__14_to_8_days__state_rows
coverage__information_available_at_90_days__unresolved_processing_indicator,coverage,False,duplicate,identical training values to coverage__14_to_8_days__pending_stage_indicator,610,,coverage__14_to_8_days__pending_stage_indicator
coverage__information_available_at_90_days__zero_news_indicator,coverage,False,constant,"one distinct value, so no contrast to learn from",610,,
