candidate_contest_id,election_id,election_date,division_id,division_name,standard_party_name,is_reform_uk,is_ukip,baseline_predicted_vote_share,observed_vote_share,residual,news_election_id,news_window,news__cov_n_articles,news__cov_n_publications,news__cov_n_source_arms,news__cov_n_full_text,news__cov_total_party_mentions,news__cov_total_candidate_mentions
candidate-contest-db5431cff5e33dd4,surrey-county-council-2021,6 May 2021,surrey-county-council-2021:result:292,Guildford East,Conservative,False,False,31.10348488206374,29.0,-2.1034848820637393,SCC-2021-05,90_to_31_days,1,1,1,1,1,2
candidate-contest-ba4c4fda488854a1,surrey-county-council-2021,6 May 2021,surrey-county-council-2021:result:292,Guildford East,Labour and Co-operative,False,False,9.542153456410716,9.0,-0.5421534564107162,SCC-2021-05,90_to_31_days,1,1,1,1,1,2
candidate-contest-906b642d46e81a81,surrey-county-council-2021,6 May 2021,surrey-county-council-2021:result:292,Guildford East,Liberal Democrats,False,False,28.19320451165867,32.0,3.8067954883413293,SCC-2021-05,90_to_31_days,1,1,1,1,1,2
candidate-contest-2504fd9782ce64c0,surrey-county-council-2021,6 May 2021,surrey-county-council-2021:result:292,Guildford East,Residents for Guildford and Villages,False,False,31.161157149866884,31.0,-0.16115714986688445,SCC-2021-05,90_to_31_days,1,1,1,1,1,2
candidate-contest-24ca1586e5e3952b,surrey-county-council-2021,6 May 2021,surrey-county-council-2021:result:294,Guildford South-East,Conservative,False,False,33.166814970537494,31.0,-2.1668149705374944,SCC-2021-05,90_to_31_days,1,1,1,1,1,2
candidate-contest-784cab348758d074,surrey-county-council-2021,6 May 2021,surrey-county-council-2021:result:294,Guildford South-East,Labour,False,False,6.468251365495822,8.0,1.5317486345041784,SCC-2021-05,90_to_31_days,1,1,1,1,1,2
candidate-contest-fa78f8ed464c8594,surrey-county-council-2021,6 May 2021,surrey-county-council-2021:result:294,Guildford South-East,Liberal Democrats,False,False,28.561543900422244,23.0,-5.561543900422244,SCC-2021-05,90_to_31_days,1,1,1,1,1,2
candidate-contest-cf176584628e399c,surrey-county-council-2021,6 May 2021,surrey-county-council-2021:result:294,Guildford South-East,Residents for Guildford and Villages,False,False,31.803389763544445,38.0,6.196610236455555,SCC-2021-05,90_to_31_days,1,1,1,1,1,2
candidate-contest-e6b7ee898e5c9d76,surrey-county-council-2021,6 May 2021,surrey-county-council-2021:result:295,Guildford South-West,Conservative,False,False,24.24362606529304,20.0,-4.243626065293039,SCC-2021-05,90_to_31_days,1,1,1,1,1,2
candidate-contest-a6e0618e411465e2,surrey-county-council-2021,6 May 2021,surrey-county-council-2021:result:295,Guildford South-West,Labour and Co-operative,False,False,9.658079165578345,14.0,4.341920834421655,SCC-2021-05,90_to_31_days,1,1,1,1,1,2
candidate-contest-d69621ef0505329c,surrey-county-council-2021,6 May 2021,surrey-county-council-2021:result:295,Guildford South-West,Liberal Democrats,False,False,34.03788882164501,47.0,12.962111178354988,SCC-2021-05,90_to_31_days,1,1,1,1,1,2
candidate-contest-c544e2c9cf75524b,surrey-county-council-2021,6 May 2021,surrey-county-council-2021:result:295,Guildford South-West,Residents for Guildford and Villages,False,False,32.06040594748361,19.0,-13.06040594748361,SCC-2021-05,90_to_31_days,1,1,1,1,1,2
candidate-contest-58b554532857f9e1,surrey-county-council-2021,6 May 2021,surrey-county-council-2021:result:296,Guildford West,Conservative,False,False,34.82811865575128,27.0,-7.8281186557512825,SCC-2021-05,90_to_31_days,1,1,1,1,1,2
candidate-contest-06c6f1be97452c74,surrey-county-council-2021,6 May 2021,surrey-county-council-2021:result:296,Guildford West,Labour,False,False,10.708556159634405,24.0,13.291443840365595,SCC-2021-05,90_to_31_days,1,1,1,1,1,2
candidate-contest-9e7b35befcac7eb3,surrey-county-council-2021,6 May 2021,surrey-county-council-2021:result:296,Guildford West,Liberal Democrats,False,False,43.95117438425654,43.0,-0.9511743842565394,SCC-2021-05,90_to_31_days,1,1,1,1,1,2
candidate-contest-930056f0acd5c604,surrey-county-council-2021,6 May 2021,surrey-county-council-2021:result:296,Guildford West,"The Peace Party - Non-violence, Justice, Environment",False,False,10.512150800357777,6.0,-4.512150800357777,SCC-2021-05,90_to_31_days,1,1,1,1,1,2
candidate-contest-abd95bfa4e623a29,surrey-county-council-2021,6 May 2021,surrey-county-council-2021:result:316,Shalford,Conservative,False,False,39.870120097482975,56.0,16.129879902517025,SCC-2021-05,90_to_31_days,1,1,1,1,1,2
candidate-contest-78fa86c18e7de381,surrey-county-council-2021,6 May 2021,surrey-county-council-2021:result:316,Shalford,Labour,False,False,6.054587119371648,8.0,1.9454128806283517,SCC-2021-05,90_to_31_days,1,1,1,1,1,2
candidate-contest-b0a58dd331d12f82,surrey-county-council-2021,6 May 2021,surrey-county-council-2021:result:316,Shalford,Liberal Democrats,False,False,17.49154962794015,12.0,-5.491549627940149,SCC-2021-05,90_to_31_days,1,1,1,1,1,2
candidate-contest-346da7e592baf41c,surrey-county-council-2021,6 May 2021,surrey-county-council-2021:result:316,Shalford,Residents for Guildford and Villages,False,False,36.583743155205234,24.0,-12.583743155205234,SCC-2021-05,90_to_31_days,1,1,1,1,1,2
